filename,E_eff,nu_eff
microstructure_07411.npy,3970090373.771504,0.17654220070515045
microstructure_06173.npy,4093465238.954821,0.19098997664920545
microstructure_08893.npy,4140813173.6121616,0.17958816292747193
microstructure_02682.npy,1264032892.07788,0.1926724172832594
microstructure_05982.npy,2906281623.6010275,0.18391443850295858
microstructure_04342.npy,4138198693.0872927,0.1653015387479555
microstructure_05048.npy,3856862428.58386,0.1648350617812499
microstructure_03991.npy,4248178254.858285,0.18742034608112135
microstructure_03552.npy,3519670114.531447,0.18101073524570857
microstructure_03210.npy,2298660082.7519574,0.19885642765698452
microstructure_06926.npy,4039938343.027673,0.18335254949786228
microstructure_06094.npy,1608528297.7603376,0.20315441899820155
microstructure_08654.npy,1316965227.1684508,0.19017177273453356
microstructure_01416.npy,2439713823.8681383,0.19312929496117232
microstructure_00548.npy,1700151263.6021295,0.19740513351328695
microstructure_09564.npy,2660824688.1991773,0.16400019035918953
microstructure_03039.npy,2610549188.124779,0.19272884274126553
microstructure_01671.npy,2296484670.496617,0.19940299433175787
microstructure_08824.npy,3537626338.9061375,0.17513778515752473
microstructure_01529.npy,3557475416.153821,0.18585226259593274
microstructure_05236.npy,4943301126.733863,0.1692696052048253
microstructure_05299.npy,1790495671.973504,0.19235237362580437
microstructure_01347.npy,4173574226.0162563,0.17899527789629618
microstructure_05162.npy,2542725185.527798,0.18589894395268255
microstructure_01207.npy,1534102726.138363,0.19628154476545287
microstructure_04191.npy,3975352842.274306,0.17645443972659342
microstructure_04947.npy,2015764678.4660964,0.19767745140622117
microstructure_04361.npy,3969503905.5553813,0.17673142064815414
microstructure_02835.npy,3131379502.149203,0.1747436362447491
microstructure_00720.npy,4642505253.875174,0.1852629883457967
microstructure_00137.npy,2546502727.494481,0.19193619472675952
microstructure_04631.npy,3580089716.816576,0.1821824770610155
microstructure_07530.npy,1647538273.2315843,0.19761546438063943
microstructure_07044.npy,1189454345.0010793,0.20307035279550456
microstructure_00108.npy,2930885478.6506157,0.18471234028368627
microstructure_09860.npy,1956787828.4858172,0.19134215055953216
microstructure_08822.npy,1288145876.845825,0.19768357123743863
microstructure_01058.npy,4535392402.755178,0.17473753205492384
microstructure_05087.npy,1467355674.9978418,0.2058481024400534
microstructure_01288.npy,1231491921.5448701,0.19531197867497063
microstructure_04283.npy,2582248452.297528,0.15074950836024179
microstructure_00999.npy,4260036879.8880816,0.1865393396465043
microstructure_09877.npy,2191723989.4031696,0.19153899719574183
microstructure_04153.npy,2094138973.9055512,0.20081489455979024
microstructure_06143.npy,3740366768.4058824,0.17778464858727738
microstructure_02763.npy,1385495879.4587827,0.19761230407364555
microstructure_01266.npy,1213061316.51667,0.19483347839695933
microstructure_09780.npy,1288886947.9040847,0.2076760366779548
microstructure_04294.npy,1843846793.012138,0.20177943046074354
microstructure_02336.npy,4286652607.2806487,0.17649497827735747
microstructure_09331.npy,1365247919.9820466,0.1994519960173724
microstructure_04130.npy,2683572486.9055424,0.20167474793488496
microstructure_01344.npy,3759601065.4623036,0.17729549814682655
microstructure_07607.npy,4394323298.274623,0.17720032125248958
microstructure_08127.npy,1813627782.3364458,0.19452861461354426
microstructure_03383.npy,4517770074.57485,0.18548717053114727
microstructure_01757.npy,2455844818.8400245,0.1813690990104045
microstructure_04860.npy,2049128808.5613983,0.18648050081930106
microstructure_01624.npy,4070493911.701467,0.17774484401247212
microstructure_01677.npy,3721502640.8039823,0.18680632372496592
microstructure_01708.npy,2824960585.098129,0.18327216198100474
microstructure_08957.npy,1992885237.531945,0.18511280222958937
microstructure_02885.npy,4824538211.227168,0.17119361216528278
microstructure_07298.npy,1913271583.0733106,0.17878043936835822
microstructure_06058.npy,3799272357.9448886,0.1612676242431569
microstructure_01980.npy,4697698311.970635,0.18629173773311314
microstructure_02869.npy,3551086496.153584,0.17536360057860995
microstructure_02102.npy,1785812616.681722,0.18575836914944724
microstructure_02064.npy,3173921183.302975,0.1857170200621457
microstructure_07179.npy,4060757015.6531286,0.18343534744053763
microstructure_06511.npy,3847276629.9148145,0.18114914383791994
microstructure_09985.npy,1848073548.6649323,0.1825016468330414
microstructure_00592.npy,4411446611.759752,0.17726108791869866
microstructure_06445.npy,2942332711.9120064,0.1880481816318737
microstructure_01887.npy,2839059030.4973087,0.18537523156044247
microstructure_08961.npy,2839595589.528633,0.18379733906862727
microstructure_07657.npy,4015977247.3942137,0.1814917113099615
microstructure_00315.npy,3090729902.736178,0.16790879114797047
microstructure_00120.npy,1458957234.401735,0.19635779968772357
microstructure_03604.npy,2046151359.0377078,0.19589779368884797
microstructure_06807.npy,2686540651.2492547,0.18236272309301535
microstructure_05503.npy,2741649841.0274744,0.19149235790063077
microstructure_03177.npy,4272650988.758941,0.1767533135396163
microstructure_04179.npy,4328234010.600555,0.1821379939193847
microstructure_04181.npy,3744969034.290468,0.17872975884594253
microstructure_05864.npy,1993406100.817577,0.20251230390636124
microstructure_08899.npy,3928105566.048302,0.18153537588544894
microstructure_08879.npy,3086374520.046665,0.1601490708343582
microstructure_00129.npy,2408725591.1999583,0.18814099641603124
microstructure_01199.npy,4189629200.1107006,0.1797049243899655
microstructure_06418.npy,1509299966.8139718,0.19061966883351056
microstructure_03044.npy,1546531419.0320058,0.202739521284694
microstructure_09610.npy,3998455582.788854,0.18755804825971298
microstructure_08724.npy,3922105239.28253,0.18381398051961673
microstructure_02540.npy,4186390413.90903,0.17656897384177914
microstructure_09728.npy,1509831659.9600666,0.20056317008548746
microstructure_00209.npy,1823152478.3146696,0.18972941965882617
microstructure_01214.npy,4181042299.9374757,0.1878465367789322
microstructure_07613.npy,2823584598.7588034,0.18907895628461524
microstructure_04150.npy,1292972685.5616546,0.19007520220976146
microstructure_01889.npy,1471826334.4910169,0.17643466775951816
microstructure_08052.npy,4110915041.4281225,0.18222431088072455
microstructure_03962.npy,1175367997.5827062,0.1985275686636272
microstructure_06872.npy,1308907045.6598573,0.1898052059728266
microstructure_08958.npy,3854161654.1083584,0.18664789860147984
microstructure_06393.npy,1296660579.3413622,0.1966831370516367
microstructure_04737.npy,4265138140.320745,0.1914104864468528
microstructure_01196.npy,2742077304.797098,0.18605546485709062
microstructure_04082.npy,3577116951.9643416,0.17921597376519638
microstructure_09446.npy,1161035204.8462949,0.20043816063084557
microstructure_03463.npy,3182692929.6673756,0.19348791937778545
microstructure_02968.npy,1858545400.9128098,0.19292053565106854
microstructure_07494.npy,2101455398.0464618,0.18392107803760196
microstructure_06556.npy,1987956735.6758757,0.18974520283125876
microstructure_04538.npy,2177737852.8955755,0.19685318368841795
microstructure_09957.npy,3190154555.4931564,0.19853529844932202
microstructure_03476.npy,1419607407.9221785,0.20239748979965888
microstructure_08336.npy,1295956339.4990137,0.20111459315308003
microstructure_08331.npy,3288277253.226788,0.18618205673355204
microstructure_08327.npy,1631144315.7680051,0.18484806598182718
microstructure_08391.npy,1756303712.9791203,0.19785506328245198
microstructure_06722.npy,2607470638.523927,0.1862364857566824
microstructure_07086.npy,2239994051.0122976,0.1972395946591494
microstructure_08214.npy,1532533055.4989018,0.19721620078795304
microstructure_06817.npy,2012201642.1018147,0.1856395580010035
microstructure_07466.npy,3103445238.792268,0.17026882157527065
microstructure_01155.npy,2954109256.522285,0.17715150814403582
microstructure_05645.npy,2450408417.877417,0.18461818402925875
microstructure_05604.npy,3165965266.666622,0.18439278110573643
microstructure_01762.npy,1449970122.893581,0.19624287975579094
microstructure_05511.npy,3639351424.9104733,0.17715209070565122
microstructure_04446.npy,1586891937.4920063,0.20082400242003937
microstructure_06690.npy,3246454515.750602,0.18238690851204456
microstructure_05276.npy,2767698899.0657797,0.17812188772499246
microstructure_04919.npy,3739830834.4993978,0.1922087784802987
microstructure_03996.npy,1672848296.2804525,0.19776919138919272
microstructure_07642.npy,2490654121.911426,0.18849482347388583
microstructure_05712.npy,3771485801.935654,0.17328810232913774
microstructure_01695.npy,1883984916.4636507,0.17904731290575554
microstructure_04479.npy,3865232718.8484125,0.18199729802923598
microstructure_05990.npy,3225126007.416215,0.18866552800075842
microstructure_01237.npy,1724465597.2254412,0.1956629321165108
microstructure_05560.npy,4642080853.319337,0.1844840030939249
microstructure_06836.npy,1419135158.3183274,0.2021957817968205
microstructure_05362.npy,4133744211.5967135,0.17886036329006896
microstructure_05815.npy,2340226223.133835,0.1919729193479238
microstructure_06644.npy,2377215799.633041,0.18251373064187923
microstructure_04750.npy,1774098586.9796197,0.19229746571749676
microstructure_03893.npy,3131596776.6124673,0.18216707796643822
microstructure_00396.npy,3764641241.9175434,0.1825946998286998
microstructure_08631.npy,1169624633.6568794,0.2011132276141645
microstructure_09658.npy,1501931868.5404856,0.19882167873365686
microstructure_00635.npy,1763279946.031565,0.19539034855732915
microstructure_04624.npy,1186705825.6560435,0.20177215946128937
microstructure_02786.npy,2357655041.3584127,0.19094353957677476
microstructure_09320.npy,2913045420.1855073,0.19037547559862167
microstructure_07761.npy,4111477364.866118,0.1791690251960677
microstructure_08750.npy,3736615973.2755756,0.17326296726724166
microstructure_03792.npy,4207159291.5768547,0.19014751528506982
microstructure_02090.npy,1517150010.6230319,0.19440427907114793
microstructure_09638.npy,2457850515.935897,0.17625610469486047
microstructure_07786.npy,2044451048.40806,0.19350416016165944
microstructure_01833.npy,4204746217.074504,0.1876753441295648
microstructure_03042.npy,1581668985.0188553,0.19903346659130372
microstructure_03309.npy,2213831724.344427,0.18006003306416463
microstructure_00922.npy,1551765771.3268576,0.19312121857097903
microstructure_08413.npy,2882160943.2206855,0.1854504263955008
microstructure_01626.npy,3878091566.2248917,0.1790044772192288
microstructure_09792.npy,4400883922.428453,0.19008598159816956
microstructure_09527.npy,1977504584.043074,0.2016403903641154
microstructure_00365.npy,2754029308.1861224,0.1810540234712879
microstructure_03494.npy,2685123065.862735,0.1774016813103025
microstructure_00351.npy,1544053019.4379213,0.193491498674358
microstructure_05199.npy,1315012597.6540768,0.19320298350210927
microstructure_01730.npy,2110450252.04335,0.19261153103201434
microstructure_07650.npy,1897356567.21515,0.17789747751284624
microstructure_06382.npy,1399654316.6969457,0.19864512621540653
microstructure_06804.npy,3970616662.0743666,0.18037393881401856
microstructure_03514.npy,2173173148.0318465,0.19579480705275676
microstructure_05514.npy,4149049881.278174,0.178973548930916
microstructure_06452.npy,2297366368.6905828,0.17988729943739162
microstructure_08157.npy,2071694531.9384425,0.18817976761573438
microstructure_03347.npy,3330987793.827937,0.1853276466260478
microstructure_09776.npy,1407396358.9354563,0.19059971551463734
microstructure_02240.npy,3011103403.844165,0.19141497165113283
microstructure_00870.npy,1808973484.6640344,0.19828052137284616
microstructure_09760.npy,4734752348.698171,0.1823751789939706
microstructure_09935.npy,3296848049.752306,0.18186950465028134
microstructure_02873.npy,1708282452.3582797,0.19054276180094754
microstructure_05955.npy,1968757321.6747935,0.1865709782118999
microstructure_02550.npy,3245412343.5230165,0.17883249338625215
microstructure_02236.npy,1621493446.6029546,0.19724125619804037
microstructure_09586.npy,1634584606.9043577,0.20087096619890368
microstructure_06625.npy,3566190600.38487,0.18705447149683538
microstructure_00987.npy,1868946477.670353,0.2022959646118611
microstructure_08224.npy,1395868269.5401394,0.20150959551557848
microstructure_06170.npy,3276520115.882695,0.17051213331206527
microstructure_00436.npy,3947875489.099475,0.17586212012291344
microstructure_04806.npy,1508167020.4679132,0.1896956330474365
microstructure_07040.npy,3451512318.9861507,0.19096077166516165
microstructure_01267.npy,4031552676.7385035,0.17869506402142338
microstructure_05617.npy,1602584414.9247313,0.18610321696338655
microstructure_03187.npy,1616110308.5773995,0.1957302977027256
microstructure_04709.npy,1482299494.4332933,0.1997640425404023
microstructure_06078.npy,3111979917.89277,0.17896140656676582
microstructure_01393.npy,3525460924.957831,0.17849560458670652
microstructure_02077.npy,1676070849.8569815,0.19735349152728296
microstructure_02306.npy,4697635678.759719,0.1832097917026069
microstructure_04315.npy,3378967004.1420846,0.18078133568905624
microstructure_07962.npy,4703922830.215871,0.18195371759622336
microstructure_07486.npy,2930479314.336855,0.18702356310049026
microstructure_07143.npy,3029742804.208285,0.19179187246225687
microstructure_08067.npy,2953529950.4363055,0.19316954607927628
microstructure_06189.npy,3990374478.1935244,0.1749709649410268
microstructure_00203.npy,1642093834.114061,0.20211434710253873
microstructure_04282.npy,3811811243.2409925,0.17379322879740067
microstructure_07931.npy,1762913423.596689,0.20412692096449317
microstructure_04289.npy,1579497646.2209842,0.18472923871118355
microstructure_08627.npy,4576068630.117358,0.17229950110280742
microstructure_08716.npy,2516227742.5989175,0.19282992999462398
microstructure_06633.npy,4239415699.7584047,0.17975824221962367
microstructure_04592.npy,1411815448.4848208,0.1990053117580942
microstructure_09445.npy,1649907635.8337789,0.19547644021500882
microstructure_07837.npy,1796313824.855614,0.2043876911874851
microstructure_02542.npy,3166063053.355356,0.18799105905057617
microstructure_03301.npy,1345640364.2914913,0.1960680735434412
microstructure_01772.npy,2779476000.3447504,0.17174128417755116
microstructure_07131.npy,3061346858.6097193,0.19309225585224832
microstructure_08925.npy,1792087557.895396,0.2034706204225689
microstructure_06177.npy,4053143094.0886703,0.18072009103685668
microstructure_07751.npy,2968048764.029695,0.162882413679928
microstructure_07517.npy,1240994619.1175833,0.1977380481418547
microstructure_01369.npy,2401695553.1967273,0.18328967704501856
microstructure_04773.npy,1722274942.002452,0.18097689960730895
microstructure_08011.npy,3858703969.8733497,0.18784345960747462
microstructure_00231.npy,4138836582.084302,0.17163466195944357
microstructure_01240.npy,4742924931.451526,0.1819300044217415
microstructure_07279.npy,4324436041.828667,0.17575673790494334
microstructure_02605.npy,1462944719.5635169,0.19737067952895773
microstructure_00886.npy,3923589710.4711604,0.18637129966870983
microstructure_05753.npy,1509813809.4680989,0.200313996833758
microstructure_00587.npy,3789555721.011554,0.17300582523522454
microstructure_03679.npy,2240744665.459912,0.18643253432282783
microstructure_09962.npy,5063954249.108052,0.18623584295408385
microstructure_09209.npy,2886984296.569627,0.18469667365083667
microstructure_04642.npy,1292694566.3007317,0.20380237368242268
microstructure_06038.npy,3526051364.834171,0.18643779498731522
microstructure_06144.npy,2884320311.097888,0.16675226025814227
microstructure_09280.npy,3765716262.509927,0.16475489445727923
microstructure_04174.npy,1562577366.9010975,0.1967236105078383
microstructure_01148.npy,3317201942.753366,0.18258932180440482
microstructure_06533.npy,1706745013.2899039,0.1880670242367471
microstructure_07089.npy,2192814942.223122,0.18673858408243607
microstructure_02337.npy,2796431015.0545263,0.16418077700850545
microstructure_06456.npy,1462589265.485949,0.20418343686364218
microstructure_08225.npy,4319549852.282117,0.17655701525533066
microstructure_02794.npy,2376285380.34845,0.1797538839933445
microstructure_01046.npy,1632869352.1192617,0.19582490951315878
microstructure_00787.npy,4182617477.4444213,0.1808813159719555
microstructure_08102.npy,2054103056.2397156,0.1915001483707611
microstructure_03818.npy,3168397792.2999187,0.18925595939319595
microstructure_03582.npy,1246060377.3454792,0.20283485205294666
microstructure_01688.npy,1425908841.6985738,0.2068507354170638
microstructure_03118.npy,3564392892.8879204,0.17255583663789595
microstructure_03503.npy,2366379308.099254,0.1622550699722487
microstructure_04861.npy,3989248149.020656,0.17308754964758516
microstructure_00653.npy,1659432673.6924314,0.2014296557524902
microstructure_05216.npy,2219905384.839914,0.19227010205776685
microstructure_08760.npy,3605974672.8687935,0.19241564669538425
microstructure_01489.npy,3173960089.6734943,0.18894327730981922
microstructure_08737.npy,4330226019.666743,0.17395297711600483
microstructure_05172.npy,2626687772.575417,0.18513411790615708
microstructure_04725.npy,4146717644.8350306,0.18365060002249747
microstructure_06251.npy,4416227422.011388,0.179706377760677
microstructure_00450.npy,3488755590.8487287,0.1858381043799034
microstructure_03269.npy,4109943512.3118052,0.17799856535655068
microstructure_01705.npy,3551385529.002929,0.1736907732637203
microstructure_02610.npy,1178272021.5035365,0.19833922968203133
microstructure_04522.npy,4489496045.5296335,0.18825787157522503
microstructure_07468.npy,1385438780.833181,0.19586182485967954
microstructure_07402.npy,3494482760.136953,0.18669089856198082
microstructure_04177.npy,4185022612.914595,0.18249762308369097
microstructure_04581.npy,1529155987.5576203,0.19930571306593184
microstructure_09492.npy,3835071135.086138,0.1737494852226432
microstructure_00456.npy,1527990434.2728372,0.195218523826371
microstructure_08730.npy,2561085455.7492914,0.1921385754599081
microstructure_00256.npy,1274880313.2115326,0.20149826810901159
microstructure_02706.npy,3589837043.8406906,0.17907441305115723
microstructure_05393.npy,2871867901.894541,0.17771175414927362
microstructure_08518.npy,5063311165.253144,0.1806220075234741
microstructure_00490.npy,3168816430.538628,0.1708204959734073
microstructure_06468.npy,1997929819.49534,0.1893935877970771
microstructure_08974.npy,1735997761.055036,0.20521518070128048
microstructure_07025.npy,3622465899.462764,0.17794095874600274
microstructure_07172.npy,1450291019.5740514,0.20042970141677185
microstructure_02213.npy,1527459644.216709,0.1999167805332207
microstructure_04574.npy,2116063430.7932768,0.19427711151329893
microstructure_02995.npy,1341039215.538633,0.20320085869690133
microstructure_09456.npy,3342582012.0225964,0.17598687707094
microstructure_03451.npy,2851918761.2204013,0.19281499400335714
microstructure_05338.npy,4181124605.637383,0.16689198646824763
microstructure_06765.npy,1604358691.699871,0.196318198926924
microstructure_08165.npy,2099233477.3670135,0.18443915991795526
microstructure_00647.npy,1419636074.7477975,0.19599083152512128
microstructure_01401.npy,1494449850.8371763,0.1892865415504948
microstructure_09017.npy,4833985506.649584,0.1753026965591185
microstructure_06318.npy,4233737262.2920218,0.16936168343966324
microstructure_06366.npy,3487464859.174205,0.17635192780020073
microstructure_04795.npy,2005305431.4094038,0.17583540788485197
microstructure_00918.npy,1169445031.0454912,0.2035295101710991
microstructure_01438.npy,1411759773.2889109,0.193472014826505
microstructure_01238.npy,3710495093.90468,0.18295503651239858
microstructure_02273.npy,4175978369.240624,0.17544550369471013
microstructure_05886.npy,3068772525.9009995,0.16682236344061824
microstructure_08277.npy,2844768980.10989,0.17602023461108965
microstructure_03433.npy,3261640284.8593817,0.182198381385538
microstructure_00984.npy,5421933498.014381,0.17595490582616743
microstructure_00402.npy,3774566114.0705595,0.18707813058421613
microstructure_07716.npy,1872806282.5257897,0.19584491727501355
microstructure_05713.npy,1421119514.8016996,0.1854029913137655
microstructure_00398.npy,3687965998.690504,0.17143677275469685
microstructure_01853.npy,2488249535.678699,0.18919450682021818
microstructure_04467.npy,1513829523.3883073,0.2023653845246214
microstructure_07524.npy,2652365912.015825,0.1867487204230648
microstructure_01725.npy,1653527980.2248127,0.19212293187364868
microstructure_00840.npy,2361348307.4751554,0.1876741536059478
microstructure_01089.npy,3583912523.697823,0.17723408112841546
microstructure_02845.npy,3816445308.382918,0.1783615707956351
microstructure_05471.npy,3022369140.5951004,0.19342929643565684
microstructure_06896.npy,3833975717.3495493,0.17648338987376286
microstructure_06172.npy,4369291467.923752,0.17587307484156978
microstructure_03007.npy,3897799539.712657,0.18371098913687686
microstructure_00092.npy,3148381376.079131,0.1759967873081531
microstructure_07357.npy,2045428174.0446215,0.19136480548328078
microstructure_09744.npy,4067966615.6747346,0.17124593460902643
microstructure_05391.npy,3902390831.1915383,0.17940501990145077
microstructure_08317.npy,1786198699.7482572,0.1766198771995307
microstructure_01893.npy,2852818966.247109,0.18917432652114907
microstructure_07234.npy,1759026271.7264113,0.19591267131365378
microstructure_05421.npy,4186608065.628083,0.17381728807065602
microstructure_07567.npy,4307344252.420415,0.1768059354106238
microstructure_07891.npy,3651603880.51274,0.17706902985997358
microstructure_00139.npy,1206364548.4415917,0.20203434890350708
microstructure_04292.npy,4093465832.9743214,0.1795047441174315
microstructure_05855.npy,1782600375.442227,0.1985843932163493
microstructure_03788.npy,1399720992.9102128,0.2041863260017277
microstructure_01030.npy,1971463782.6135774,0.19483061203990545
microstructure_03955.npy,3930014235.9741597,0.17657054085879165
microstructure_09182.npy,4281569334.453442,0.17303306799807142
microstructure_03462.npy,1845240900.9438903,0.18272213603181606
microstructure_02392.npy,3402179317.4349885,0.18059021404966072
microstructure_01987.npy,1353338078.8985174,0.1947253140754104
microstructure_07983.npy,3916895997.516273,0.17508326603572164
microstructure_04676.npy,3686833888.097961,0.1690075011729548
microstructure_05689.npy,3915849948.441062,0.15384930234917574
microstructure_07141.npy,1894236280.6000304,0.19869639869853345
microstructure_04786.npy,1834724136.2523265,0.1993488825997701
microstructure_03957.npy,3962976766.7060647,0.16788194062860967
microstructure_00160.npy,3504525731.135717,0.18760899764681274
microstructure_01676.npy,3806914077.7869563,0.18308431796193095
microstructure_08035.npy,2888786681.925468,0.1671658538510637
microstructure_05926.npy,4012367670.2656994,0.170625007455084
microstructure_06272.npy,3931787535.4623384,0.18161867267278808
microstructure_00532.npy,1601671478.9765375,0.19117823176064705
microstructure_04057.npy,4350310327.705888,0.18375315560422567
microstructure_02225.npy,1203274380.2880287,0.19725484799524662
microstructure_09416.npy,3622950397.5102487,0.18145875442463444
microstructure_08462.npy,1302296135.527355,0.19627342340638296
microstructure_05214.npy,1469016922.7271502,0.19543032618403966
microstructure_00432.npy,2404247825.387535,0.19471388900040504
microstructure_00978.npy,2086996946.5801904,0.18565803881444373
microstructure_06858.npy,3675401372.3188887,0.1803438059124556
microstructure_02226.npy,1337821159.872249,0.19919762632972865
microstructure_09693.npy,4304692302.763979,0.18362142951213337
microstructure_00301.npy,3871520474.2526073,0.17329218913839017
microstructure_02937.npy,4396484753.978055,0.1703541898960108
microstructure_01372.npy,4037185699.8445334,0.186868414088175
microstructure_06459.npy,2390988434.25729,0.20425530248223217
microstructure_06747.npy,2380263887.733783,0.1958423574319933
microstructure_05470.npy,2933280657.394094,0.19048104142753322
microstructure_07042.npy,3459527918.345968,0.17472929428621967
microstructure_00517.npy,4405783205.206758,0.18148466662429447
microstructure_06035.npy,3393777540.167238,0.17823594833401726
microstructure_03438.npy,2647036614.9528856,0.1857521945906699
microstructure_00018.npy,2720665008.0577226,0.1825042987988842
microstructure_00307.npy,1693739395.194598,0.18979268305941802
microstructure_07651.npy,2793593159.4320035,0.17775973904054107
microstructure_09622.npy,2190919394.211024,0.17552534497321123
microstructure_08021.npy,1571315799.816871,0.2043384864003365
microstructure_02690.npy,2251360872.9675074,0.18902667018339298
microstructure_06350.npy,3959187649.286738,0.17868398368494023
microstructure_03914.npy,1700389300.9226716,0.19398495261569534
microstructure_03508.npy,2823773889.6027217,0.18990613504675027
microstructure_07267.npy,1488541354.0078921,0.20079852168735357
microstructure_01483.npy,1471746642.032315,0.18570236181641342
microstructure_03171.npy,1617314050.7472982,0.19830316138550988
microstructure_05174.npy,1365451000.7470965,0.1939141513404292
microstructure_04084.npy,3720460986.2275076,0.17880546629899
microstructure_08607.npy,1594220767.700145,0.1965131889945502
microstructure_03512.npy,2279765380.3424315,0.1986736124702217
microstructure_00167.npy,3079602775.203212,0.1824365594622011
microstructure_02238.npy,1810264208.3001888,0.18932185255149434
microstructure_02571.npy,2314803493.3252783,0.18585797496139309
microstructure_03460.npy,1331101414.3854039,0.20076809987620456
microstructure_04183.npy,3339798102.310804,0.17878525151597888
microstructure_09996.npy,4084719907.79217,0.18459782115638035
microstructure_09626.npy,3930243692.540578,0.18490278452532657
microstructure_05382.npy,4104531106.2508054,0.1782425256074135
microstructure_04386.npy,4426953986.714606,0.1831319634362863
microstructure_06663.npy,1530852940.623896,0.1939959702596665
microstructure_07981.npy,3241730455.730389,0.1827696040400098
microstructure_04029.npy,2022953355.6777778,0.18827964884110196
microstructure_00531.npy,3911575894.9010024,0.16584888830542385
microstructure_01132.npy,1281474018.076827,0.1934368398901552
microstructure_05121.npy,1775337503.4436922,0.19876096184566916
microstructure_03222.npy,3496809983.3027253,0.1804920702641267
microstructure_07241.npy,2798012719.3058257,0.18722444696552856
microstructure_08425.npy,1733773140.7051756,0.19266898508891828
microstructure_03626.npy,3961982875.7278395,0.1847864361514156
microstructure_00458.npy,3767972507.5056663,0.18666662211442328
microstructure_07217.npy,1809319428.0907574,0.20839244473550553
microstructure_05775.npy,1450534529.035862,0.19942140199907982
microstructure_09124.npy,1797373524.401608,0.18521459300066506
microstructure_01384.npy,2244997728.633008,0.19316501868748678
microstructure_09963.npy,1206547276.2589035,0.20353810149839183
microstructure_06743.npy,2516765102.9881563,0.18366536511160764
microstructure_00484.npy,3567344080.0667334,0.17109423426598266
microstructure_01795.npy,1748248680.9839468,0.19215005579249747
microstructure_08198.npy,3004255822.6861973,0.1798722262677095
microstructure_02181.npy,3664700964.468212,0.17196510897745623
microstructure_07271.npy,3440187442.879988,0.17994565675515825
microstructure_06427.npy,3086634574.4835424,0.1799729906026746
microstructure_00843.npy,3518340775.398551,0.17676802310946949
microstructure_08301.npy,3257442591.774054,0.17824530003918507
microstructure_05210.npy,3504633016.196186,0.17407340272547522
microstructure_09717.npy,1164442662.5624185,0.20016519103724192
microstructure_03735.npy,1926645324.1537945,0.1855606526605999
microstructure_05656.npy,2145763109.152921,0.18235652714259676
microstructure_02847.npy,1457641044.2625387,0.1979873506561893
microstructure_00486.npy,2970400776.430498,0.1825641300638779
microstructure_05634.npy,1814800377.258416,0.1817012246271651
microstructure_08419.npy,3980229025.3448606,0.18414586944081315
microstructure_09807.npy,3563317806.421285,0.18410012127761546
microstructure_07313.npy,2321604507.4905753,0.1852622734893656
microstructure_08200.npy,3482348095.9411154,0.17965114292983309
microstructure_06715.npy,1572833105.3575687,0.18840580455236766
microstructure_06591.npy,3382983794.773803,0.17214775359300075
microstructure_08835.npy,1228191100.719521,0.20420490277142417
microstructure_04436.npy,2510521092.275941,0.19428761145286577
microstructure_08699.npy,3051187543.6809688,0.17954956074860934
microstructure_05167.npy,4064084787.101334,0.18443148738110862
microstructure_01967.npy,1209372449.304146,0.19703079602346332
microstructure_05266.npy,1450165840.4662788,0.19494434299766242
microstructure_04855.npy,2014552741.2485578,0.19359276534511025
microstructure_03539.npy,1285326433.7917848,0.19801766794231382
microstructure_01100.npy,1529292787.6415906,0.2101271471491126
microstructure_06848.npy,3806985864.3542376,0.17368368307648283
microstructure_08298.npy,2413019837.931693,0.18326395148826521
microstructure_09140.npy,1422290397.4553921,0.19748080556325276
microstructure_02215.npy,3868446890.4235854,0.18480654636573832
microstructure_08796.npy,2664864111.7597547,0.1840360799283799
microstructure_09618.npy,4190769653.1245894,0.17887843578133159
microstructure_03968.npy,3944750165.66759,0.17154191199791946
microstructure_09601.npy,3439546476.3631535,0.18223380528732414
microstructure_03745.npy,1504930128.77668,0.19604451026485178
microstructure_07872.npy,3332150015.426585,0.18546127523162692
microstructure_05281.npy,2128945573.7917483,0.17802090390837072
microstructure_09536.npy,3303239141.494935,0.1777496647891422
microstructure_06611.npy,4676025016.975263,0.18231623951072431
microstructure_04398.npy,1347456484.7465599,0.1986640965674116
microstructure_02817.npy,1831843681.5482144,0.20583800840831698
microstructure_05592.npy,3671015703.03354,0.17648846939987606
microstructure_03325.npy,1978117091.3663142,0.1922557293550728
microstructure_09114.npy,3677275921.8537526,0.18394930274599355
microstructure_06017.npy,2152961834.104034,0.19796575547347647
microstructure_06324.npy,4582261555.028827,0.18106240341501545
microstructure_06843.npy,1372167577.1158779,0.20556367000458384
microstructure_08160.npy,1655588131.759855,0.1935226482684832
microstructure_09537.npy,3906593267.546933,0.18172341108928286
microstructure_00608.npy,1446755207.6610491,0.194841719907769
microstructure_07957.npy,1628531600.9381678,0.2051481753312135
microstructure_09748.npy,3471174898.539942,0.18214418616166653
microstructure_07236.npy,1576597813.1588302,0.19616940119540333
microstructure_03043.npy,2918993135.56638,0.18297889199857084
microstructure_03777.npy,2180186431.1255407,0.1925816197313787
microstructure_05643.npy,2335942002.9639816,0.1862268836057463
microstructure_02815.npy,2520173580.187589,0.18791394107908543
microstructure_06719.npy,4323433745.137844,0.17556019893759855
microstructure_06477.npy,1645798370.529472,0.19703334630684477
microstructure_07051.npy,3815717651.4885263,0.18751943029508042
microstructure_04297.npy,3860788689.861087,0.18693001947770904
microstructure_04372.npy,3275554210.6863074,0.1844172763314258
microstructure_02898.npy,4156584665.2095428,0.1745599285209183
microstructure_09703.npy,3388749497.636498,0.18613746747990179
microstructure_06617.npy,4362498404.90416,0.18187357462315995
microstructure_02108.npy,2717165501.1074276,0.20082888636908314
microstructure_03281.npy,3604937324.8322988,0.1815252890772909
microstructure_08362.npy,4137869081.8436933,0.17897340795885475
microstructure_02768.npy,4184447931.6452456,0.17086591677548568
microstructure_00116.npy,1734372029.1571958,0.17637383007915625
microstructure_08715.npy,3777561887.507871,0.17352882235135897
microstructure_08830.npy,2638783822.330423,0.18905568551200913
microstructure_09845.npy,1401967494.6439385,0.20402545370212502
microstructure_08947.npy,1821680702.035929,0.18611844263377247
microstructure_01020.npy,3550990745.12169,0.1689267835686238
microstructure_01535.npy,2219536318.200501,0.19524252046121557
microstructure_02859.npy,3408561099.7255545,0.18567200800850234
microstructure_03667.npy,2370471804.2721553,0.18230152238315475
microstructure_05584.npy,1815090563.8735652,0.17397715652637552
microstructure_01130.npy,1908259196.383256,0.21277252636261387
microstructure_05965.npy,1560334764.7878585,0.2031158401245718
microstructure_05302.npy,4091194688.193774,0.18107860559970923
microstructure_03536.npy,3586342854.6639886,0.18578878407022228
microstructure_06884.npy,2035332263.4728458,0.18701596778434204
microstructure_02369.npy,1875218635.5443883,0.1976060157509341
microstructure_04042.npy,4237605331.5899663,0.17715813470453967
microstructure_05892.npy,1447656133.847138,0.1916202531062709
microstructure_00520.npy,1905494921.183452,0.18343134296686253
microstructure_00264.npy,4127297757.7835727,0.18438937442265235
microstructure_00399.npy,1614258622.3399422,0.18900551200229343
microstructure_08453.npy,1302081093.3552194,0.20449097478534292
microstructure_06447.npy,1186560179.3547575,0.20223552727510932
microstructure_02773.npy,1328468364.5190792,0.21140587181474674
microstructure_04898.npy,1314844408.230067,0.19094019333209553
microstructure_00212.npy,2414501646.54236,0.1838482470972526
microstructure_02987.npy,1290724261.6651223,0.19596495627362806
microstructure_04569.npy,2315998424.404383,0.19059606659752984
microstructure_07979.npy,1525242489.4082437,0.20196294577305693
microstructure_00776.npy,4280146224.0732493,0.1746905890188245
microstructure_08507.npy,3986731696.1618533,0.18344879087543917
microstructure_08956.npy,3121815295.978682,0.1843572978537898
microstructure_00305.npy,1927150566.436339,0.19126362409445463
microstructure_02453.npy,1309529451.7590685,0.20424431801645548
microstructure_01418.npy,2681079362.1429505,0.1878912930274561
microstructure_05278.npy,3789097479.498357,0.1778171801583264
microstructure_08213.npy,3807182769.779272,0.17798584683112453
microstructure_05636.npy,4598233582.938472,0.17177846639430475
microstructure_06043.npy,1231602836.4607053,0.20143475389787557
microstructure_00332.npy,1879259067.256737,0.19097821895402045
microstructure_06847.npy,3576170055.8719974,0.18734475154843971
microstructure_09614.npy,2231440091.72015,0.19654886275688488
microstructure_07596.npy,2218896788.9163213,0.1788578199314888
microstructure_04175.npy,2402853979.0299425,0.17662125853170743
microstructure_06589.npy,2292181427.077719,0.19666755663997446
microstructure_05856.npy,1652684476.3923001,0.20024307100658978
microstructure_07972.npy,1692069766.7611496,0.19721250493787917
microstructure_07169.npy,3643475790.5214963,0.19083654310209552
microstructure_06650.npy,1748629277.5845134,0.18868830381248008
microstructure_07697.npy,2076985484.851834,0.18794448282791462
microstructure_05498.npy,4247793171.805651,0.17324006233566105
microstructure_03203.npy,4668996957.804164,0.173620209581221
microstructure_03178.npy,3211346252.3599887,0.18753163090054806
microstructure_06380.npy,4511618827.925458,0.17765156600563833
microstructure_07599.npy,1657661234.6394448,0.19635381872748875
microstructure_00925.npy,2529468490.417325,0.1664219939943239
microstructure_00893.npy,2381930137.555361,0.18603249780906556
microstructure_03164.npy,3797979772.8108053,0.1773426388630784
microstructure_00795.npy,1582535885.4395542,0.18509632474055088
microstructure_02380.npy,2866903676.2732463,0.19121249108795968
microstructure_09038.npy,4072834512.1276608,0.18119190528730708
microstructure_09988.npy,4033316397.9206486,0.180524674124273
microstructure_03673.npy,2111762077.3559363,0.18955063928136967
microstructure_08516.npy,1311276704.4786193,0.19807556895909287
microstructure_06292.npy,1782186342.0752788,0.19078879280301966
microstructure_04727.npy,3343880602.666718,0.20569861257464656
microstructure_00501.npy,2370429353.3845334,0.18737182237413363
microstructure_06342.npy,1541608624.1316786,0.19728582892029362
microstructure_04466.npy,3687696904.006455,0.18098870595470287
microstructure_09648.npy,4175445513.0016923,0.17727105992500516
microstructure_05384.npy,1753046547.8392293,0.20664973609070555
microstructure_03308.npy,2833134051.089793,0.1838179210925454
microstructure_05767.npy,3056846289.8711996,0.18318455822045107
microstructure_04551.npy,4280420190.0286756,0.18008231769699087
microstructure_05628.npy,4158673876.351492,0.17188875141349444
microstructure_02106.npy,1828506108.217131,0.18603711463387482
microstructure_08728.npy,3637819547.1833215,0.17919899904268485
microstructure_01629.npy,1997431340.4635625,0.1919681318398969
microstructure_00562.npy,1179182461.740235,0.1998496027203755
microstructure_03437.npy,1780497605.5508883,0.20162917065076422
microstructure_08995.npy,2912820880.2855234,0.18262327282055496
microstructure_00100.npy,4152151711.292238,0.18313465805080828
microstructure_05187.npy,1480568828.0654597,0.20030984428731233
microstructure_09448.npy,1563450942.8933122,0.19491495364824019
microstructure_00529.npy,4386089891.979714,0.18330859353461645
microstructure_07010.npy,4141610033.470881,0.17901650980998712
microstructure_04020.npy,4308929172.3544445,0.18433724218297964
microstructure_04998.npy,3436736067.715492,0.19378079062230422
microstructure_07280.npy,2456672687.8668575,0.1792162132859938
microstructure_01282.npy,2932368513.4339747,0.19021465888293193
microstructure_05781.npy,3707153422.041187,0.1764869418143368
microstructure_01281.npy,2310359538.011709,0.1925803566556319
microstructure_05541.npy,1903085641.8101237,0.19199165225560325
microstructure_08266.npy,2131195447.4373317,0.1898382698081557
microstructure_05142.npy,4123705271.3800254,0.18333146902194075
microstructure_08215.npy,2111816538.4269955,0.20500503150761612
microstructure_03087.npy,3360973323.4065676,0.1931805843104132
microstructure_04768.npy,2132868316.1636226,0.20431268060773386
microstructure_03647.npy,4452454427.80711,0.1774360679543835
microstructure_07682.npy,1342087536.0612764,0.19365954840845936
microstructure_02917.npy,2875831632.1735706,0.17706688946938665
microstructure_07703.npy,1830217836.4924912,0.19079290254123157
microstructure_01783.npy,2125104958.590319,0.18158791525520523
microstructure_02626.npy,2225813211.1363316,0.18114269373193978
microstructure_04384.npy,3112759445.6257834,0.17669402928712138
microstructure_06461.npy,1657428353.5947285,0.1929371841323288
microstructure_03486.npy,3479354804.48024,0.17779209063972665
microstructure_03125.npy,2063260183.2910585,0.19300855024188324
microstructure_03948.npy,2651993269.131141,0.18395493602077828
microstructure_07351.npy,1212671793.4672632,0.2004450036935059
microstructure_07505.npy,4402129772.166721,0.1668688333883867
microstructure_09733.npy,4443298707.935238,0.1762626397488384
microstructure_06648.npy,2616286045.2099643,0.16858760045279605
microstructure_06307.npy,1968116755.8226984,0.18586562182131314
microstructure_08492.npy,1262869556.6676228,0.1966517853124576
microstructure_06548.npy,1562300023.08966,0.18802427891443854
microstructure_07629.npy,2162880423.543617,0.1955129362119071
microstructure_06507.npy,1904373907.5689864,0.2059981758305193
microstructure_06275.npy,3541503940.28117,0.1856504403395833
microstructure_05876.npy,1832085881.0265982,0.19615300572605288
microstructure_00279.npy,3881708604.446691,0.17261501140908417
microstructure_00706.npy,3781325500.913718,0.17742055771101106
microstructure_04545.npy,2186756224.0178256,0.1964174906059135
microstructure_01719.npy,4178484335.524849,0.1750051199686639
microstructure_07384.npy,1231695644.682873,0.20006474407646851
microstructure_09556.npy,2692049727.878776,0.1877006202451777
microstructure_04568.npy,3676306412.7780523,0.1911312213217376
microstructure_09421.npy,1905692873.1754045,0.20031534935645356
microstructure_00376.npy,5045902701.4923315,0.16788612709086387
microstructure_05730.npy,1251299295.9371014,0.19634696410592875
microstructure_05248.npy,2285929806.6666255,0.194419967755345
microstructure_06068.npy,3078934656.2550015,0.17137832112706217
microstructure_07728.npy,3351113010.6493425,0.18029416786301122
microstructure_05880.npy,4084222420.7083774,0.1677890085879191
microstructure_04950.npy,1758701593.5322442,0.19240874146091533
microstructure_07445.npy,1427317489.60119,0.18902610750293386
microstructure_03489.npy,2554472204.6172743,0.18805209069986784
microstructure_08164.npy,1587709395.0464883,0.1954462059990966
microstructure_00437.npy,4539194883.624277,0.1701111409646054
microstructure_05203.npy,3587937939.419565,0.1801798361778624
microstructure_01480.npy,3542834305.375134,0.1847712153647522
microstructure_04373.npy,4160159808.8965564,0.18125208243637345
microstructure_07537.npy,2063912093.902232,0.19385946940899573
microstructure_02960.npy,1646897080.451145,0.19336832964741515
microstructure_04622.npy,4007126974.766243,0.17662797554783793
microstructure_08929.npy,4033791404.422045,0.18115610958020745
microstructure_04837.npy,1905440792.5825558,0.16430194825898137
microstructure_09344.npy,3021613675.643518,0.1776516531108887
microstructure_00860.npy,2663326547.6012683,0.18384612611888174
microstructure_04599.npy,1540359554.9486816,0.20231562609964338
microstructure_09299.npy,2917929963.541029,0.1844900850308763
microstructure_08085.npy,2174048275.904547,0.18058601109792902
microstructure_07030.npy,4003822039.128627,0.18246745431342346
microstructure_09933.npy,1442853714.6933007,0.20237512378525518
microstructure_05085.npy,3165268791.7743573,0.1872852507717372
microstructure_07520.npy,4189039115.59692,0.1823119656363214
microstructure_07765.npy,1793175655.3215156,0.1946559873568343
microstructure_04555.npy,3500054546.0998945,0.17234359570481345
microstructure_04091.npy,3238177791.1319394,0.16953711219253562
microstructure_02441.npy,3494216345.043312,0.16783131981618782
microstructure_09683.npy,4527359927.065599,0.18144420927933516
microstructure_06803.npy,2259676247.630057,0.1798811307350914
microstructure_04779.npy,4324720434.721614,0.1827652506400883
microstructure_08937.npy,3677577423.8994803,0.1877876610475279
microstructure_09187.npy,1258878761.3476684,0.20361044999462105
microstructure_07085.npy,4175960109.222953,0.1884059490832033
microstructure_08289.npy,3606925155.5910997,0.18002293425739202
microstructure_01042.npy,3155787558.65114,0.1775226272157962
microstructure_04144.npy,1483320960.9965556,0.20086049056706734
microstructure_00058.npy,3444698731.232561,0.16777294628978673
microstructure_06426.npy,1655106555.4154158,0.19607754816862155
microstructure_02944.npy,1644193376.1592596,0.19720369082599595
microstructure_00143.npy,1659240170.4776127,0.1995682275727426
microstructure_03757.npy,1492732008.833329,0.21041176050616017
microstructure_09919.npy,1563987888.4084356,0.1974904534918554
microstructure_01212.npy,3670969443.8331347,0.17051840570824967
microstructure_05175.npy,3141786435.187721,0.185316954292638
microstructure_06944.npy,4772662054.400001,0.17661310768559385
microstructure_02452.npy,2308737549.490542,0.19247209899663262
microstructure_03154.npy,1750150634.9487534,0.18755132114655138
microstructure_00522.npy,3984747692.7672777,0.17837183029136833
microstructure_06963.npy,2957795415.646583,0.17794246632159674
microstructure_09162.npy,2570581606.2500434,0.18090749668891917
microstructure_08003.npy,1659777584.9856021,0.17521068032806242
microstructure_09575.npy,2848236179.9705477,0.18992992913589338
microstructure_08691.npy,4925574161.129109,0.1863689081049688
microstructure_04700.npy,4327051744.492666,0.18340255022142987
microstructure_04119.npy,1668042592.1623776,0.19298934604142826
microstructure_07859.npy,3417619583.766179,0.1808030852763513
microstructure_07676.npy,1644810933.254194,0.1949796725579415
microstructure_03731.npy,3473616358.9199324,0.18482490068597895
microstructure_07547.npy,3420420402.2863503,0.17679791994279156
microstructure_03161.npy,2523332777.413439,0.19241892105341254
microstructure_08701.npy,2169389077.340119,0.18947427842283587
microstructure_08786.npy,2071389251.2753952,0.1921858122562587
microstructure_08418.npy,4200028177.793599,0.18456309136476645
microstructure_03354.npy,1200107560.8029037,0.20597767201194594
microstructure_05740.npy,2599017025.637957,0.17926275499082106
microstructure_09143.npy,2952400519.0463905,0.1717248109041495
microstructure_07980.npy,1285230918.5457854,0.18954146745345113
microstructure_03396.npy,2212891355.8683634,0.18653059258724192
microstructure_03615.npy,2495451020.078364,0.19272785205320153
microstructure_08827.npy,4014072284.002402,0.1724400828337951
microstructure_03905.npy,2238251178.972594,0.20045922561088464
microstructure_08791.npy,1393899579.5171955,0.1972702110322682
microstructure_07356.npy,1458101821.259282,0.1922560987424817
microstructure_06555.npy,2852023760.700262,0.18113179787354405
microstructure_06120.npy,3871362037.0673094,0.17732821859990958
microstructure_08069.npy,1920229057.3428571,0.1914876145242967
microstructure_05280.npy,3023570535.227062,0.19535345801527287
microstructure_06171.npy,4395082723.724676,0.1724901695927293
microstructure_04176.npy,3519393302.368234,0.1793721045015727
microstructure_03807.npy,1184293093.5176485,0.19790571648840669
microstructure_08337.npy,3405055499.3400874,0.19155667777310545
microstructure_03935.npy,1372324643.5959647,0.20020855786420688
microstructure_04730.npy,4360057333.753326,0.18323210489763886
microstructure_09905.npy,3475469986.3543363,0.1829509382348969
microstructure_06683.npy,1539774506.5458922,0.18157861205821316
microstructure_09195.npy,1352127749.0982363,0.19283554473463463
microstructure_03181.npy,1924571376.7152915,0.19598686654317973
microstructure_06254.npy,3707510285.2400537,0.17908445551068683
microstructure_04266.npy,2115124585.027469,0.17789117006845834
microstructure_08464.npy,3060340512.7271757,0.18465152314658856
microstructure_01120.npy,3530598620.8242936,0.19278466785111717
microstructure_00161.npy,3654760033.8574886,0.1866296647162218
microstructure_00643.npy,2605235453.343929,0.18816302494791393
microstructure_01293.npy,1675081345.9685621,0.1991525143210822
microstructure_02184.npy,1210555315.0886643,0.19834067626724464
microstructure_02173.npy,1917039074.3766713,0.18838173037315645
microstructure_01753.npy,3080100670.90416,0.1802482912678236
microstructure_03934.npy,2044074059.3399782,0.18833322965173463
microstructure_04310.npy,3438060020.8020296,0.19017575861723635
microstructure_00609.npy,2025029209.03951,0.19056067924574757
microstructure_07538.npy,3754494087.2782445,0.18394523251727393
microstructure_05437.npy,3558710564.5342565,0.18456980295919745
microstructure_04817.npy,1491269902.361388,0.18469269726903642
microstructure_03389.npy,3791604924.9812627,0.16913563744689167
microstructure_07202.npy,3737146901.046733,0.17344919246238483
microstructure_09771.npy,4499361862.950394,0.18650711321227795
microstructure_08661.npy,4139337729.356739,0.1739095482156036
microstructure_08980.npy,1299127024.8519886,0.1994076446212863
microstructure_02981.npy,2451557966.394687,0.18114694145528507
microstructure_07711.npy,1236868926.8272598,0.19990122669282473
microstructure_00206.npy,3292683885.2349687,0.16677520836382181
microstructure_00223.npy,1412804556.573811,0.19347799843665955
microstructure_07111.npy,1976933721.822787,0.1907949725391492
microstructure_07282.npy,1322129938.648549,0.19839634865237213
microstructure_00054.npy,3947495921.123762,0.18429857166820862
microstructure_04937.npy,1281474018.0768273,0.1934368398901552
microstructure_04550.npy,1432986557.2189114,0.19858234252765125
microstructure_03839.npy,3504041464.699586,0.18099590359243073
microstructure_09263.npy,3027213950.8805747,0.17875498956358118
microstructure_00003.npy,2625838124.4131746,0.1795353348051319
microstructure_02580.npy,2420237808.7643933,0.18434253327345929
microstructure_04891.npy,1891846126.1760921,0.19317455923532748
microstructure_00257.npy,3590113997.438276,0.18446416492155454
microstructure_00421.npy,3662754425.1717515,0.1830225326106804
microstructure_07066.npy,4132976491.917207,0.18173657016214292
microstructure_09567.npy,3869405361.5869007,0.17596211940254752
microstructure_07065.npy,4521098120.60322,0.18405152335930777
microstructure_02252.npy,2197138833.84752,0.18050127820384634
microstructure_06354.npy,1183621564.25694,0.1989196530707575
microstructure_02741.npy,2179343805.7412276,0.17423649453730572
microstructure_00566.npy,4337873630.140592,0.17849283334663893
microstructure_04178.npy,2579824103.698119,0.17895470843792538
microstructure_00243.npy,2569570074.295302,0.19108544594320961
microstructure_02500.npy,2257107596.0613923,0.1977011483282295
microstructure_09407.npy,1414201346.661642,0.19831289289623671
microstructure_00440.npy,4115553408.5865254,0.17820900773718765
microstructure_00195.npy,3504691555.4541183,0.1793428261380245
microstructure_00089.npy,1941062080.68059,0.19057535826700112
microstructure_07123.npy,2549127003.771176,0.19605510116409608
microstructure_01459.npy,4035096175.809776,0.18070927744417783
microstructure_02482.npy,1392446332.879079,0.20664217019412598
microstructure_01244.npy,1526508428.265319,0.18470186842815828
microstructure_08584.npy,1802734163.303336,0.20352281030892555
microstructure_03097.npy,1502039861.6295612,0.19855587744179817
microstructure_05745.npy,2206754364.862891,0.17975859526645802
microstructure_04224.npy,1817222288.7241645,0.1927533236314552
microstructure_08595.npy,3405142890.232254,0.16465745909787274
microstructure_02122.npy,1345834787.6831622,0.19072960049228324
microstructure_03021.npy,2406959131.897845,0.1826057113016532
microstructure_00665.npy,2679678558.934786,0.18380210959177812
microstructure_06614.npy,2499063074.182355,0.19255736336806625
microstructure_07659.npy,1338541265.8758638,0.1997097827334573
microstructure_06067.npy,2302983428.1677713,0.19278989967272878
microstructure_01400.npy,2181467807.9990487,0.18634418652721718
microstructure_02466.npy,1665280680.2778642,0.18983233869141616
microstructure_03194.npy,1338685193.8830268,0.20181126267314847
microstructure_01395.npy,3915089423.9861784,0.18074521028548035
microstructure_09170.npy,4587025372.329351,0.18698783631682828
microstructure_03848.npy,3853927736.9932137,0.1706333789793123
microstructure_01913.npy,3762042546.780458,0.17658889911184145
microstructure_06959.npy,2081781755.1013303,0.18329691673684914
microstructure_00759.npy,4098122430.2653227,0.182812496607866
microstructure_05411.npy,1407684820.028186,0.19485699555609606
microstructure_02756.npy,4300990193.3947115,0.1707512710305194
microstructure_08408.npy,3340120361.876452,0.16885457091453024
microstructure_06764.npy,3863563481.8466177,0.18989309680368496
microstructure_09833.npy,2843406430.993145,0.18151459437367734
microstructure_08652.npy,1252345604.6019845,0.19705567681369662
microstructure_09880.npy,1962845924.0555956,0.19539266047619055
microstructure_01035.npy,2172845973.8394575,0.18285313457815178
microstructure_06224.npy,1718936642.0637336,0.19268819839380485
microstructure_07589.npy,4229919453.343907,0.1713182384524353
microstructure_09085.npy,4612143599.376839,0.17995701961476318
microstructure_00755.npy,3316836149.602108,0.17681754501905514
microstructure_01343.npy,1431454707.293226,0.20500275374615448
microstructure_01363.npy,2989214765.9423776,0.1922836942969134
microstructure_02465.npy,2659291129.3499804,0.17483046210223968
microstructure_09435.npy,3852373018.649556,0.17470735013608799
microstructure_09013.npy,1953508274.2095056,0.20395778108232654
microstructure_09067.npy,3615768830.3270106,0.1788875381679207
microstructure_03693.npy,1423071232.7026324,0.19995688217091592
microstructure_05111.npy,4436669034.413212,0.18193288776725575
microstructure_06579.npy,1547911381.3004508,0.1960459844746782
microstructure_07686.npy,2888364737.3072743,0.16808697551861432
microstructure_02144.npy,2146657499.9535863,0.1887761561730065
microstructure_00147.npy,1372777008.199325,0.20415432603919126
microstructure_03411.npy,1474502527.9092348,0.19489394862254397
microstructure_01461.npy,2503390975.793296,0.1770582911309807
microstructure_04712.npy,3743012449.9688334,0.18215068272765314
microstructure_07504.npy,3969013771.6184826,0.17112736420726996
microstructure_09787.npy,3036177648.8920097,0.183893661029507
microstructure_07151.npy,1184522977.9141862,0.19913628430545519
microstructure_03961.npy,3917751049.6262746,0.17348665844620081
microstructure_04451.npy,4869281682.9014225,0.18008801325748514
microstructure_07551.npy,2343996987.9521866,0.17250934296222473
microstructure_01493.npy,3421777640.35147,0.1696409709963816
microstructure_04678.npy,1588269339.0137565,0.1765556375683968
microstructure_07897.npy,2539550705.337681,0.19305034318779937
microstructure_05941.npy,3866038658.4673533,0.17243447561019434
microstructure_04302.npy,4000026663.2935863,0.17628317324407256
microstructure_01603.npy,1899738950.6652274,0.19160539584984443
microstructure_01285.npy,1490983316.6251593,0.19331159262167877
microstructure_07233.npy,3229603762.697122,0.17620668128661512
microstructure_05232.npy,1701487179.1452003,0.18513412002705384
microstructure_03008.npy,1969634336.6989088,0.24127819680803703
microstructure_04875.npy,2229038583.562504,0.1960628526013043
microstructure_07218.npy,1902731095.4690146,0.19763638977459758
microstructure_00892.npy,1890600298.159109,0.2029376241166647
microstructure_00428.npy,3976167648.9581175,0.1859632909449276
microstructure_09569.npy,1255865919.0439641,0.19921334254687123
microstructure_03487.npy,1833664970.5167603,0.18905086518934475
microstructure_01049.npy,4346551941.366519,0.17916416447076822
microstructure_01595.npy,2674053829.019301,0.1841938704302279
microstructure_00703.npy,3782772288.949,0.17488416676831223
microstructure_08184.npy,3805420195.3593774,0.17824575966762174
microstructure_02607.npy,1342396939.346527,0.20102098474154217
microstructure_07397.npy,2905727919.4192567,0.17535519348751918
microstructure_07732.npy,2365572082.912717,0.1923923208171418
microstructure_07888.npy,1408811264.8908088,0.18961078999322728
microstructure_03900.npy,4090752709.4153314,0.1860178858362018
microstructure_02604.npy,1768785386.144116,0.19675778067201943
microstructure_05155.npy,4432559544.126277,0.17646730610086897
microstructure_09657.npy,3878676373.9400654,0.1674323335587873
microstructure_04211.npy,3133169290.000226,0.1929570816480885
microstructure_03207.npy,1287577399.7143645,0.19322657840649884
microstructure_05144.npy,3761742636.6916327,0.18584156057748355
microstructure_00777.npy,2891893700.510957,0.1697517863194007
microstructure_08898.npy,1377890424.3934107,0.20398000836288321
microstructure_03106.npy,3986634619.555018,0.19457120574670675
microstructure_08734.npy,3127321922.8343234,0.18795457518472647
microstructure_08635.npy,2450106777.368049,0.18440599836132668
microstructure_08885.npy,3730188583.334359,0.1856689662990752
microstructure_09424.npy,3630723765.842773,0.19175013695200574
microstructure_00707.npy,4082756821.473662,0.1726232565563705
microstructure_01124.npy,2401912922.856172,0.1876738413841489
microstructure_04319.npy,4121258555.818814,0.16996942448159416
microstructure_03257.npy,1395211498.1394982,0.18663512510054042
microstructure_02361.npy,1709028384.757699,0.1976679369877281
microstructure_04067.npy,2288933719.904764,0.19814049334381606
microstructure_07745.npy,3752036639.778566,0.1908697116433028
microstructure_02460.npy,3196574408.19341,0.1834842428148182
microstructure_02202.npy,1663221291.0323217,0.1995084610162801
microstructure_04626.npy,2685500197.977865,0.18100600640492073
microstructure_03360.npy,2998417456.681844,0.17141939522148658
microstructure_02319.npy,1244013013.888795,0.19910881051314275
microstructure_07299.npy,3215024489.4746904,0.16551035960232277
microstructure_09346.npy,3243598492.605935,0.1847220637511015
microstructure_06887.npy,4346732613.159157,0.17527701313585173
microstructure_00339.npy,4368248936.2060585,0.16514347931692167
microstructure_09221.npy,3796290010.6041474,0.1859696799231392
microstructure_06136.npy,4082827406.752434,0.17463370967876607
microstructure_03506.npy,4541878215.900399,0.1790413282619092
microstructure_00659.npy,3659819015.709633,0.18607531480720324
microstructure_02141.npy,1382505257.1010642,0.19771420965134465
microstructure_09965.npy,3490812467.0222936,0.1815898370541579
microstructure_05334.npy,3991651039.3723006,0.1784988770406106
microstructure_04747.npy,2176093527.6865163,0.2179217671448182
microstructure_06369.npy,4557941245.358269,0.18507645506172002
microstructure_07183.npy,1872856594.1625166,0.18459786462889996
microstructure_08628.npy,1830057105.1175783,0.19937203700420467
microstructure_07584.npy,2102532927.0937603,0.1887687466603073
microstructure_04037.npy,3823224725.3741055,0.17743319124493495
microstructure_00849.npy,4179832933.1643133,0.18698827572527282
microstructure_05374.npy,1219459989.7505665,0.194736023517452
microstructure_09070.npy,1389315258.4145136,0.20241212438596418
microstructure_09377.npy,2305406923.0632806,0.18348590303610215
microstructure_03127.npy,1210945833.2694077,0.20145717711840433
microstructure_08482.npy,3919506866.673965,0.18190712922213387
microstructure_09795.npy,1233398615.6561687,0.19878047175877198
microstructure_09324.npy,3283426061.661545,0.18019544439210267
microstructure_09129.npy,3974390422.4362893,0.18118743553700078
microstructure_00284.npy,1639746877.1319907,0.18760027764306128
microstructure_02241.npy,1640925676.4775221,0.18875183708823642
microstructure_08534.npy,2890733969.7323675,0.1781239997158954
microstructure_01914.npy,1388700489.948364,0.19503450910459155
microstructure_08484.npy,2939979324.5032907,0.1891055159467727
microstructure_00836.npy,1736358407.7952807,0.20169469336533274
microstructure_08857.npy,4057714081.4055686,0.17441911044217243
microstructure_09865.npy,2674495442.4872923,0.18922507958198395
microstructure_05671.npy,1584295744.8389966,0.19265838748026923
microstructure_06918.npy,1754959634.613484,0.19949563930937378
microstructure_09313.npy,1965151281.8667672,0.18813456518907226
microstructure_05526.npy,3915615180.2894664,0.18565223317056792
microstructure_09260.npy,2439893922.3938975,0.18866740336172935
microstructure_07996.npy,2665771029.833725,0.182024201196198
microstructure_02967.npy,1409693165.2333486,0.19781284489682896
microstructure_06390.npy,1672310982.6105013,0.1728550005037983
microstructure_06490.npy,1353204528.5527909,0.2062344906302128
microstructure_06735.npy,4340028995.807591,0.18109269428764418
microstructure_02030.npy,2590948778.4030457,0.19544279607421106
microstructure_02145.npy,3869214299.422769,0.18267177217191108
microstructure_07491.npy,4408112297.380817,0.1802609448569469
microstructure_07544.npy,2639680527.5784397,0.17144203568165012
microstructure_03454.npy,1673431772.6495597,0.19381462163494914
microstructure_07037.npy,3458165087.4252486,0.1883663040160528
microstructure_06881.npy,3061061254.5429096,0.19731531305758718
microstructure_00600.npy,3504091079.239551,0.17898326149724345
microstructure_03316.npy,2229206767.287273,0.18144426189691984
microstructure_03352.npy,4124674849.311973,0.17557418773519115
microstructure_07724.npy,2068123028.8076456,0.19687811756915982
microstructure_03422.npy,1290969332.7711434,0.19330110154557914
microstructure_02767.npy,3106983787.732362,0.18264242845775713
microstructure_05264.npy,1340484964.8764493,0.19990792152485745
microstructure_01588.npy,2618945792.33377,0.19505602395103722
microstructure_09278.npy,4554947043.052487,0.1712624551650915
microstructure_00992.npy,3450231637.4292426,0.18259632781705207
microstructure_07407.npy,2474791312.3725777,0.15894592966822976
microstructure_08222.npy,3731387576.5582833,0.1713530973989455
microstructure_06939.npy,3977836555.3058596,0.18597723752735146
microstructure_02042.npy,4412450202.230614,0.17253284376156694
microstructure_01518.npy,1622742923.6467602,0.1969115002415895
microstructure_00865.npy,1218490405.2967885,0.19896950025430843
microstructure_09333.npy,1560698064.188071,0.19459365687042365
microstructure_05715.npy,3033717990.731886,0.18126473556280687
microstructure_00454.npy,1760649131.924495,0.19765013106009077
microstructure_01587.npy,1325081284.742071,0.19812321885733056
microstructure_01627.npy,3273833197.15224,0.17885777861900115
microstructure_08619.npy,1448834208.629657,0.19519196762827065
microstructure_00588.npy,3263177624.4895554,0.18421705581831077
microstructure_05158.npy,4666658999.994556,0.17520702966951857
microstructure_09289.npy,3979179120.0376377,0.1785040911501959
microstructure_09525.npy,3784828180.0193176,0.1703492047434251
microstructure_06335.npy,1255560544.2076955,0.19443059417144018
microstructure_01628.npy,1792809282.2499974,0.20933651527250025
microstructure_06276.npy,2349640513.0471168,0.18430465694668294
microstructure_01969.npy,1810317286.7070343,0.19411128964901242
microstructure_05925.npy,3662226789.8773866,0.17535769101046597
microstructure_00816.npy,2813321091.236177,0.17474344802221622
microstructure_09813.npy,2053173316.7020357,0.19714795788835437
microstructure_01045.npy,2245923495.893418,0.2008172246736254
microstructure_08982.npy,4412443779.626584,0.1889454003183126
microstructure_06560.npy,1590274007.9179235,0.19650104875470395
microstructure_09368.npy,1308044914.3922353,0.20842313191316933
microstructure_01318.npy,2062478696.753174,0.18932838508408387
microstructure_08678.npy,1550239040.446716,0.19809622826409212
microstructure_00813.npy,2355061801.27825,0.1843607673842088
microstructure_09562.npy,3806922409.4239388,0.170550855847191
microstructure_01331.npy,3216546064.723567,0.20174608403291389
microstructure_01103.npy,1950621739.8827834,0.1944412702009179
microstructure_00764.npy,1405505275.5495677,0.18837120017080372
microstructure_03584.npy,1724825490.6548414,0.17792913159241056
microstructure_07822.npy,4114348223.229219,0.17883100779778432
microstructure_02985.npy,3656762812.825638,0.1891138682417073
microstructure_08651.npy,4124336893.5041595,0.17829358705425855
microstructure_02487.npy,2259446161.9028225,0.186228361282772
microstructure_08541.npy,2698597335.3360057,0.17567098925457847
microstructure_06348.npy,2350955915.0137973,0.1795691230100373
microstructure_00793.npy,4248003149.5021853,0.18485971705548018
microstructure_00004.npy,1248179518.827347,0.20346749167032768
microstructure_07451.npy,2814564224.7166924,0.19210895306903714
microstructure_08797.npy,1441049171.0671446,0.20478389341483064
microstructure_04062.npy,1594066264.8798878,0.20106420226292498
microstructure_07158.npy,1954694996.5643919,0.19517693114538331
microstructure_09541.npy,1175889050.7717392,0.2030924319263315
microstructure_01390.npy,2117611940.0357938,0.1905988766465106
microstructure_01105.npy,3907217383.30671,0.18046612353138514
microstructure_02946.npy,3258299928.787234,0.1785249931236024
microstructure_00163.npy,3462052190.5522246,0.17411284115378786
microstructure_09675.npy,3284216535.689279,0.1732609230880864
microstructure_07876.npy,1957062671.956322,0.20675685535735125
microstructure_02301.npy,1213262186.0461998,0.19902547112859625
microstructure_01061.npy,3737347687.218817,0.17946285384446617
microstructure_04830.npy,1550109711.0597982,0.18929234460900346
microstructure_08504.npy,4388309273.741286,0.18308765367573435
microstructure_08056.npy,1636798358.4369686,0.1941287305372369
microstructure_02015.npy,1686383441.3790374,0.1937650505969909
microstructure_06954.npy,4682461825.144422,0.19277371705871632
microstructure_03373.npy,2205043100.699617,0.15846521563773022
microstructure_03310.npy,1715470869.0987575,0.19885021950981766
microstructure_01311.npy,1341332569.1422338,0.20066019747185262
microstructure_05483.npy,4141764873.5133204,0.1733483480854683
microstructure_05127.npy,3153082597.394196,0.1842202068889636
microstructure_05005.npy,3847437791.3522325,0.1794843550419498
microstructure_03519.npy,1639013079.7594695,0.19993268671726705
microstructure_08387.npy,1383050346.949559,0.18854232285505781
microstructure_07465.npy,4656736026.382469,0.1774587631664583
microstructure_03891.npy,1870412193.572922,0.20746445650478385
microstructure_00542.npy,4440276579.284477,0.18649507028428114
microstructure_04215.npy,2565051837.724422,0.1866219730143467
microstructure_00211.npy,1158842777.3398473,0.20328855385855263
microstructure_01408.npy,2018248845.5830512,0.1991231866730722
microstructure_06812.npy,3564731710.913086,0.18163742634838134
microstructure_04156.npy,2578928603.1699133,0.1781351545203464
microstructure_02864.npy,1993135229.301987,0.1934670627215394
microstructure_09117.npy,1387766015.2902994,0.1971361281064518
microstructure_04552.npy,2096516234.9080393,0.17627337913520308
microstructure_00234.npy,1598353812.9007468,0.190495038295332
microstructure_08718.npy,1224667257.7989051,0.2001540864232145
microstructure_02048.npy,1390947349.00916,0.19084634408217632
microstructure_04968.npy,2602383396.784224,0.19328183720120481
microstructure_03726.npy,4209534265.754696,0.17701580943532477
microstructure_08858.npy,1435759247.5546432,0.1892726466579159
microstructure_06655.npy,1712310024.102158,0.18297007910065188
microstructure_09920.npy,1870053640.658044,0.19474434063310817
microstructure_09753.npy,3994909317.881372,0.1878820513065574
microstructure_01635.npy,4738880273.292138,0.16990950033500876
microstructure_04028.npy,1803812041.1524107,0.20678254307176724
microstructure_04741.npy,1250850704.4454482,0.20235875777706064
microstructure_04620.npy,4306994361.408724,0.17980008514807
microstructure_09051.npy,3292814069.3281703,0.17809313990253808
microstructure_09692.npy,1545517195.5684521,0.1894641325123407
microstructure_07905.npy,1317082174.8607392,0.19949297907981178
microstructure_09895.npy,3876816432.0617256,0.1787232294056168
microstructure_04529.npy,4640851067.843876,0.18657964549694353
microstructure_08508.npy,4012030721.2501464,0.18712950702278694
microstructure_06060.npy,1828492886.4464698,0.1914840423325827
microstructure_09390.npy,1304291822.2468147,0.19503813545549098
microstructure_03006.npy,2356103996.9130535,0.18230178480680378
microstructure_06074.npy,3666179911.860414,0.17104544297558508
microstructure_02440.npy,4906433513.145889,0.1786986639843771
microstructure_03394.npy,3331179837.026467,0.18461866476481603
microstructure_08236.npy,1286319811.646244,0.20448225872892764
microstructure_05269.npy,2099510116.8862576,0.199264208803111
microstructure_08911.npy,4409686584.260558,0.16571844023940965
microstructure_09033.npy,2977443251.589428,0.17933635376819743
microstructure_08341.npy,4038181306.0176644,0.18572683592326136
microstructure_03902.npy,2807256238.0839086,0.1968924337100634
microstructure_02982.npy,3539136394.1018972,0.1662386320580105
microstructure_07325.npy,2124860998.7977111,0.1851397034872244
microstructure_09726.npy,2555592165.2246923,0.1952437898479346
microstructure_01173.npy,2012701409.7286596,0.1953959953606409
microstructure_00457.npy,1529216137.14266,0.19070916757909973
microstructure_07005.npy,1244881979.316972,0.1972998056881925
microstructure_07553.npy,4271227382.40591,0.18689104799138795
microstructure_03518.npy,2130480360.752953,0.18675352230785397
microstructure_03834.npy,3189067122.4624157,0.17470354445543892
microstructure_00929.npy,2466653648.405771,0.1773379533024607
microstructure_00602.npy,2644270972.2667594,0.18344466478235613
microstructure_08004.npy,3380202255.5336456,0.17873935533588803
microstructure_04765.npy,1762285864.683732,0.19568660886409078
microstructure_09152.npy,3363453609.405053,0.17905917058107268
microstructure_00570.npy,1875471128.0765057,0.1938495388493808
microstructure_09174.npy,1521641159.4931848,0.1928072794701763
microstructure_08212.npy,2623943201.0299077,0.19630224191660142
microstructure_09872.npy,1740560119.9920099,0.18948402041629384
microstructure_09532.npy,2362946871.42841,0.17492206684427417
microstructure_07345.npy,3991175968.593969,0.17421226593136954
microstructure_03577.npy,2440814284.732955,0.17944727748095105
microstructure_06118.npy,2262760116.315512,0.1792740896166254
microstructure_05139.npy,2565479206.8743906,0.17674830112088794
microstructure_04628.npy,1790877326.7607312,0.19067866867880068
microstructure_01655.npy,1502964838.4301722,0.18273797024066177
microstructure_09488.npy,2146640317.162493,0.18777650598786289
microstructure_00901.npy,1217644913.326067,0.20107429478185787
microstructure_00629.npy,1307498526.9359646,0.20563565558858
microstructure_07809.npy,2053192708.237313,0.1891686720104727
microstructure_02232.npy,1517569462.5673785,0.19739235071886307
microstructure_05844.npy,1518363921.2805538,0.2003339636867971
microstructure_04636.npy,2093322847.1341124,0.1911466299255849
microstructure_08305.npy,3300299275.106882,0.17793632971681625
microstructure_02729.npy,1393733535.1877518,0.2037778347722074
microstructure_08352.npy,2153598831.7631044,0.184436025058757
microstructure_05472.npy,2009783618.4705017,0.19525424672847694
microstructure_01397.npy,2520564728.9612656,0.21906852217560804
microstructure_06838.npy,1545169472.1101046,0.18888043527330167
microstructure_04430.npy,1505726553.0433545,0.19284130515049364
microstructure_06216.npy,1356492753.6616354,0.2027413347001459
microstructure_02537.npy,3578576135.5931325,0.17443685741702825
microstructure_01139.npy,3134000607.40772,0.1747089833588222
microstructure_06869.npy,3460809316.9258976,0.17874439242286072
microstructure_06316.npy,4340914716.762892,0.1793066733226393
microstructure_00801.npy,1495437990.0928934,0.17780979849829556
microstructure_00687.npy,2347414859.3503623,0.17441852587519288
microstructure_01720.npy,1203502960.0202358,0.19666492418889095
microstructure_04079.npy,3882000022.8004103,0.17964298693230962
microstructure_02926.npy,1955148540.759006,0.19050354429433297
microstructure_07003.npy,2134258504.9333425,0.19755924079315199
microstructure_08914.npy,1966936078.3673713,0.16020213881605525
microstructure_08458.npy,3901585286.594368,0.17680520533875768
microstructure_09989.npy,3649646753.562283,0.1884527100607594
microstructure_05978.npy,3322209365.0354705,0.17953162185206945
microstructure_06022.npy,3725667274.3515506,0.1830535784287374
microstructure_02567.npy,3305051211.69429,0.1761130277867179
microstructure_03740.npy,1586912458.7873688,0.19453114514687525
microstructure_02980.npy,1566465560.4961889,0.2066497951612822
microstructure_02434.npy,1639354258.5209746,0.19334980986968142
microstructure_05050.npy,1824371280.0832493,0.1831545382386254
microstructure_02135.npy,1221493462.1445065,0.20298825060234363
microstructure_04995.npy,4197089812.2752786,0.17722218090628544
microstructure_09645.npy,2812395822.3320737,0.19598693844623996
microstructure_04381.npy,1730590087.866029,0.2068930232469618
microstructure_00976.npy,3940977198.872607,0.18053103198312284
microstructure_00383.npy,1960251912.0836656,0.1890789448902049
microstructure_06603.npy,1675333869.1144764,0.20874851448470108
microstructure_07999.npy,4058917335.912395,0.1754247964018104
microstructure_04565.npy,3630847439.063489,0.1796713700173107
microstructure_06111.npy,3758448458.156124,0.16988551366121019
microstructure_03148.npy,2163213152.7986097,0.19201792782547636
microstructure_03585.npy,3869899533.6257396,0.1767557519413257
microstructure_04405.npy,4076218737.8025637,0.18118930127471847
microstructure_08800.npy,4176559666.3213024,0.1722966786647314
microstructure_01038.npy,1259678116.5134656,0.196912731054053
microstructure_07410.npy,4452425120.564909,0.17852179257809725
microstructure_06907.npy,2808293039.236989,0.1876187762390175
microstructure_00452.npy,1501188665.4824781,0.19427838282038673
microstructure_02161.npy,1315158353.1183753,0.19764852016826168
microstructure_00543.npy,1673096560.5285347,0.21139499830485303
microstructure_00973.npy,2969167693.8415956,0.18505247224336496
microstructure_04045.npy,4304584176.308744,0.18010314213478806
microstructure_01014.npy,1699696732.7080386,0.19679844327800908
microstructure_00313.npy,2902592921.8006434,0.17541978136176511
microstructure_05197.npy,1567314777.7703621,0.20759087312553492
microstructure_01875.npy,3137254962.913004,0.19250550582825676
microstructure_08006.npy,3355974420.459373,0.17411960639358748
microstructure_00127.npy,1209062917.7704906,0.1961038897558268
microstructure_04355.npy,4447280216.2073555,0.17644578035187566
microstructure_00188.npy,3444987452.4418364,0.1848419190656096
microstructure_09887.npy,2898682029.1705194,0.1737345185136769
microstructure_01520.npy,4166730170.010843,0.17308195679041574
microstructure_04205.npy,3480911147.3304906,0.1751635092624385
microstructure_06228.npy,3316265935.02764,0.19240297608348478
microstructure_04731.npy,1516269209.6472838,0.181917422730867
microstructure_04879.npy,2071529117.2950375,0.19074996585280032
microstructure_07779.npy,4183762340.3031726,0.18022616381341522
microstructure_06744.npy,3637112177.510146,0.18178207982508565
microstructure_00331.npy,3450260192.06007,0.18368454017077693
microstructure_06165.npy,2104420607.546303,0.20269859628102022
microstructure_07007.npy,1416761475.4989824,0.20031955343199132
microstructure_08513.npy,3948036409.6680055,0.19149862634444095
microstructure_03929.npy,1986066782.6181984,0.18962578439593006
microstructure_06021.npy,3258730059.5436134,0.1826096530913223
microstructure_09010.npy,1672731486.4779441,0.196939972984018
microstructure_08660.npy,3403096863.808455,0.18965820841423733
microstructure_05417.npy,3025842627.1060457,0.1923893980849516
microstructure_04614.npy,2038175824.9882112,0.18894475794932578
microstructure_00183.npy,3874419399.7516656,0.18194685394604349
microstructure_01492.npy,3607731090.112085,0.192493774150245
microstructure_09309.npy,2459780051.006148,0.18201762428031798
microstructure_09437.npy,3398548069.3327627,0.18108829597765072
microstructure_02752.npy,1769157912.7197328,0.19104066311120357
microstructure_02686.npy,3656300882.25894,0.17825394448959048
microstructure_09637.npy,2491578546.0663342,0.18789200902404488
microstructure_01594.npy,3643122920.6154313,0.18537377542353237
microstructure_03491.npy,3728024388.375447,0.17543354190538166
microstructure_04286.npy,1243593149.3228805,0.20120638579722122
microstructure_09628.npy,1550380697.9866226,0.18641444495765974
microstructure_07132.npy,3022182649.258479,0.17643408975871108
microstructure_01497.npy,3587347855.0358963,0.18132935095477778
microstructure_07446.npy,3803769837.8607035,0.18437414092737797
microstructure_04949.npy,1724427533.0469096,0.192859448320798
microstructure_03623.npy,3929680549.8705473,0.18103529990192813
microstructure_08063.npy,1566338635.2481012,0.19651539605293322
microstructure_02655.npy,1690189967.161873,0.19240070183280164
microstructure_07330.npy,2784568640.998931,0.17145069207607821
microstructure_08763.npy,4055188958.6180906,0.17752523426170838
microstructure_05012.npy,3791042473.9833956,0.17793195506924842
microstructure_03770.npy,2153937699.0521946,0.18971911116973797
microstructure_04453.npy,4540575646.028431,0.1809369840926641
microstructure_02287.npy,1474852346.3631506,0.20036247103769897
microstructure_07269.npy,1524338077.1594882,0.1924652885656811
microstructure_02159.npy,3934613404.1436296,0.17857832177080268
microstructure_08703.npy,3082095051.915483,0.1878064254620925
microstructure_05151.npy,1483387276.603549,0.1948938041401366
microstructure_02592.npy,2426907074.5584483,0.188694078052508
microstructure_06508.npy,4436135469.498253,0.18692709436881802
microstructure_01329.npy,3559109061.316496,0.17553342334626143
microstructure_00106.npy,1253906498.9859324,0.20048671398228854
microstructure_06921.npy,2515113808.821826,0.19051436080292458
microstructure_00939.npy,3745550408.2649517,0.18191252212203832
microstructure_07050.npy,1465039596.1593516,0.18268004281186
microstructure_04865.npy,2261847899.2252035,0.18243282471807917
microstructure_07112.npy,2581083575.3699803,0.1832627247112782
microstructure_05230.npy,1708575660.513618,0.18498452149242262
microstructure_06566.npy,4458207270.028951,0.17888781668257434
microstructure_08452.npy,3255348692.173317,0.17717878781101895
microstructure_01305.npy,3316227982.219782,0.1757214636256994
microstructure_03728.npy,2657976080.265868,0.18859155916776857
microstructure_01296.npy,4139832564.9556813,0.18053995815975532
microstructure_03089.npy,2614193672.797266,0.18167741611998292
microstructure_04142.npy,3735354753.5326924,0.16955337674656282
microstructure_07819.npy,1806187936.697849,0.1896593111980775
microstructure_06061.npy,3052386441.5549417,0.1830079240470942
microstructure_06152.npy,1858557143.2055976,0.1998926174448127
microstructure_01847.npy,1885602389.127556,0.17959433483217696
microstructure_00974.npy,3924219128.269964,0.18082295336984236
microstructure_01555.npy,1827707726.1948485,0.18037423706977207
microstructure_01164.npy,1994337360.6925876,0.20205650237512912
microstructure_08688.npy,3760154756.378767,0.1783252693694212
microstructure_09261.npy,2586685094.674218,0.16905899809457034
microstructure_09665.npy,2770434594.5581775,0.18713538276390065
microstructure_02521.npy,3961284603.0574546,0.18276434692730378
microstructure_01598.npy,2983321104.510125,0.18567064925125618
microstructure_07253.npy,1777231731.289174,0.2046773055865515
microstructure_08132.npy,1441017912.2711573,0.19899189901758735
microstructure_06769.npy,1692659787.1845345,0.1944195121454814
microstructure_08882.npy,1581276455.6392834,0.19134721908979077
microstructure_01890.npy,1372003433.739161,0.18673319294572296
microstructure_07515.npy,1721648179.646504,0.16902650604884045
microstructure_07275.npy,1250786305.2634923,0.2021728272824739
microstructure_05590.npy,4066426945.476844,0.1769236021791206
microstructure_06955.npy,2849049862.9388094,0.17874132601056794
microstructure_08770.npy,1717598571.2311585,0.20119307519872884
microstructure_04112.npy,1425694890.1546106,0.2086847802320104
microstructure_02378.npy,3741576009.57265,0.18592053554105928
microstructure_00967.npy,3974825283.459651,0.17631063388927593
microstructure_01278.npy,4763071688.948332,0.18468628641210322
microstructure_00739.npy,3592810598.6495075,0.18068522830860567
microstructure_00148.npy,3726492041.900754,0.18483467335268927
microstructure_05378.npy,3904868578.44339,0.18711373717235255
microstructure_01807.npy,1932257573.038544,0.1735633233246836
microstructure_02526.npy,2946219711.235648,0.18162690793307049
microstructure_06125.npy,4360960485.300446,0.1773177304208719
microstructure_07102.npy,2750000819.8837533,0.17622736996368668
microstructure_04322.npy,2249393969.0389977,0.18851102428531696
microstructure_04170.npy,1580795973.373232,0.18150063919823545
microstructure_03344.npy,1427195746.3599255,0.1930812756067327
microstructure_05692.npy,3015196332.4040837,0.18070835707043575
microstructure_07246.npy,2949924827.235186,0.17909392487177944
microstructure_08441.npy,1654258472.2387905,0.19371667703382514
microstructure_03836.npy,3945494922.4808846,0.17182573163479525
microstructure_04755.npy,3370896469.7134647,0.18160290101126128
microstructure_05454.npy,3013817987.03247,0.18341912530602023
microstructure_05354.npy,1326893090.245309,0.2051615299960787
microstructure_00580.npy,3537244571.875704,0.1703258516321899
microstructure_04639.npy,4260902102.8977084,0.18846923531832657
microstructure_05852.npy,1841054507.4482145,0.196890208637662
microstructure_04825.npy,3437494252.947804,0.18108594076189888
microstructure_03931.npy,3750436576.7880735,0.18385023106928142
microstructure_06839.npy,1543448814.7921429,0.18258500204927108
microstructure_01983.npy,1283474377.5103433,0.2002478093944786
microstructure_09595.npy,3234490321.4776793,0.2081885171208046
microstructure_05041.npy,1607934471.53533,0.19455961441873462
microstructure_09176.npy,2204358131.139807,0.17824213609678818
microstructure_07342.npy,4047228004.0789723,0.17757232500440115
microstructure_01840.npy,2936712805.795153,0.1859251886860321
microstructure_02969.npy,1973180249.3989916,0.1693114266648731
microstructure_00675.npy,1779954824.1906934,0.18935014089169658
microstructure_01325.npy,1599491756.5198343,0.19376692101364043
microstructure_01006.npy,4456648014.186849,0.1883540344582468
microstructure_03199.npy,1570620994.4606724,0.19861662545703565
microstructure_09574.npy,2674906293.7327113,0.19477285113353612
microstructure_04930.npy,3668598593.0636997,0.18085032096228879
microstructure_01167.npy,1216681868.9382663,0.19475254933729758
microstructure_04866.npy,2393666623.3454795,0.1980348560469334
microstructure_09472.npy,2426918523.6514435,0.19604334947346894
microstructure_07121.npy,3457889022.03604,0.18129651240628739
microstructure_04484.npy,1850810165.861522,0.20895183176440407
microstructure_09022.npy,3025423267.0839186,0.18529133738935655
microstructure_09559.npy,3722160644.549715,0.18385801035226448
microstructure_05079.npy,1231481578.443871,0.20208459120876215
microstructure_08363.npy,1610020055.7847571,0.20083814707675127
microstructure_06300.npy,3426831510.8680277,0.17908645656598016
microstructure_09655.npy,1951086949.347736,0.19108840688858136
microstructure_05260.npy,3805283725.4541383,0.1660105993843184
microstructure_08696.npy,3709680008.245053,0.18290664138367882
microstructure_08707.npy,1188437466.3775625,0.19996365812552389
microstructure_07344.npy,2129245807.6213932,0.19100677704447422
microstructure_04997.npy,1711424145.4383435,0.18996040750395812
microstructure_05364.npy,1268714867.1781974,0.1980277976765163
microstructure_07723.npy,3398399553.97358,0.164016218788864
microstructure_04208.npy,4498151973.782926,0.17526240973406357
microstructure_07220.npy,3832620545.8816867,0.17495738752200096
microstructure_08623.npy,2691386283.8195953,0.18117833713110448
microstructure_00002.npy,1158810563.722194,0.20053413816526944
microstructure_07360.npy,1798149026.0511415,0.1886507042877204
microstructure_08082.npy,2779142093.6842647,0.18022181009224092
microstructure_00879.npy,1688186124.9988399,0.19133586923308543
microstructure_04247.npy,1880733122.5106742,0.19842845430075606
microstructure_06410.npy,2112094740.5384293,0.17910299479805517
microstructure_08758.npy,3839690719.4012904,0.1835622616473227
microstructure_06861.npy,3892065012.6227527,0.17575188296019234
microstructure_06212.npy,2519807913.588681,0.19034194507980792
microstructure_09269.npy,1894333418.232892,0.19366342365056166
microstructure_01503.npy,3670373770.853271,0.1808930513810758
microstructure_05900.npy,1405682973.1905534,0.20147492013350618
microstructure_00249.npy,1270155368.5188677,0.1981665758711011
microstructure_08993.npy,1702038891.8014534,0.17547154141123142
microstructure_00688.npy,1946094212.7124152,0.19679595602682887
microstructure_02371.npy,2373572741.4562316,0.1808671325144589
microstructure_06687.npy,2503632932.2031484,0.19076461587345106
microstructure_08281.npy,3700222361.201878,0.18071996435424667
microstructure_08531.npy,1263691872.8631327,0.2032560765273944
microstructure_01712.npy,1670694592.3995981,0.19580561751659242
microstructure_05102.npy,2635433671.7756476,0.1860639002327777
microstructure_00638.npy,2954497861.4325423,0.1805369371353397
microstructure_07812.npy,1868369487.2997308,0.20514339540759347
microstructure_05738.npy,1309657599.010741,0.200933005798521
microstructure_00111.npy,1738753728.5969653,0.19062644942602097
microstructure_02854.npy,4241762534.44838,0.17709987813919872
microstructure_01715.npy,3479263421.2651453,0.17386731295792499
microstructure_05224.npy,3128268633.3345456,0.17433960611402702
microstructure_07187.npy,3673706572.1313353,0.1700336214735886
microstructure_06340.npy,2267950776.0962114,0.18974076918625682
microstructure_04719.npy,2574843362.167543,0.16808343779339208
microstructure_03943.npy,1607125717.2113829,0.18411112491211468
microstructure_04496.npy,1310961705.4806643,0.18664883326942486
microstructure_07249.npy,1438395576.4110346,0.19286549700218703
microstructure_06980.npy,1619184362.4035833,0.1973780924427581
microstructure_09046.npy,4219414223.184919,0.17867488185114302
microstructure_02615.npy,4054264416.9383245,0.1707528828401542
microstructure_02669.npy,2926818312.9126077,0.18552559900206103
microstructure_07969.npy,2591919339.3023553,0.1919512222948675
microstructure_09151.npy,1809628284.0147471,0.191547918285698
microstructure_01226.npy,4402410102.2000265,0.17776796492424557
microstructure_00066.npy,1472767867.1160047,0.20202298581394945
microstructure_09535.npy,1632447287.7698061,0.2090317045498864
microstructure_01804.npy,3707186199.392596,0.18086534045703373
microstructure_08255.npy,2438482803.2071905,0.18685425797036845
microstructure_06585.npy,2353094246.353091,0.15837763019455378
microstructure_07849.npy,4183304555.7468915,0.1802109120135925
microstructure_01342.npy,1670082607.3565276,0.19786209915734965
microstructure_06501.npy,1541113748.7810187,0.20264317540259447
microstructure_09403.npy,1774058199.7494104,0.20402272241139688
microstructure_06046.npy,1530300618.2935987,0.19598762344629395
microstructure_00460.npy,3005695838.196623,0.1829233982890279
microstructure_01581.npy,2152176154.8763075,0.19586235887726122
microstructure_01255.npy,3043230943.0926156,0.18710066313242243
microstructure_03915.npy,4251722022.5361915,0.1852468185821657
microstructure_03464.npy,3944575817.431407,0.18701166988094006
microstructure_09576.npy,2797068134.726645,0.19214718085359037
microstructure_06604.npy,3524900266.405257,0.1626804432641114
microstructure_01933.npy,1848134493.1294608,0.15960674623187382
microstructure_03020.npy,3806794150.093656,0.18293160263035074
microstructure_05905.npy,4091637398.320934,0.18264420033598325
microstructure_09168.npy,3851611619.058535,0.1755109456206947
microstructure_07937.npy,2632910755.035949,0.19953242897811635
microstructure_04162.npy,1936933017.8370383,0.18864232488924376
microstructure_07801.npy,2636501482.9598846,0.18469644236186852
microstructure_09271.npy,4199787942.0603576,0.18062518685731851
microstructure_07368.npy,3800033637.0943913,0.1892518129782311
microstructure_09291.npy,1879901654.5468307,0.19495675003310375
microstructure_01632.npy,2663998463.315758,0.18133752911328835
microstructure_00392.npy,3913257532.2920475,0.18917091301214928
microstructure_03220.npy,2317815293.8870406,0.19075294194923537
microstructure_07473.npy,4194169755.9268456,0.19161950310612455
microstructure_02209.npy,4308781260.013488,0.17939926110808527
microstructure_06225.npy,2272714307.8122754,0.190031951388696
microstructure_07499.npy,4073868410.7578726,0.18121205086502126
microstructure_08422.npy,1750709490.5392532,0.1956291821578725
microstructure_01797.npy,1698513451.356127,0.1907697493855519
microstructure_05726.npy,2316933419.9652963,0.17293876010970405
microstructure_02952.npy,2536752425.0550447,0.17727856551142349
microstructure_04093.npy,4168228321.794566,0.16689158602650092
microstructure_01012.npy,2963181922.838619,0.18022839942944843
microstructure_07094.npy,2861661966.4345317,0.18603286583387768
microstructure_04105.npy,3993856203.5583367,0.1765795913963759
microstructure_03956.npy,3316613921.9976683,0.18861504392529557
microstructure_05455.npy,2752242951.767969,0.17043945861504214
microstructure_03183.npy,3748311359.3245244,0.17308510724420506
microstructure_09549.npy,4404277635.562075,0.16868254090240398
microstructure_01817.npy,3855079552.832845,0.17803548224211846
microstructure_01054.npy,4432720307.80346,0.17725938325735088
microstructure_02228.npy,4262595775.8068657,0.18709930736845545
microstructure_04964.npy,3806945880.2958236,0.19046566716396982
microstructure_08574.npy,2506822706.3103213,0.1640184931482214
microstructure_01837.npy,4033626993.324272,0.18404702626000538
microstructure_09789.npy,3493746633.134693,0.17999806638130653
microstructure_06736.npy,2890628450.4519095,0.19887158097113633
microstructure_07847.npy,2723534350.269936,0.17812275989267165
microstructure_01664.npy,1211483442.0514526,0.2017400075477791
microstructure_01686.npy,2741498396.638845,0.1853287506409204
microstructure_07432.npy,2536973593.619179,0.18198266855887602
microstructure_09014.npy,2391902155.718881,0.20463488074986666
microstructure_00576.npy,3293444598.0207334,0.18033169399687604
microstructure_02303.npy,1230520381.3139737,0.19679055163090337
microstructure_07229.npy,4015566597.9567213,0.18393756964485464
microstructure_09897.npy,3855474027.9849887,0.18033677389234642
microstructure_04477.npy,1739619243.601176,0.19788514432894466
microstructure_05783.npy,2301324770.9871016,0.19004630476698686
microstructure_00538.npy,4157223426.603453,0.16129196999461726
microstructure_09090.npy,3412459157.533479,0.18446729423599667
microstructure_07951.npy,2161339429.592552,0.1868883480096079
microstructure_00997.npy,3243957178.8245754,0.17630459279525232
microstructure_08155.npy,1891657908.5423875,0.17303162980163814
microstructure_08590.npy,2547934391.4035215,0.18624364025801773
microstructure_03970.npy,2692532382.4363127,0.17479981811033013
microstructure_09125.npy,2285296177.099507,0.18319374846191694
microstructure_07898.npy,4205527517.2850327,0.1767734661794961
microstructure_03041.npy,3647480613.5650578,0.19334773460734114
microstructure_06618.npy,3215174825.6097136,0.17458359577080815
microstructure_01059.npy,2233927063.843171,0.1969467658591708
microstructure_01138.npy,3793367575.217981,0.17438295692001549
microstructure_07680.npy,2870737631.4106045,0.1770549616369722
microstructure_09284.npy,1706446029.6415145,0.1803581836895671
microstructure_04645.npy,4345212131.898402,0.18376033320505802
microstructure_02451.npy,1184760884.8375247,0.19932192462172557
microstructure_02088.npy,2515265758.528381,0.17993907746352777
microstructure_02738.npy,2426524903.1997404,0.194141950409523
microstructure_04483.npy,4007107836.713579,0.17495252242630008
microstructure_09947.npy,3899932766.345266,0.18454915500584468
microstructure_01272.npy,3554172030.5451,0.1791219016040475
microstructure_09093.npy,4039118932.510488,0.16909794052790647
microstructure_08849.npy,3342785143.3268027,0.19634842209454367
microstructure_09864.npy,2056928071.9024637,0.18528651837114332
microstructure_05323.npy,1257220121.7970624,0.19606614567446462
microstructure_02101.npy,3174645022.340791,0.18973144572435272
microstructure_04107.npy,1252486568.8946722,0.19796311315781687
microstructure_04921.npy,4213505041.7821665,0.1846179067816908
microstructure_05294.npy,4011976027.8835225,0.16885630369926832
microstructure_04660.npy,1594032754.3033566,0.20758755732174783
microstructure_06756.npy,1618136468.0159075,0.18658857387187985
microstructure_09015.npy,1625883545.7000904,0.17588366451638693
microstructure_07867.npy,1437193688.5670934,0.1974865720579192
microstructure_01637.npy,1977355688.683227,0.19039088699569603
microstructure_06581.npy,2454640822.9465866,0.18516828076249287
microstructure_02612.npy,3654649846.5990133,0.17578258428740506
microstructure_06166.npy,3853253040.8425536,0.1808842767378389
microstructure_02367.npy,3913057389.8291554,0.18486015790011864
microstructure_04845.npy,3270079972.8913436,0.18092509390596753
microstructure_08521.npy,4225266410.2275023,0.17041121172802717
microstructure_08445.npy,3720456453.9259205,0.17462058266130637
microstructure_00715.npy,1509855029.1505008,0.19990023447879238
microstructure_02132.npy,1429950356.5698848,0.19126840230729047
microstructure_03256.npy,2135064602.8754048,0.19126672742433115
microstructure_09623.npy,3620805065.1142607,0.17701489775539542
microstructure_03381.npy,1272692246.590735,0.19727412474964542
microstructure_04544.npy,1653020219.9920433,0.2052488179976857
microstructure_02662.npy,1309252685.910507,0.1923447008866531
microstructure_02019.npy,1692524544.6554432,0.1888600471814889
microstructure_04125.npy,2949519328.44988,0.19248538120840014
microstructure_01275.npy,3926713040.763589,0.18475915437830726
microstructure_06073.npy,4072887235.3317084,0.18227824118591596
microstructure_09378.npy,3449799412.2091823,0.18546213721480795
microstructure_05211.npy,1414393291.4536188,0.19970112369282658
microstructure_02700.npy,1940101953.8521488,0.1981373413286777
microstructure_09594.npy,1335537951.720204,0.20648026111387854
microstructure_03510.npy,3668392216.9618664,0.1870818978036818
microstructure_08147.npy,1926257750.0849178,0.1944735908453161
microstructure_08318.npy,3197613914.718573,0.18439223368505112
microstructure_09852.npy,1627454666.7593868,0.19317527569748086
microstructure_04944.npy,2300985419.2399163,0.1966721564280635
microstructure_09191.npy,2288024785.389925,0.19060444253382833
microstructure_08328.npy,4404753626.613962,0.1653585279095939
microstructure_06442.npy,4105104452.781106,0.17842343452708187
microstructure_06259.npy,4284216722.5334597,0.171566225814511
microstructure_09886.npy,3031455926.8685646,0.18505069927443898
microstructure_00273.npy,3339831276.10888,0.18269276314309604
microstructure_04304.npy,1353356864.186717,0.19576732514967385
microstructure_09057.npy,1611168368.4996548,0.18771269988006004
microstructure_04407.npy,1530261239.4473228,0.19693356049572253
microstructure_09464.npy,1261433993.7865918,0.19750214236532643
microstructure_09227.npy,1576966480.335282,0.2045778702375638
microstructure_00285.npy,3233355523.123764,0.18869151529901995
microstructure_04331.npy,4468407963.46944,0.17532967295461774
microstructure_04630.npy,4284989640.7517824,0.18552906732380955
microstructure_09901.npy,1494933652.8216953,0.1874907603729954
microstructure_07462.npy,1675214257.1315749,0.20867535693807623
microstructure_04717.npy,1639828393.8344257,0.1839390394886985
microstructure_09973.npy,2219448200.3273635,0.17864096229061963
microstructure_05752.npy,3949159609.0625005,0.18193398947459066
microstructure_07818.npy,2316015844.1982527,0.19505601300505085
microstructure_07430.npy,2304170093.124051,0.17995560965448032
microstructure_08664.npy,1547899994.8008099,0.19499481136949415
microstructure_09402.npy,4077707773.396351,0.17846665418859892
microstructure_04794.npy,3694414925.361567,0.17455725546710185
microstructure_07510.npy,4201106764.6766524,0.17294442542307442
microstructure_06392.npy,1653225038.197022,0.20109027453613906
microstructure_04413.npy,2109724788.3380184,0.19220082176428077
microstructure_09793.npy,3928815964.5327168,0.18423197687188225
microstructure_00907.npy,1423841136.6347167,0.1920394443567433
microstructure_05824.npy,2728188832.1296167,0.19331426416951533
microstructure_01262.npy,1910030864.9929688,0.1927664521556492
microstructure_05786.npy,4594984006.695913,0.18719620325964328
microstructure_07254.npy,2411216916.477588,0.17499416739950427
microstructure_01522.npy,1678433493.9842937,0.19815511551856926
microstructure_04382.npy,1533377789.6991217,0.20176193894017827
microstructure_02205.npy,3861454051.2457023,0.17858144865978579
microstructure_04273.npy,4058395065.470785,0.19486656415606923
microstructure_01079.npy,3545146882.7372966,0.18163326470720773
microstructure_09949.npy,4316048428.630747,0.18224046982915498
microstructure_01516.npy,1553309511.6667697,0.1961305820864274
microstructure_03434.npy,3581659758.8568206,0.17200034585094262
microstructure_09796.npy,1568089169.6333828,0.19457302068689275
microstructure_07871.npy,1300251855.2152936,0.195533695290067
microstructure_06260.npy,1313944233.3107777,0.1994392511066039
microstructure_07107.npy,3567558834.3860407,0.17720594732598227
microstructure_06320.npy,2416138985.340384,0.1899007154542646
microstructure_02087.npy,1669317305.5719702,0.19536461697177596
microstructure_01842.npy,3918228340.0519814,0.1827642207314309
microstructure_08867.npy,4693928817.518645,0.1775505800335327
microstructure_07737.npy,2709887809.4265924,0.18652621388413335
microstructure_03317.npy,4137074602.7633367,0.1678837084175883
microstructure_03350.npy,3927893968.235546,0.18157720046093193
microstructure_05653.npy,1953140950.1698577,0.18949390996708926
microstructure_02972.npy,2157035843.736489,0.18996024752091223
microstructure_05685.npy,1970173574.5573604,0.19538953874989015
microstructure_03872.npy,2422853489.7946815,0.19377332910148595
microstructure_00042.npy,3397208027.457321,0.17922067654443138
microstructure_01430.npy,2804455272.649825,0.18217501709789458
microstructure_06689.npy,4133612977.393265,0.17301654818746362
microstructure_09835.npy,1401205176.2676818,0.20104831750171126
microstructure_00293.npy,4402441573.898684,0.18313842449565396
microstructure_05589.npy,1932115561.8979995,0.1876544517161704
microstructure_01815.npy,2827438749.7491875,0.17086310781243336
microstructure_00686.npy,1534192513.663395,0.19326642286119833
microstructure_07106.npy,1873097347.3724701,0.17446389260266829
microstructure_08174.npy,2726586816.723182,0.1830917777577963
microstructure_09961.npy,1427494792.0232053,0.20642882966373713
microstructure_08805.npy,1643137812.5445373,0.20015621914926296
microstructure_04108.npy,4371131842.934501,0.17770344288796858
microstructure_08963.npy,2276394902.4580007,0.19346807377387618
microstructure_00885.npy,1307569831.955789,0.19859982414308217
microstructure_06615.npy,2598919980.15374,0.19328785614959101
microstructure_06218.npy,1642115340.0491822,0.2013489459754217
microstructure_00495.npy,2051652434.2322233,0.19745987470236828
microstructure_04222.npy,3768703811.807931,0.1792032520444235
microstructure_03785.npy,2059030007.2371504,0.18374074318247927
microstructure_05101.npy,2255333365.052258,0.16535199827983343
microstructure_00482.npy,3782530733.8821898,0.18814427405857823
microstructure_06439.npy,1838533771.746221,0.17689970845729833
microstructure_06139.npy,3246176765.6232147,0.17077857564010512
microstructure_00568.npy,1881791480.0242565,0.19700486812756116
microstructure_09414.npy,3728515220.291996,0.17364333275060873
microstructure_07474.npy,3580553249.674732,0.18159745024580645
microstructure_02177.npy,4240737663.828504,0.17660204229658716
microstructure_08205.npy,1231491921.5448704,0.19531197867497055
microstructure_09701.npy,2384256150.770306,0.18391922274701888
microstructure_03939.npy,3573669694.7130327,0.18163659833658719
microstructure_02359.npy,2175652274.685261,0.18126899324172907
microstructure_07073.npy,1580413382.375761,0.19105356970469553
microstructure_00717.npy,1742178143.6913571,0.19864280513017793
microstructure_02931.npy,1398170632.1650639,0.1824636348719667
microstructure_03102.npy,1359899245.6697931,0.2087498953185831
microstructure_04280.npy,4102182597.7654037,0.1746130075352221
microstructure_02719.npy,3363971496.6244593,0.18722178154568103
microstructure_02799.npy,2063065186.4433694,0.18281526062051542
microstructure_01479.npy,1359447867.0971322,0.20480090545762641
microstructure_02063.npy,1305763422.5174823,0.19849034934525717
microstructure_08483.npy,3399850409.965922,0.17926599768510293
microstructure_00704.npy,1231257386.6298745,0.19497302208397393
microstructure_01404.npy,1391353031.7388148,0.20233147575477703
microstructure_05911.npy,1176306575.52463,0.20399287428314664
microstructure_02345.npy,3101712866.0578976,0.19496107467127394
microstructure_01553.npy,3061151518.4703913,0.1761950160020647
microstructure_02041.npy,2841294775.1531596,0.18882066271808515
microstructure_06066.npy,1180569560.334863,0.1981826758853799
microstructure_07798.npy,1383895870.1270247,0.18596278644186462
microstructure_02949.npy,3022786097.744171,0.18756630915566092
microstructure_02117.npy,2494603624.797859,0.19273453026856494
microstructure_09605.npy,2426977427.6882668,0.1899620003206679
microstructure_07322.npy,4044723219.8652005,0.17505559986531397
microstructure_04210.npy,2908665052.1822343,0.18925923179990314
microstructure_02352.npy,1570350277.495127,0.20269375434609796
microstructure_09083.npy,2690182426.670507,0.1904268534155722
microstructure_04705.npy,3600136846.848401,0.17079325741611814
microstructure_00758.npy,1348866350.51383,0.1977237818225482
microstructure_03298.npy,4726996006.521036,0.17975675481493425
microstructure_03942.npy,1716860198.1371543,0.17837421251918179
microstructure_03255.npy,3461795145.633248,0.19195790745485417
microstructure_04487.npy,3771678731.780108,0.1698716240900972
microstructure_08238.npy,1677440376.1829035,0.18576221757985426
microstructure_05207.npy,2791371076.271461,0.187475607106251
microstructure_03439.npy,4293060962.6778374,0.18270830953129993
microstructure_05328.npy,4073932042.535204,0.18131313671963983
microstructure_09276.npy,1746322870.9286406,0.20616127789524524
microstructure_06474.npy,1279814913.4099166,0.19917461993924646
microstructure_05679.npy,1980232758.3762379,0.18101838802891018
microstructure_06219.npy,1421756127.5977185,0.18626709907307906
microstructure_01885.npy,1404028791.842764,0.1994521496323952
microstructure_05708.npy,3719692083.8221245,0.17635242387376304
microstructure_00586.npy,1344468643.554476,0.18942607262375583
microstructure_06906.npy,1876410166.4075556,0.18800653259195466
microstructure_02346.npy,1728866038.9516015,0.19444575711714915
microstructure_02438.npy,4365523132.535468,0.1914965447395989
microstructure_01978.npy,4018238481.3597836,0.18816285747447464
microstructure_03976.npy,2498499972.531651,0.18705717377031175
microstructure_06411.npy,3973359344.2673707,0.18641187338653767
microstructure_07904.npy,1891895478.4132633,0.18988752535015008
microstructure_07870.npy,3108226435.595146,0.17459519178255592
microstructure_03620.npy,1498642944.247039,0.19323312207397483
microstructure_05430.npy,2546195869.9761324,0.1946916411980056
microstructure_07376.npy,1351953958.0324633,0.1942884513638663
microstructure_05422.npy,1943976295.0877635,0.2046930526383817
microstructure_06156.npy,3843701495.157557,0.17157676661498955
microstructure_05495.npy,2245923639.5662417,0.1931075590732155
microstructure_02805.npy,1739368766.3025966,0.1857635668023906
microstructure_01848.npy,2615014763.5036306,0.1788628047023778
microstructure_02804.npy,3584818534.27536,0.19368190127422794
microstructure_05099.npy,1189845062.6082675,0.1966068645707142
microstructure_02025.npy,1248592667.1850257,0.2006249630243374
microstructure_01161.npy,1475642403.7822165,0.18615775501644052
microstructure_07968.npy,1550952801.9013422,0.19571318050955902
microstructure_02203.npy,1540868286.7494133,0.21039495634835684
microstructure_01474.npy,3702469762.064045,0.1937343443589421
microstructure_00936.npy,2741890093.56141,0.17889834180562864
microstructure_00118.npy,1499411725.908703,0.20245350907974624
microstructure_00311.npy,1500973119.2119622,0.194312208342119
microstructure_00700.npy,1769139337.178618,0.19484530697589492
microstructure_09301.npy,1527212986.188242,0.1927430796557946
microstructure_03639.npy,2304389161.7102795,0.18591680012089337
microstructure_04354.npy,3748271689.1919875,0.17663373140344207
microstructure_05497.npy,4050240263.3884087,0.16985494160192324
microstructure_02519.npy,1304173238.3208442,0.20298505739180264
microstructure_01716.npy,1695358726.2615583,0.20711278277621736
microstructure_01573.npy,4056961592.975049,0.17522340193290106
microstructure_00563.npy,4253064594.207133,0.1642466167809166
microstructure_03192.npy,1771028274.0247452,0.18867236152975395
microstructure_07205.npy,3271152405.3487616,0.1790459311880393
microstructure_00781.npy,3914247195.274125,0.1731867986841045
microstructure_01312.npy,1851280690.4318466,0.1991129821248589
microstructure_01415.npy,3990836399.2707834,0.1814932392979498
microstructure_06412.npy,4392080365.432364,0.18238859562570386
microstructure_05359.npy,2977416404.528999,0.18953753123538317
microstructure_04006.npy,3288322754.2270565,0.17707563827693337
microstructure_04918.npy,1544108979.5312405,0.1922480604819706
microstructure_08587.npy,4269865591.1354213,0.17205659913667629
microstructure_02218.npy,2145442299.4255185,0.19817259071399637
microstructure_09297.npy,4194043838.8214226,0.18767543495960526
microstructure_05078.npy,1386024022.711436,0.2015070153358832
microstructure_02011.npy,1594389792.6765037,0.2021421924098133
microstructure_08533.npy,4142777527.394416,0.18002863743856806
microstructure_04429.npy,3267512786.693266,0.1730541242858779
microstructure_04679.npy,2693461849.812511,0.19960531692706882
microstructure_09068.npy,1879740466.383952,0.18699160986035204
microstructure_07729.npy,2534840256.034987,0.18566434075829114
microstructure_00672.npy,3876183729.1553693,0.18350303449660538
microstructure_00898.npy,1255560544.207695,0.19443059417144024
microstructure_05879.npy,1562237854.8259556,0.19677078538193318
microstructure_04147.npy,4082181840.8662515,0.1724591682285706
microstructure_03823.npy,2016225242.6933389,0.1896263335148554
microstructure_05418.npy,3599284998.3994555,0.1811723584080889
microstructure_01063.npy,4559575110.089057,0.17325963081281887
microstructure_03330.npy,1258731925.5936656,0.1992953793773243
microstructure_07628.npy,3966939739.1159286,0.18867381020635932
microstructure_03892.npy,1373326136.9414706,0.2034276302742424
microstructure_03816.npy,2235868913.1870723,0.17585383914702266
microstructure_01604.npy,4199219150.9217424,0.18243769840178925
microstructure_02564.npy,4096833585.2806563,0.18980106058094465
microstructure_07710.npy,1759229840.465457,0.20267982540511276
microstructure_09060.npy,1255478142.8541849,0.19972169788242505
microstructure_06256.npy,4122937726.6946917,0.18340026713541485
microstructure_05405.npy,2605865510.66689,0.192315068444513
microstructure_03483.npy,2748092108.2855964,0.19145738953162642
microstructure_01794.npy,3706425873.085053,0.18013588612490253
microstructure_00938.npy,1405505275.549568,0.1883712001708039
microstructure_08146.npy,1255007732.4622548,0.1951733488782297
microstructure_07157.npy,3136519341.02288,0.18457187898418623
microstructure_09332.npy,1880743042.2752366,0.20116086338245365
microstructure_04012.npy,4152891539.848788,0.17234408572911902
microstructure_00583.npy,1211962800.8703322,0.20283660024796657
microstructure_07856.npy,4502673163.958687,0.16367807412320143
microstructure_05032.npy,2293813531.9368954,0.17621851806263325
microstructure_02590.npy,3651636727.2793956,0.17186049455680671
microstructure_05750.npy,1327159833.663426,0.19902670557738578
microstructure_00157.npy,2444806493.344593,0.205487103383443
microstructure_04498.npy,3261286590.750395,0.17754704344659492
microstructure_06149.npy,2163377659.302792,0.14713741349427623
microstructure_09993.npy,4268767659.140649,0.18422921717312746
microstructure_09671.npy,3009928563.27706,0.1871103788459976
microstructure_06331.npy,3803259466.74559,0.18893755120442227
microstructure_09584.npy,4019658186.5472145,0.17529824459299348
microstructure_07789.npy,3842231695.306779,0.17316522483812136
microstructure_08505.npy,1436286984.9494698,0.183910756548872
microstructure_04654.npy,2550153037.902612,0.19654594413676785
microstructure_00524.npy,2183311144.108952,0.176280801835019
microstructure_00889.npy,3921570326.551722,0.17974018821712454
microstructure_02136.npy,1203278729.3031366,0.2006996603937406
microstructure_06646.npy,2223656833.423629,0.2036947165188349
microstructure_06273.npy,1428037924.4632697,0.1987988140832545
microstructure_00105.npy,1553212268.1193867,0.20158069470267775
microstructure_09172.npy,4675637126.541765,0.18572973209526672
microstructure_09686.npy,1495089683.8212676,0.19837367666231773
microstructure_00308.npy,1668376541.7371764,0.20111648300435056
microstructure_06723.npy,1246206438.522959,0.2061650088392617
microstructure_06115.npy,1271255320.3785417,0.20010443451459614
microstructure_05143.npy,2266758591.6576157,0.19764839585654986
microstructure_06482.npy,2092866345.4831944,0.19716879789469055
microstructure_00741.npy,1361565393.0025768,0.20249958593045866
microstructure_01118.npy,2658144463.0823636,0.18991705058008404
microstructure_00014.npy,3116532816.8660445,0.1749237816545708
microstructure_06909.npy,1670424743.5419931,0.2038971432271447
microstructure_05169.npy,1872190291.0778933,0.15456442018584127
microstructure_03601.npy,1482782631.502761,0.19872387401213948
microstructure_07691.npy,1341039355.1789162,0.19787020895181268
microstructure_02593.npy,1454515900.125095,0.1973317579720527
microstructure_04128.npy,2292012261.9965796,0.18568434785720986
microstructure_03201.npy,3373751255.200039,0.1865758912965443
microstructure_08892.npy,3466960426.6702156,0.16643150875270887
microstructure_05803.npy,1893719766.3034801,0.20420933886443557
microstructure_08172.npy,3953562143.6405673,0.18184345907205257
microstructure_01425.npy,3039986223.5104384,0.17839823074999558
microstructure_09079.npy,3801180531.8599477,0.18111784364400593
microstructure_08009.npy,4318436654.757749,0.1789651973054589
microstructure_02714.npy,1895768392.5889952,0.1969469965589415
microstructure_02463.npy,4119938065.4854727,0.17385641314653003
microstructure_03829.npy,3751049641.5286503,0.1794791334636887
microstructure_06423.npy,1578390181.830455,0.18240323930047028
microstructure_00663.npy,4398948638.673402,0.19157181453616304
microstructure_04460.npy,3459956632.3904624,0.17933234022375305
microstructure_04674.npy,3147944519.89345,0.191860766420079
microstructure_09851.npy,2625956221.747876,0.1836858142136711
microstructure_01843.npy,3873411823.2997694,0.18514177415193933
microstructure_07908.npy,3843692654.2030377,0.1832880959949631
microstructure_07425.npy,2932124917.4706316,0.1851437415619375
microstructure_04945.npy,4476126126.119155,0.18428535582077205
microstructure_05768.npy,4561370133.043866,0.17226629634374438
microstructure_09971.npy,4312520542.76907,0.18239235699187062
microstructure_05625.npy,3138401003.5229044,0.18024918738718743
microstructure_07018.npy,1199489342.9628017,0.19978934250550143
microstructure_02907.npy,1295195024.746061,0.19886144854662108
microstructure_03453.npy,1931877675.3252947,0.1983735093027488
microstructure_06315.npy,2537781478.4771943,0.18487993615256948
microstructure_01888.npy,3671397279.701765,0.17170331652732562
microstructure_08250.npy,4335415896.632584,0.17292377765772088
microstructure_06282.npy,2879941047.7035184,0.19291756550640193
microstructure_04085.npy,2598425184.67087,0.1706903009270388
microstructure_05529.npy,4803490472.468876,0.16796795145365268
microstructure_05117.npy,1601139230.2739456,0.1904966077672605
microstructure_04967.npy,2312380468.184925,0.19203927120488687
microstructure_06966.npy,2437441092.1359816,0.19830760008591955
microstructure_07820.npy,2136210765.0623808,0.1916223744816422
microstructure_07932.npy,4030813495.0365915,0.1756706839313643
microstructure_08025.npy,3919584649.171127,0.1783493310398583
microstructure_04201.npy,2790017277.6190505,0.17874719434425532
microstructure_05054.npy,2216079357.4011617,0.1943305287792914
microstructure_09751.npy,3943120613.041067,0.1783989779185299
microstructure_08444.npy,1804184326.6679194,0.19336030475300026
microstructure_02715.npy,3456429026.172114,0.17716821413054598
microstructure_01752.npy,3041258284.5743713,0.19549891953209916
microstructure_01690.npy,1528085902.571718,0.19705046812564872
microstructure_05153.npy,4055644936.490874,0.1688590961735017
microstructure_08062.npy,4437185158.82596,0.1774582349929385
microstructure_06015.npy,4235465424.729838,0.16838585261982852
microstructure_09325.npy,4164650306.3508472,0.18038856049260024
microstructure_00201.npy,1182159751.449344,0.2020013232399339
microstructure_06391.npy,2507352459.0776997,0.19380209959618352
microstructure_04536.npy,1516005419.087124,0.20214861431004702
microstructure_03340.npy,4115507352.195344,0.16884105744615607
microstructure_03090.npy,3646301468.8987,0.17883394828534374
microstructure_03520.npy,4458220009.55151,0.174798394918354
microstructure_00972.npy,2032037719.9949794,0.19505091972320704
microstructure_03933.npy,1269454517.492402,0.19610423165434612
microstructure_07803.npy,4270751713.993007,0.18104305766568712
microstructure_09506.npy,1963687588.7752087,0.19918105674264924
microstructure_06932.npy,1963968622.281951,0.18266729081818966
microstructure_05608.npy,1287987411.9331973,0.1981795415060017
microstructure_01574.npy,1839714483.6949732,0.1768377483649739
microstructure_02171.npy,1293959256.8515546,0.199486699277427
microstructure_03473.npy,2006785240.0144868,0.19132014931519667
microstructure_00636.npy,2682889971.110788,0.17365671817820652
microstructure_07549.npy,2846616352.3216906,0.1851236240986081
microstructure_01170.npy,1598835107.6696994,0.19547664467422826
microstructure_07075.npy,3417630883.119052,0.18476511488967623
microstructure_06407.npy,1720939164.1385026,0.19671900069479537
microstructure_09480.npy,2430215263.728706,0.1874268149957095
microstructure_00812.npy,2449183692.7419252,0.1989326973253675
microstructure_01846.npy,3997150428.2954617,0.18122318052529499
microstructure_08803.npy,1729802027.9439113,0.18603527208356294
microstructure_07418.npy,1708921151.1398418,0.16953320599872648
microstructure_02838.npy,3798266324.611366,0.1868847294998234
microstructure_09617.npy,3317742033.42859,0.17681249034771837
microstructure_04872.npy,1460699908.9472966,0.1962825781566651
microstructure_05525.npy,2519869612.190041,0.1800654600808487
microstructure_02749.npy,1388572312.0608108,0.19139176057776228
microstructure_05991.npy,2144869417.3050683,0.18386262238323214
microstructure_02421.npy,2306628498.57898,0.18818007670881545
microstructure_06641.npy,3368265173.172099,0.17260101054871518
microstructure_00854.npy,3138490900.9117208,0.17252299953160757
microstructure_08239.npy,4337336437.145278,0.18177599293044638
microstructure_01494.npy,1547897769.7787063,0.19984587094752632
microstructure_03897.npy,3536269184.2583323,0.1820386554170836
microstructure_02426.npy,1557848789.734246,0.19927918786505988
microstructure_07658.npy,3722191134.964845,0.17979986421269126
microstructure_06109.npy,2087338868.8964267,0.17927506345207359
microstructure_08389.npy,2314047344.6896505,0.1922706358180988
microstructure_08864.npy,2165997096.4341965,0.19401336148766632
microstructure_03155.npy,1688945335.1335402,0.19044380964055554
microstructure_02597.npy,3316222457.9508033,0.18096110768574497
microstructure_07148.npy,2816944603.9001412,0.18445864494717687
microstructure_08404.npy,1634095461.7509718,0.19055798122147735
microstructure_09179.npy,3092026814.80327,0.17230539881050913
microstructure_03507.npy,3702895342.7304153,0.1808081668491736
microstructure_04665.npy,2198281753.7657375,0.18649514503527476
microstructure_05658.npy,1796726694.1317725,0.1848388235857765
microstructure_07989.npy,2461718521.49245,0.1838470531420615
microstructure_08493.npy,1860224338.4958563,0.18371427664286358
microstructure_02305.npy,1715734971.3626428,0.19667972913686643
microstructure_03182.npy,2889831586.5288587,0.19098264882661706
microstructure_01277.npy,3925234872.248276,0.16982439689590154
microstructure_02743.npy,1442316274.6452856,0.1868210906347101
microstructure_04618.npy,3415932064.5252986,0.17099921167266352
microstructure_06463.npy,1772364250.9898934,0.19940181596091694
microstructure_08959.npy,3044722659.3876696,0.1831690487919228
microstructure_08293.npy,1215474161.5480037,0.19926956543873015
microstructure_01023.npy,4645078187.60648,0.17467359186934184
microstructure_07497.npy,2950946429.659771,0.1899394686515623
microstructure_08485.npy,4072418457.033656,0.18140744551988258
microstructure_05539.npy,1447476832.8875637,0.20305624887302223
microstructure_01902.npy,3737821577.7981434,0.1870985031341908
microstructure_04983.npy,2748524097.4109864,0.1837180934628087
microstructure_03842.npy,1867694545.8953838,0.19052232518106338
microstructure_07084.npy,3016920663.3817334,0.1840454638554296
microstructure_06798.npy,1789068055.2418435,0.1989609552937135
microstructure_00784.npy,4374855406.909452,0.17725950371146326
microstructure_07099.npy,3108510131.906256,0.17519311506043095
microstructure_07469.npy,3212492218.2722497,0.18239898728962955
microstructure_02201.npy,1889614723.6801713,0.18884908896425973
microstructure_03858.npy,4297237381.4056015,0.18337457681317412
microstructure_00661.npy,4040094017.8776007,0.17678303553793934
microstructure_09469.npy,3627007264.7139325,0.1776006541035057
microstructure_03206.npy,4073738432.709693,0.19010293487582544
microstructure_07371.npy,3816680937.0812182,0.17951531139276933
microstructure_03882.npy,2873072875.811682,0.18092373618654176
microstructure_07518.npy,1262781168.0540426,0.1977771867659414
microstructure_05465.npy,2007775974.5241823,0.18726664738311422
microstructure_01668.npy,1368043900.6588998,0.20280426066586013
microstructure_02175.npy,3054091823.876006,0.17524007463715519
microstructure_06006.npy,1266597141.0803952,0.19998627193076385
microstructure_06408.npy,3014194842.834775,0.198904147131481
microstructure_06268.npy,4213001041.4629526,0.17245949021536963
microstructure_06317.npy,1252728356.304365,0.2008698927949692
microstructure_05311.npy,1351542263.2316964,0.18638130528458058
microstructure_02340.npy,1284143194.248586,0.2027075602970742
microstructure_00335.npy,2339898115.1150646,0.19444457131557896
microstructure_00505.npy,3596984568.3793936,0.1820319950406264
microstructure_00540.npy,1758704691.4826899,0.18725067757017838
microstructure_07909.npy,2363874923.5551834,0.187099036891369
microstructure_02860.npy,2161363886.1868834,0.19103287921875908
microstructure_04567.npy,1920375660.6480246,0.1865200856163877
microstructure_08112.npy,3495142855.2154427,0.179328049762747
microstructure_07118.npy,1375446288.5169923,0.20327559515012603
microstructure_05508.npy,1300512437.697461,0.1994348922606285
microstructure_00255.npy,3977046495.5304546,0.17460332136289292
microstructure_07011.npy,3823424563.128698,0.18695055858703613
microstructure_04933.npy,1877838634.8402157,0.19701248708479543
microstructure_06294.npy,1663889853.4744673,0.18978081525444995
microstructure_02210.npy,4095947535.0386825,0.17024944778164092
microstructure_05533.npy,3364190717.8252826,0.17561435876646803
microstructure_01511.npy,1236807341.8544414,0.20282525977769053
microstructure_06449.npy,1264044544.095518,0.19442415328398244
microstructure_07586.npy,1579728714.8618288,0.18400747759591027
microstructure_00902.npy,2124532995.269007,0.1866969029043608
microstructure_09519.npy,4523368868.360307,0.18052859047561143
microstructure_09318.npy,3425627620.907018,0.17126182598307788
microstructure_00944.npy,1323673911.3389509,0.2013612069121005
microstructure_03180.npy,1446256706.4483447,0.2003109936247639
microstructure_08457.npy,3719846644.7168026,0.1816514088424254
microstructure_03135.npy,3823895030.7625093,0.1867187129241915
microstructure_09300.npy,3896203572.475011,0.1738459085600682
microstructure_00292.npy,2602118420.8703837,0.19161479577479074
microstructure_02036.npy,1633379828.762106,0.20766908530701647
microstructure_07808.npy,2413399335.9530535,0.17230893365965333
microstructure_01773.npy,1677248731.5426662,0.19099171757734332
microstructure_05229.npy,1276636210.3475647,0.20250170858761338
microstructure_01714.npy,2943918597.710174,0.18937563112725064
microstructure_04869.npy,1836320477.6529052,0.1950771914214065
microstructure_01326.npy,1962158993.8061044,0.19422576142666925
microstructure_03895.npy,1345256700.2659397,0.19833539001290454
microstructure_02342.npy,3426953671.8308434,0.18355237228190135
microstructure_08875.npy,3243948976.154076,0.17787303634101273
microstructure_01630.npy,3411017158.245954,0.18160061570674788
microstructure_03445.npy,2242446186.907678,0.19279029677518825
microstructure_01145.npy,3708830110.5624576,0.18555626163630723
microstructure_02991.npy,3427015103.5146046,0.18347250887872024
microstructure_03328.npy,3947171201.001398,0.18995495626518855
microstructure_00047.npy,3832413333.858313,0.18104731188568648
microstructure_00146.npy,3624481622.894442,0.18592675060747857
microstructure_00699.npy,2165954584.402821,0.1896947121347395
microstructure_05008.npy,3486037917.144306,0.18196589979810418
microstructure_01413.npy,2724671201.4537582,0.1849698994097955
microstructure_03232.npy,2629880725.4380918,0.17582407068889125
microstructure_03431.npy,3771228821.9707937,0.17594345786674903
microstructure_04254.npy,2488870953.2804046,0.1893790863703174
microstructure_02056.npy,4211513416.421274,0.18623443129406497
microstructure_06632.npy,3451924473.8129387,0.1806726609726533
microstructure_02518.npy,2577181745.167047,0.18544286598642257
microstructure_04696.npy,3862793188.7062044,0.1831251790570898
microstructure_02128.npy,3757436529.6753755,0.17052437872174797
microstructure_09156.npy,2193380213.6953773,0.19730893014443263
microstructure_05861.npy,2869687601.7010307,0.17294851722325374
microstructure_04143.npy,2626458824.9489837,0.1881225385446153
microstructure_06853.npy,2344989979.166991,0.19392944134299256
microstructure_00498.npy,2177103891.188543,0.182898912437367
microstructure_04831.npy,1955669132.9319637,0.20405264158173894
microstructure_00338.npy,2861382366.6624813,0.17384890984299647
microstructure_05188.npy,3489272551.1785326,0.19203444614000775
microstructure_07259.npy,1939454255.2864628,0.18842608149319376
microstructure_06386.npy,4075236912.7175345,0.1728083835663474
microstructure_09459.npy,3198800224.65923,0.19030983966081666
microstructure_01498.npy,3817014602.013571,0.1813497928653829
microstructure_05001.npy,4262596066.113534,0.1797081811580682
microstructure_00011.npy,1737727513.1264393,0.1896353418048646
microstructure_07648.npy,2289259216.84773,0.19550929262021666
microstructure_01123.npy,3936495415.1701865,0.17750942973127165
microstructure_01905.npy,2393550033.7607217,0.20517789636097017
microstructure_05554.npy,1761267384.3012118,0.1924903852177785
microstructure_00528.npy,4052173560.0998416,0.17489159889102807
microstructure_00577.npy,4269269861.9312754,0.17126926065703632
microstructure_09254.npy,1881244464.000066,0.1788334084131815
microstructure_09944.npy,1281474018.076828,0.19343683989015517
microstructure_01367.npy,4545149289.987261,0.17810488326433663
microstructure_09362.npy,2984084204.6966615,0.18949311705234462
microstructure_00800.npy,2675389313.019969,0.1919687000970085
microstructure_04256.npy,1379042051.7326555,0.20905898539649287
microstructure_02857.npy,1238561369.5141678,0.20412817025868904
microstructure_01526.npy,3283495744.4654927,0.17965074313635765
microstructure_03699.npy,3783590558.313796,0.17771303766369737
microstructure_04924.npy,3326342713.1185465,0.1760189852163173
microstructure_01206.npy,4077212269.9268813,0.17278271925874614
microstructure_04375.npy,3796735511.1259623,0.170869836680093
microstructure_09265.npy,1262880007.5801187,0.1988458567865681
microstructure_09698.npy,1982851396.9950128,0.1846598672595827
microstructure_05071.npy,3226267708.7373567,0.18621802747549196
microstructure_03162.npy,2455129379.5623765,0.17640752251166472
microstructure_02315.npy,4168965374.3841615,0.17651184114168575
microstructure_09774.npy,1255326440.6222773,0.20025651585083562
microstructure_05992.npy,4200814259.832157,0.17806118062529233
microstructure_06685.npy,2681659141.436609,0.19211983362995827
microstructure_05208.npy,4315075032.181956,0.18054345662696797
microstructure_04419.npy,1983278325.271237,0.19000012060596616
microstructure_01373.npy,2375886316.6151366,0.19538916471385134
microstructure_02578.npy,2001707084.8924656,0.19861205711434063
microstructure_04846.npy,2436566717.29831,0.16209455610443976
microstructure_07769.npy,3952951957.800855,0.19421691181809228
microstructure_08546.npy,4318698691.395492,0.1815824262647088
microstructure_00584.npy,2111355142.2940671,0.18547336875789913
microstructure_05398.npy,1218333204.2968159,0.20314596042482708
microstructure_09420.npy,2611667582.675365,0.18330694889567886
microstructure_04263.npy,1934826117.1553144,0.18888164634809432
microstructure_03810.npy,2506327835.134471,0.1884286076755915
microstructure_00006.npy,2869829508.94453,0.1831324167255347
microstructure_03992.npy,1622066472.1777694,0.19783702354758298
microstructure_09822.npy,1527446136.625138,0.18731728399379896
microstructure_07562.npy,2010518441.335389,0.19939141799659682
microstructure_06894.npy,3110738063.430403,0.16799579367245668
microstructure_06808.npy,1284312440.4397311,0.20246413307385613
microstructure_05839.npy,3222366760.8818445,0.18645321979169036
microstructure_03418.npy,4306623736.573013,0.1751380358071171
microstructure_03879.npy,1601561003.4185765,0.18964799715028333
microstructure_05286.npy,3495034679.6386476,0.1790929376985057
microstructure_07970.npy,1362205065.8064938,0.19187751933062702
microstructure_01101.npy,3848610652.258364,0.17785834226850658
microstructure_00336.npy,4877156515.222155,0.18108171155866493
microstructure_02150.npy,2628966168.2908263,0.19983289188626813
microstructure_07604.npy,2653006900.4678154,0.19013887841611596
microstructure_06557.npy,1612116411.1090715,0.1841461889322762
microstructure_05493.npy,2316224284.2404027,0.1897453532246987
microstructure_09266.npy,2399652289.24149,0.18990334542586493
microstructure_00220.npy,4236548537.371354,0.1772562157426497
microstructure_05499.npy,1696131533.2467737,0.1926976254817421
microstructure_00557.npy,1442316274.6452847,0.1868210906347099
microstructure_08027.npy,2888297271.9904304,0.18125806570887573
microstructure_01320.npy,2079313642.0158122,0.1823147196730869
microstructure_09764.npy,2081087114.3136582,0.1866120783097633
microstructure_01623.npy,2828369464.225499,0.17482935714635872
microstructure_09160.npy,1814160988.9951859,0.19533209902704027
microstructure_02432.npy,4690416145.609221,0.18505649352228334
microstructure_04353.npy,1993420571.6437976,0.16561696387874417
microstructure_05118.npy,1371123972.2982967,0.18981445406641353
microstructure_03713.npy,2057188622.0467544,0.19537545045219912
microstructure_08940.npy,1738007469.789831,0.18751091932757677
microstructure_06430.npy,2907244041.366748,0.19611933963186315
microstructure_03712.npy,1953851280.006536,0.1949196638522945
microstructure_06624.npy,1823275038.9570117,0.17437883514002495
microstructure_06278.npy,1516734984.6648846,0.20761324060189673
microstructure_07382.npy,1458080295.9445572,0.20061507071091458
microstructure_02256.npy,2994563550.0481057,0.1887160758171297
microstructure_04474.npy,1324740266.678242,0.18898941665082294
microstructure_06288.npy,3967857682.4209943,0.18315353176102173
microstructure_06481.npy,2125595912.3039002,0.19248466735064676
microstructure_07788.npy,1816424929.5528584,0.18152651377650206
microstructure_06757.npy,1663791310.4426506,0.19960667019347614
microstructure_09218.npy,1371123972.2982972,0.18981445406641345
microstructure_06697.npy,3929636051.4787908,0.18352153470528662
microstructure_01071.npy,1601678214.7247705,0.20095595226934107
microstructure_01729.npy,3087133850.7630887,0.18713113038597856
microstructure_04517.npy,2104549377.1173294,0.19584951511925588
microstructure_01324.npy,1574210216.9337602,0.18994954880433612
microstructure_05213.npy,2797124777.959385,0.18535495784577474
microstructure_03338.npy,1725441304.9133549,0.17999413782498477
microstructure_05559.npy,1797482515.277422,0.18302515408593553
microstructure_09018.npy,2969712733.1550035,0.15613121882979683
microstructure_03366.npy,1491754828.2432206,0.19638946458486392
microstructure_09660.npy,3652910561.731619,0.17424023541609535
microstructure_01448.npy,2401071724.38398,0.17935683548627626
microstructure_03333.npy,3448221670.641177,0.18044220924551585
microstructure_05486.npy,2869512084.4203024,0.17171147860242494
microstructure_09565.npy,1765242678.7759,0.20546834832828048
microstructure_09954.npy,3159383337.6657043,0.17470149565442156
microstructure_01674.npy,4436662682.067241,0.17421770133579126
microstructure_03762.npy,3031151477.3468866,0.1770272821243426
microstructure_06455.npy,4168654294.182366,0.17110237903024836
microstructure_00412.npy,3667392675.4213886,0.18004511503245016
microstructure_04516.npy,4126728692.541958,0.1776273321744552
microstructure_04445.npy,2020957855.5045977,0.18952028326019743
microstructure_04468.npy,3822237795.3985996,0.1772895352106015
microstructure_05721.npy,3880372698.895137,0.17821211143879312
microstructure_09782.npy,1430988904.4727852,0.19838226066076892
microstructure_07527.npy,3506169590.021761,0.18302950573848767
microstructure_04442.npy,4377308759.812262,0.1780491570547458
microstructure_01122.npy,1231491921.54487,0.1953119786749704
microstructure_00838.npy,1669492150.494895,0.19622786156842084
microstructure_05007.npy,2601180623.5242815,0.18226299588880493
microstructure_04616.npy,2344957520.923883,0.19450256122837042
microstructure_02094.npy,3743520191.5810003,0.1813370097921859
microstructure_08451.npy,4093944826.7459993,0.1803053575465633
microstructure_08158.npy,3944692203.322482,0.17913012969508074
microstructure_04954.npy,2480708645.5513363,0.1736737424829417
microstructure_00571.npy,4236930166.6847334,0.18338200819240344
microstructure_03589.npy,1576020021.4546185,0.19648935198862338
microstructure_07047.npy,1240828512.0404263,0.19307305617352977
microstructure_02609.npy,2525362652.418267,0.19228772573074038
microstructure_03537.npy,4233218137.6607003,0.1907519722248239
microstructure_05315.npy,3554103188.6851735,0.17676280823595142
microstructure_07165.npy,1269921229.5952091,0.20005743159223024
microstructure_00827.npy,4264280357.7566676,0.18201696507150716
microstructure_04034.npy,4139472857.313586,0.1846503068464923
microstructure_08565.npy,1993036846.4976594,0.1936413628796397
microstructure_09812.npy,1425487405.5069191,0.18740673094137325
microstructure_02708.npy,4213685461.6957717,0.16911621201142904
microstructure_05177.npy,1330147359.70882,0.19804875750223536
microstructure_07224.npy,3489328764.882169,0.16999117463878508
microstructure_09147.npy,4298911496.164606,0.1750622755928174
microstructure_07484.npy,1339582094.306647,0.19479810156329683
microstructure_01850.npy,2172543572.3689837,0.1731639554669479
microstructure_03954.npy,3801049047.5492563,0.1790027973911556
microstructure_03241.npy,1922968469.577872,0.19869906705984405
microstructure_06388.npy,3033567123.397044,0.19886476098104783
microstructure_02565.npy,1511114751.956383,0.19938276273803412
microstructure_01486.npy,3998125671.7110195,0.17660135454042966
microstructure_04745.npy,1339125090.1064346,0.19113181398597334
microstructure_07730.npy,2199116281.2730865,0.17697247919668907
microstructure_08826.npy,1532766462.3778155,0.1949797670414281
microstructure_03267.npy,2090965333.7150776,0.19864840324268235
microstructure_00080.npy,3645594707.8031583,0.17045953270458158
microstructure_01932.npy,2268048764.957134,0.1931481544586548
microstructure_07976.npy,2895659849.338308,0.18074407608710533
microstructure_07548.npy,1390614813.2833738,0.2058403143589525
microstructure_01487.npy,1573370315.517474,0.20012123749800587
microstructure_08672.npy,1729087424.3881576,0.1785135431879353
microstructure_00666.npy,3451824030.517048,0.1796304871959325
microstructure_01316.npy,2599093386.6851807,0.18492946815631364
microstructure_05045.npy,1588296576.447865,0.17354244923452336
microstructure_01072.npy,4038045550.6586375,0.17479306934821479
microstructure_08024.npy,1559979189.0691988,0.19494588991129902
microstructure_08474.npy,1942889801.7575521,0.1977467197382319
microstructure_03692.npy,1220297944.7178788,0.19937567387393318
microstructure_00224.npy,3931200701.318047,0.18833292526368306
microstructure_04427.npy,3810844859.6018476,0.17357801403909312
microstructure_04480.npy,1209558541.043386,0.1994737103873264
microstructure_01765.npy,2733994719.196758,0.17839856972505086
microstructure_09207.npy,3966248579.3877206,0.17546116722260838
microstructure_07258.npy,3207969763.57512,0.1797452758798324
microstructure_05250.npy,2768928457.7199984,0.1839732951806531
microstructure_01495.npy,1289639007.87334,0.20048591216784864
microstructure_04992.npy,1833076095.1646757,0.19582733201660119
microstructure_03428.npy,4767638979.444998,0.1786557219724994
microstructure_02485.npy,4486988490.828617,0.18178701888630855
microstructure_09794.npy,4272213681.168996,0.17318254918556727
microstructure_02006.npy,1857983854.6870246,0.19752132747186477
microstructure_03474.npy,3113335533.4332395,0.20115036537579725
microstructure_04048.npy,1524025406.6919017,0.19357964507244427
microstructure_06339.npy,2892941922.245324,0.17200247559673623
microstructure_01625.npy,2555049265.439464,0.17841787108715676
microstructure_08903.npy,1214748535.4475975,0.196138265909736
microstructure_07203.npy,3618186577.1187186,0.17452308154568918
microstructure_08488.npy,4179944216.153525,0.18287825326465146
microstructure_06142.npy,2770252570.2200947,0.19523962954588628
microstructure_05545.npy,1877194531.2555938,0.18824973243104937
microstructure_08161.npy,4266943162.3433723,0.1753408033074648
microstructure_07857.npy,1744206477.3312614,0.20451711409410528
microstructure_03702.npy,2424788252.319579,0.18986382609319247
microstructure_09542.npy,4328725189.560159,0.18130789532403882
microstructure_05225.npy,3571334911.8361406,0.17713769910808078
microstructure_08186.npy,2128906931.9214072,0.18801537987896297
microstructure_02166.npy,1573522002.2800038,0.19462289101844849
microstructure_03581.npy,4121208976.1869497,0.1732324006561879
microstructure_00572.npy,2181513538.435819,0.18106578294755876
microstructure_01088.npy,2168935808.09544,0.1864938247832242
microstructure_05910.npy,1472950714.6284807,0.1948329662128627
microstructure_06040.npy,1632351839.626979,0.19564429513290754
microstructure_07942.npy,3727731386.883021,0.1877587782063946
microstructure_08998.npy,3358766294.0084934,0.17532613364431948
microstructure_02566.npy,3190723302.868124,0.17662526604692752
microstructure_07863.npy,3658180711.1589856,0.17782927259478298
microstructure_07227.npy,1579878829.1583683,0.19329931382784646
microstructure_01152.npy,4124859189.0438213,0.18068502614006154
microstructure_02783.npy,1272825481.211441,0.1976665077333399
microstructure_07895.npy,1195319753.6715877,0.20206504995560884
microstructure_02248.npy,1714734780.1051764,0.1968106124410675
microstructure_00506.npy,3594492523.582639,0.1879673170323554
microstructure_01134.npy,2715318361.1970716,0.19844568393762801
microstructure_03341.npy,4300505446.937484,0.1806494868450796
microstructure_08099.npy,3907371872.071999,0.18006766453684261
microstructure_06201.npy,4610912149.014694,0.19009935960808497
microstructure_05898.npy,1473110348.018806,0.1941661923633147
microstructure_05787.npy,4224800196.8941603,0.19018888226499353
microstructure_01808.npy,3871979082.297936,0.17717208018251665
microstructure_05492.npy,3458564193.501413,0.18924337022332216
microstructure_04819.npy,3148258201.7832437,0.1715303969358532
microstructure_02480.npy,3951455292.546353,0.1790524374886354
microstructure_06252.npy,4083431248.486003,0.1913066804298356
microstructure_07207.npy,3609479823.9322114,0.1843851497792318
microstructure_07053.npy,4092339394.893873,0.1766423173323472
microstructure_05366.npy,1319444569.1546414,0.19694202391053592
microstructure_08643.npy,2375153243.5129943,0.19398370018034564
microstructure_08530.npy,1613813465.49703,0.19334422677545524
microstructure_04675.npy,2571840087.8174615,0.17774084182631752
microstructure_01074.npy,3188594067.4824634,0.18910035831970717
microstructure_04580.npy,3095696269.878263,0.18539555474123254
microstructure_02821.npy,1180262434.0018997,0.2008045124391664
microstructure_06635.npy,4356617161.2757225,0.17420756283998806
microstructure_02313.npy,2888908862.515026,0.18064182074378093
microstructure_01144.npy,4602725307.646735,0.1671723102618134
microstructure_09463.npy,4218669884.2549434,0.1713823405260968
microstructure_00716.npy,1982284047.7690585,0.18407106707666843
microstructure_02246.npy,1843625961.008331,0.18113395068788787
microstructure_03387.npy,1880651716.161329,0.1819941282922686
microstructure_01915.npy,4718984186.2849865,0.19147723092096272
microstructure_01560.npy,1953982947.7325628,0.18561091433101667
microstructure_05100.npy,3935975725.20187,0.16518734924961465
microstructure_09758.npy,2438077814.6243167,0.17579630995457993
microstructure_09573.npy,2715963264.583825,0.1794963271780225
microstructure_09627.npy,1469156652.6097982,0.19653874733128762
microstructure_09243.npy,3585899548.361081,0.18565910856489645
microstructure_02283.npy,2711296542.88849,0.19291500027409494
microstructure_02024.npy,1512240688.5286422,0.19013756065808743
microstructure_05974.npy,2326974510.9501734,0.19078509904332985
microstructure_04760.npy,1790779561.3439038,0.17404528181527087
microstructure_00514.npy,3000518276.270207,0.1868427170772935
microstructure_01330.npy,3017842069.941658,0.1754896888584869
microstructure_04010.npy,3947534568.8927274,0.17868487326973934
microstructure_07332.npy,1453081807.6096733,0.1985188927859691
microstructure_09135.npy,4329715870.339762,0.17039632500472238
microstructure_06984.npy,2860043491.890081,0.19555259527227517
microstructure_06890.npy,1482121601.9045498,0.18348925613940098
microstructure_08183.npy,2332787991.390526,0.17183771417280178
microstructure_01034.npy,1432521431.10218,0.19934280233945448
microstructure_04039.npy,1998053440.2042558,0.18556635085436382
microstructure_01945.npy,2458217855.8164387,0.18011018979523974
microstructure_04881.npy,4338848975.782906,0.1785226297694506
microstructure_09034.npy,5001453461.956035,0.179132202150249
microstructure_08852.npy,2872289182.3943286,0.1880532359044588
microstructure_06982.npy,2858728123.9728603,0.1892761962038586
microstructure_00140.npy,1683315431.2285259,0.19879499736235734
microstructure_01568.npy,1423474924.7391636,0.1946812945920402
microstructure_02309.npy,2124927432.0248713,0.1867226515214315
microstructure_01261.npy,3021587296.086386,0.17164011580746763
microstructure_05716.npy,2782788764.471314,0.185914208968186
microstructure_03868.npy,2632093195.187731,0.1829266442595822
microstructure_03687.npy,1286688911.5865312,0.19427954103618478
microstructure_02127.npy,3742241578.5599275,0.18440514513432824
microstructure_06325.npy,1172893161.0005183,0.2034750526380177
microstructure_08871.npy,3803356531.03684,0.18101041111535054
microstructure_05683.npy,1595141968.1615853,0.2087257003821016
microstructure_08639.npy,1656924435.712359,0.19878367613750317
microstructure_06070.npy,1462906418.630519,0.1996545525172406
microstructure_02651.npy,3850674010.3076935,0.1848795976464856
microstructure_05785.npy,3472447934.2041044,0.1782164133629621
microstructure_09863.npy,1651591230.6082554,0.19934458274781397
microstructure_05147.npy,1604119948.464313,0.18317842174107393
microstructure_03136.npy,2760604172.4957876,0.1826352504944526
microstructure_08459.npy,1579663814.3599582,0.19220510737410626
microstructure_04148.npy,1643988933.673153,0.19810256818780017
microstructure_05981.npy,2862490799.49943,0.18555581870385454
microstructure_05363.npy,1821368024.8535016,0.1968785089855772
microstructure_04537.npy,1867069421.740853,0.20074342100668188
microstructure_07861.npy,4238635234.4913125,0.18116158070159824
microstructure_05163.npy,2572975212.987726,0.17836627344755906
microstructure_01700.npy,3729355524.578032,0.17048535480495441
microstructure_01683.npy,3623291678.117983,0.1889221721923319
microstructure_06945.npy,2390185084.9742694,0.18852602927259793
microstructure_02841.npy,2164779202.2939506,0.19727314877605875
microstructure_07709.npy,1477721496.7713888,0.2019095695600552
microstructure_02707.npy,1362809148.1680107,0.18879109631298682
microstructure_04848.npy,3531594290.3737617,0.17702321151070835
microstructure_09854.npy,1255143915.958809,0.20489169081306988
microstructure_09902.npy,4410916698.887746,0.18426725551900683
microstructure_01746.npy,4477068886.9249525,0.18482128816571713
microstructure_08219.npy,3298525735.6932616,0.18464675720522675
microstructure_07394.npy,4319070767.87612,0.18588709113475282
microstructure_08196.npy,2119277663.510402,0.19556779701773058
microstructure_08046.npy,3641229743.9678993,0.17699706991826727
microstructure_00242.npy,4338320933.294137,0.1774427213669999
microstructure_02770.npy,3207862355.9884405,0.18803508075596168
microstructure_09656.npy,3381242569.9073486,0.18758109221297442
microstructure_06121.npy,1678964551.624775,0.1988101673192966
microstructure_07250.npy,1251140868.4873233,0.1993618966491269
microstructure_03176.npy,1863868398.283771,0.1828715865029205
microstructure_03488.npy,1835091852.293593,0.19925984614979417
microstructure_04596.npy,2475624447.9115667,0.1584344036897329
microstructure_07925.npy,1362118665.3665078,0.20291559800700815
microstructure_04931.npy,3189275913.066799,0.1802881523613927
microstructure_01007.npy,3057137783.3623176,0.17758053015004266
microstructure_05729.npy,2790335889.015979,0.18900934559760488
microstructure_05433.npy,1469605071.458007,0.18768010172578933
microstructure_04338.npy,1185499166.6213646,0.19881370029100048
microstructure_01481.npy,2582357543.472943,0.18831892072710762
microstructure_09353.npy,1688823193.4327998,0.20654395240388063
microstructure_02534.npy,1322922159.4483182,0.1994970267618561
microstructure_00152.npy,2652666385.911058,0.18597918317382856
microstructure_00934.npy,4135029229.309295,0.1841621503500244
microstructure_01001.npy,1189370791.869626,0.2001474292721536
microstructure_02478.npy,3267170424.5091915,0.1792989124692759
microstructure_03016.npy,4398954667.930876,0.17791367275493125
microstructure_03403.npy,3899624106.4089828,0.18300770354994828
microstructure_04100.npy,4450338818.43081,0.18957282407455758
microstructure_04343.npy,2180164955.3860865,0.19604344762487638
microstructure_05917.npy,2733517627.9992895,0.1845505039097789
microstructure_01328.npy,4153037234.1724935,0.17459536978786058
microstructure_02918.npy,1568513807.5748248,0.2012176849228725
microstructure_02555.npy,1232182656.5593252,0.19957446250229738
microstructure_06084.npy,1751059063.6547954,0.20120049568907827
microstructure_04095.npy,1829330274.0591488,0.19450121067592804
microstructure_09163.npy,1681774138.6802695,0.19167640873030245
microstructure_06215.npy,1437700712.3029609,0.19691654228180291
microstructure_09352.npy,2326742850.1954174,0.18354496391386896
microstructure_09756.npy,1468623847.998807,0.1973627331079461
microstructure_03115.npy,3798900278.6418896,0.18030499291538218
microstructure_02787.npy,4184282900.782059,0.1797631633402576
microstructure_09687.npy,3057142830.744052,0.1706731363884557
microstructure_08319.npy,3607646162.9590473,0.17901106739044229
microstructure_04560.npy,4220795711.646497,0.17411099708679872
microstructure_09267.npy,3771270242.6487026,0.1757189483956276
microstructure_02261.npy,4384549304.599621,0.1866076200340749
microstructure_06375.npy,4610499148.880747,0.18630335496145142
microstructure_09715.npy,1674870794.3378363,0.20069274246646404
microstructure_00254.npy,3931240510.7184396,0.19176240943605646
microstructure_05878.npy,2207516113.691357,0.18089450029188328
microstructure_08823.npy,3816407810.296596,0.17684821348332114
microstructure_05352.npy,1400386188.8080928,0.19211579603819856
microstructure_02206.npy,4197278995.4530096,0.17887830481588063
microstructure_01102.npy,3959649096.4727855,0.1774966401468637
microstructure_08886.npy,2211424147.5987167,0.19485986483693638
microstructure_06090.npy,2409386847.994671,0.20398341669542366
microstructure_05288.npy,4804992221.992081,0.1763634364458864
microstructure_01436.npy,2805462345.4204125,0.18116952766147718
microstructure_07907.npy,4043427873.3110404,0.18215702138021572
microstructure_05474.npy,1777521945.763157,0.1909298683121352
microstructure_01223.npy,2221971354.2646484,0.1867539959705256
microstructure_08592.npy,1322119970.438367,0.2026423989450806
microstructure_06696.npy,1377078612.7807791,0.20539393929156288
microstructure_09247.npy,4305102331.284533,0.18364325475558219
microstructure_01040.npy,2457883923.142191,0.15814574572409823
microstructure_03029.npy,4014951025.3786116,0.1805747543411986
microstructure_08316.npy,3531564627.09873,0.17956193930692804
microstructure_02793.npy,1865753908.3272212,0.20089693820473167
microstructure_05022.npy,2937039077.7908025,0.18484897635666175
microstructure_06000.npy,3841452962.3612514,0.17113038412168
microstructure_06707.npy,3925252384.952548,0.18180273963156665
microstructure_03312.npy,4523554281.939312,0.18356395721217883
microstructure_02901.npy,4241562465.7929187,0.17780218508514886
microstructure_08736.npy,3202812899.735023,0.18403333953799136
microstructure_02716.npy,4012217084.5757813,0.1846668299787335
microstructure_01702.npy,3417761247.1179795,0.1815121227528553
microstructure_08226.npy,2206645931.897007,0.21121741751215883
microstructure_04724.npy,1912977102.0157912,0.17724031081861386
microstructure_02599.npy,3302309137.0222616,0.184702028405832
microstructure_08780.npy,3665530228.3174334,0.1765571438517312
microstructure_07550.npy,3316867361.748035,0.1808320057118078
microstructure_03165.npy,4682317229.883301,0.18973364482656158
microstructure_04218.npy,3975423161.863629,0.18759709462424395
microstructure_04775.npy,4087434209.3918905,0.16891048868371675
microstructure_08924.npy,2384604335.074446,0.17670827217005214
microstructure_05887.npy,2878099965.287701,0.18607932353928985
microstructure_01053.npy,3890099692.61005,0.17374116703898987
microstructure_00802.npy,1962407523.25595,0.19512027952178912
microstructure_02053.npy,3895253919.169585,0.18463864248792208
microstructure_09608.npy,1737294679.750733,0.19124482207744833
microstructure_01090.npy,2632795708.8674493,0.1771570510261033
microstructure_05375.npy,3958130986.4310226,0.16708136561749856
microstructure_03685.npy,4195927079.982291,0.1820523935007022
microstructure_08292.npy,1295878667.9479783,0.19817337693008763
microstructure_03423.npy,1975866674.655491,0.19674180103823705
microstructure_03047.npy,4681659191.843524,0.18080862629899047
microstructure_01543.npy,1281101819.797191,0.19916756826573526
microstructure_03681.npy,2984340920.150799,0.1790653647984148
microstructure_00444.npy,1999095901.0445886,0.20017427600442136
microstructure_08229.npy,2370004076.2734194,0.1948918363770246
microstructure_07598.npy,1403594659.1932228,0.19022682209068584
microstructure_01519.npy,1839835585.9735732,0.19366151231196352
microstructure_03273.npy,3326472224.5617223,0.18237567062868273
microstructure_01402.npy,2974032808.4386826,0.1789140406789225
microstructure_07601.npy,2204462254.8515964,0.18503373281370572
microstructure_07453.npy,2061262159.5763953,0.1872708847594557
microstructure_04893.npy,1309252685.910507,0.1923447008866531
microstructure_09654.npy,1550355189.405455,0.19266691369423855
microstructure_01181.npy,3014198474.998037,0.16533243487291646
microstructure_04809.npy,1828852157.9917748,0.17258285420602942
microstructure_04212.npy,2730702206.557175,0.18748731486861647
microstructure_03371.npy,1866563332.4103003,0.20178800874869998
microstructure_09348.npy,2530451323.0568037,0.19293674540668163
microstructure_01544.npy,4434627014.982605,0.16952134923274176
microstructure_05872.npy,1444366677.7359068,0.2030230389726827
microstructure_00550.npy,1622898424.1180935,0.18630275064916998
microstructure_03444.npy,1739863100.5660608,0.19585798959089584
microstructure_07647.npy,1786548643.9259505,0.18914440139284827
microstructure_02576.npy,3144829352.1292057,0.18510322466693507
microstructure_01252.npy,4356838110.458666,0.1679071536659509
microstructure_08034.npy,1751127927.073103,0.18506692207615752
microstructure_06269.npy,2211860483.140373,0.18264078743533663
microstructure_01407.npy,1462949473.7813056,0.1892473106736737
microstructure_03525.npy,3105315767.1885314,0.17928769613663026
microstructure_02839.npy,2513816557.640784,0.18521410659769577
microstructure_05825.npy,4397224443.385198,0.17134659706396763
microstructure_04053.npy,3893326924.9660325,0.17156482248354302
microstructure_04588.npy,1441100193.084366,0.19364128316846307
microstructure_05114.npy,4151462801.0561805,0.1831124723856531
microstructure_01066.npy,2477825811.486463,0.17735279019815145
microstructure_01997.npy,1256255348.8719838,0.19858140723149667
microstructure_00320.npy,2026199258.706828,0.19893501732076146
microstructure_06667.npy,2043031617.4327178,0.1636864322417612
microstructure_05586.npy,3615634576.484825,0.17297258067957924
microstructure_09334.npy,2651380152.1381664,0.18261800194328578
microstructure_08105.npy,2046326061.2544963,0.19374232553374784
microstructure_00215.npy,1884478228.2111192,0.1779689490483575
microstructure_06347.npy,4236207653.293424,0.17623673192232456
microstructure_07046.npy,1981195245.8302813,0.1785179143202771
microstructure_04200.npy,1209646839.4502563,0.2001205478390377
microstructure_02656.npy,1440986342.9763036,0.1906685766042921
microstructure_03698.npy,4028832112.76468,0.1718308467786946
microstructure_01076.npy,1491837804.4369483,0.19694605202927884
microstructure_08438.npy,1547198868.744574,0.17472150328710048
microstructure_04753.npy,2908291862.046318,0.1810042533150898
microstructure_09688.npy,3321310318.9751835,0.18305415247960977
microstructure_06002.npy,4106769354.86248,0.19180627559701063
microstructure_02525.npy,1459112460.4329429,0.20327179505227502
microstructure_03969.npy,3705994895.5448666,0.18585827525185453
microstructure_03790.npy,1306658044.264224,0.19382898404633309
microstructure_03466.npy,2338563218.662792,0.18808438353866344
microstructure_01158.npy,3692142057.9673405,0.1776394390850358
microstructure_04583.npy,3766864475.9894633,0.18060286167893047
microstructure_04186.npy,3761041820.4841866,0.1712466156128147
microstructure_04011.npy,3245739118.698725,0.18279104151491396
microstructure_05940.npy,2768763884.262263,0.17969327547820613
microstructure_08114.npy,2051332044.257237,0.18712310565342644
microstructure_09025.npy,3226634724.5093956,0.18345622432136938
microstructure_00545.npy,3293461363.51586,0.1766709211035359
microstructure_01171.npy,4219389769.6051836,0.1789824913736574
microstructure_07221.npy,1564154855.7866535,0.2096453683569436
microstructure_00748.npy,3454656026.4358897,0.197825627929584
microstructure_05017.npy,4858098828.039174,0.17225072891293983
microstructure_03666.npy,1414575275.7902617,0.20400854517438774
microstructure_01221.npy,3621941755.752017,0.1910691977546471
microstructure_05407.npy,4362505100.591173,0.18377118826783115
microstructure_07564.npy,3141689494.829058,0.19113630121813752
microstructure_08129.npy,2816157355.9766726,0.17812418008040629
microstructure_03659.npy,4912330913.765572,0.1665905051523777
microstructure_00683.npy,1819743626.8542397,0.1797173194106224
microstructure_05802.npy,4572130544.834739,0.1805804430325362
microstructure_06712.npy,3835641708.935095,0.17881896420810214
microstructure_03121.npy,1270022794.5729892,0.2015283189497867
microstructure_07528.npy,2528507322.2705994,0.18715812017676822
microstructure_01273.npy,3921190151.0301137,0.17987861493187718
microstructure_06226.npy,4088727937.1586175,0.17986476370317103
microstructure_02881.npy,1313914787.0993657,0.18580069491116508
microstructure_07399.npy,1831952730.2996676,0.19568456964461584
microstructure_03517.npy,1703662251.2057834,0.19491736555712666
microstructure_02932.npy,4210668170.4630485,0.1777877384748628
microstructure_03547.npy,1298300965.1513088,0.20078668825708068
microstructure_04663.npy,4343566151.95189,0.189406770774303
microstructure_06396.npy,1374739455.1324325,0.19662126578929426
microstructure_08693.npy,1489192426.9578962,0.1981037899905248
microstructure_07490.npy,1910537311.6183524,0.19492086059287414
microstructure_08275.npy,2867414245.7243023,0.17436755892736278
microstructure_09805.npy,3510949823.217624,0.18611305990351168
microstructure_02405.npy,1488613877.79448,0.1870243998597268
microstructure_09829.npy,1335131479.1995423,0.19848259434634977
microstructure_00353.npy,2446199376.7260785,0.18083289426453839
microstructure_00028.npy,1931800107.7794654,0.18671405324535736
microstructure_04579.npy,2269422672.946294,0.19320711257360798
microstructure_04648.npy,4427590378.939367,0.1883813045095913
microstructure_07336.npy,1353626334.8844738,0.19621950340898606
microstructure_05693.npy,4820808265.980071,0.17801236913344032
microstructure_06827.npy,3201046981.5589647,0.17216477728941643
microstructure_07574.npy,3464692520.3888774,0.1869913019340182
microstructure_04726.npy,2800853502.1708913,0.1610889141442865
microstructure_02027.npy,2480787994.858627,0.18898356548259543
microstructure_04792.npy,1210245664.9109886,0.19324280021143747
microstructure_06267.npy,3103769029.125482,0.1835947872890261
microstructure_07817.npy,1885892350.2573164,0.19246845465329263
microstructure_08540.npy,2124625102.068084,0.19528504232524074
microstructure_09370.npy,4115731504.4522243,0.17285860675015363
microstructure_02328.npy,2704937600.425948,0.18043307201063657
microstructure_00130.npy,4753509555.847613,0.18038490942178695
microstructure_07722.npy,3510180228.7640276,0.19013863546703652
microstructure_02029.npy,1914043189.4472766,0.1795127085765257
microstructure_02691.npy,3344823366.7795286,0.16694544720317217
microstructure_08618.npy,1856832275.0365732,0.19633917079806962
microstructure_02726.npy,1760880046.7336123,0.19687964251034235
microstructure_01512.npy,2947660046.688869,0.18888441648345458
microstructure_00196.npy,1309252685.9105074,0.192344700886653
microstructure_01736.npy,1283881298.3276124,0.19128536067873295
microstructure_00037.npy,3745346582.760628,0.17904717583955804
microstructure_02028.npy,2114366096.0418718,0.1874672095849377
microstructure_07646.npy,2107325976.6713948,0.20955210146821673
microstructure_07583.npy,2856163703.7246275,0.18757220145134326
microstructure_09419.npy,3162465557.2787085,0.1757683891276041
microstructure_01538.npy,3681735279.2755694,0.1795470435655883
microstructure_00274.npy,3980824640.903958,0.17509521171624565
microstructure_01802.npy,1711364537.1792698,0.19912411728161072
microstructure_02158.npy,1815455474.4071293,0.2034702832565174
microstructure_09621.npy,1812568540.649351,0.18184769556473937
microstructure_09619.npy,2286627483.1462955,0.18167778511986235
microstructure_04532.npy,1586781604.419109,0.1909565139978093
microstructure_01465.npy,2601226229.9356422,0.19628401880762528
microstructure_03826.npy,3534862775.538176,0.18467472339724714
microstructure_01010.npy,2751823501.698921,0.18650041244752524
microstructure_06248.npy,2640252500.5419145,0.1907165366375563
microstructure_00419.npy,2430564025.6537976,0.19284003090830626
microstructure_08012.npy,1190270888.491944,0.20466597378615267
microstructure_07061.npy,3924238640.6247425,0.1823917576560384
microstructure_02242.npy,1256392554.0905004,0.19938105165016445
microstructure_08996.npy,2389677841.998656,0.18606331210732333
microstructure_09878.npy,1884656179.529553,0.1898109944413331
microstructure_02078.npy,3460625402.0559015,0.18700925635879193
microstructure_09019.npy,3724147059.067036,0.17593949378933857
microstructure_03741.npy,3128530900.767938,0.1847011587028854
microstructure_03430.npy,4178094023.946319,0.17504285203810832
microstructure_00052.npy,4282531170.559358,0.17907869293214435
microstructure_09798.npy,3690430104.678807,0.17347284396682788
microstructure_02681.npy,3788736298.008243,0.18791678263191472
microstructure_02268.npy,3821636352.9344625,0.18900899423691875
microstructure_01609.npy,2081692842.9376066,0.19452919198118357
microstructure_00035.npy,3154329052.0637603,0.18690895467990218
microstructure_04785.npy,2517692284.4308457,0.16248048976986396
microstructure_04043.npy,2168917802.368267,0.18153284070471493
microstructure_06370.npy,2355639052.7109594,0.19388034772625712
microstructure_05751.npy,3329109955.0026097,0.17795658345854848
microstructure_08111.npy,1330789568.8818643,0.20011072547431072
microstructure_03930.npy,4747266083.555017,0.18097212947029895
microstructure_06087.npy,1344801163.368951,0.1893593755801423
microstructure_01230.npy,3901027896.6933446,0.18290279601796955
microstructure_00136.npy,2128288707.131662,0.19382670845577668
microstructure_06571.npy,2186200734.1325607,0.18286119073083576
microstructure_06523.npy,1808175058.7558687,0.19105929895341583
microstructure_08276.npy,2064332177.90356,0.18882608825308658
microstructure_08477.npy,2430889008.750511,0.1646588791224683
microstructure_03813.npy,4673250236.6463995,0.1739399994692882
microstructure_03998.npy,3007188297.4163675,0.19160941134368586
microstructure_01551.npy,1542033118.8451009,0.20292464190223386
microstructure_04619.npy,1798237278.6626966,0.19335543639898675
microstructure_08330.npy,2977601094.5231295,0.17330250794407775
microstructure_03239.npy,4111073088.7894835,0.17919583532285657
microstructure_07255.npy,2109550601.058637,0.20474756605768735
microstructure_00718.npy,3883014023.8408403,0.17970074701009728
microstructure_04610.npy,4357129437.060435,0.18204526388800304
microstructure_03245.npy,2847235232.7680774,0.17957813807335496
microstructure_00023.npy,3743239581.6235533,0.18828804373652355
microstructure_06859.npy,2231068107.3877773,0.18959330661607451
microstructure_03689.npy,3937484740.5823684,0.17551902997736
microstructure_05404.npy,1692611823.503028,0.19894475865751507
microstructure_07457.npy,2369662015.5730066,0.17248928311713532
microstructure_08907.npy,3435340886.0362334,0.18107630884039244
microstructure_03037.npy,1459446672.4816687,0.20287522939284827
microstructure_08992.npy,4355891568.4150715,0.17616155552078397
microstructure_08522.npy,2153895953.571605,0.19404072125582475
microstructure_04661.npy,2337725683.2448444,0.15191962011511678
microstructure_01926.npy,3168468041.766317,0.16886510970839166
microstructure_09543.npy,1343310017.1176503,0.19419905906126972
microstructure_08769.npy,4386264704.1607065,0.17992129939147847
microstructure_04457.npy,1437834892.2088978,0.19350727360745906
microstructure_03628.npy,3167733530.306882,0.18273830535094585
microstructure_05301.npy,1388223031.336549,0.19219078088702057
microstructure_05557.npy,1531876740.2385578,0.18751183079702732
microstructure_03565.npy,3638289631.4042835,0.18776386367645648
microstructure_08620.npy,2178991848.646343,0.1894048680202535
microstructure_02314.npy,1338715261.6602614,0.1998311975836899
microstructure_00469.npy,1418529528.0238514,0.19826113703176124
microstructure_02618.npy,1439558969.5682817,0.20090324627832876
microstructure_05709.npy,1285783197.6552317,0.19412264933918247
microstructure_03938.npy,1369376105.342878,0.19855563038574414
microstructure_00508.npy,1877280514.5669866,0.15874513135495122
microstructure_03924.npy,2786470905.211643,0.1892610714116196
microstructure_04655.npy,3381344549.475282,0.18168139517884002
microstructure_06116.npy,4432132252.0908985,0.1779083082227757
microstructure_08709.npy,4298990035.27111,0.1824557190371487
microstructure_05410.npy,1844111289.5042274,0.18394295994817195
microstructure_06469.npy,2539229893.4462543,0.18233315600197644
microstructure_02721.npy,1878352451.5924783,0.1930235958274061
microstructure_07755.npy,1185239590.5886276,0.20111617438915724
microstructure_03876.npy,1184214899.3646438,0.2040888566604032
microstructure_00535.npy,1206186152.1374116,0.19632976577129738
microstructure_04422.npy,1370761728.322631,0.1935956698596261
microstructure_02255.npy,1811874752.7221818,0.19448523237617815
microstructure_09653.npy,3423658694.265271,0.18837205241781607
microstructure_00070.npy,2468021940.1112547,0.17100939633126494
microstructure_06545.npy,4634641726.999544,0.18627055605452703
microstructure_08649.npy,3819576895.8735466,0.1847188867643699
microstructure_09950.npy,1710606013.0262842,0.19639848589559097
microstructure_04929.npy,4359143311.374173,0.17605166115577034
microstructure_02039.npy,1371123972.2982965,0.1898144540664138
microstructure_02624.npy,4179922369.023129,0.17808666725383915
microstructure_08191.npy,2013430552.136812,0.1940437333202441
microstructure_07178.npy,3539778758.853385,0.17171495089387734
microstructure_06231.npy,2071653380.6111948,0.18452209797572033
microstructure_02291.npy,2112788207.975967,0.1848739317151707
microstructure_01476.npy,4834215771.289924,0.18238031963235726
microstructure_03003.npy,4350043698.80293,0.1783485623668341
microstructure_03749.npy,2602137370.1361527,0.18974401213186823
microstructure_06597.npy,3624110528.046556,0.17046237463749575
microstructure_02399.npy,1748164900.692578,0.1921028288348611
microstructure_08613.npy,2492914488.357182,0.18079353904637133
microstructure_04248.npy,1536941316.322193,0.19446831072462537
microstructure_05265.npy,2681827931.6522827,0.18862194846640462
microstructure_01098.npy,3533979617.0441155,0.1749711592607278
microstructure_02945.npy,2873109060.1005287,0.17753705544146195
microstructure_04420.npy,1680400131.8100097,0.19663412090917412
microstructure_01524.npy,4124349141.4318547,0.18600730665136464
microstructure_06582.npy,2090883932.2711477,0.1872516981344865
microstructure_04196.npy,1724235076.5440927,0.20005580385162222
microstructure_04390.npy,2128292144.5571692,0.19023976584585967
microstructure_05157.npy,1407311445.7140458,0.20548549368166305
microstructure_07206.npy,1860357506.9234357,0.18901657742717579
microstructure_00640.npy,2300191040.603298,0.19256829162062442
microstructure_07092.npy,1939857952.2470849,0.19499739456842843
microstructure_02712.npy,1401855946.4132838,0.1972124305948798
microstructure_07920.npy,3100149693.827364,0.1932809835345515
microstructure_05661.npy,1420859179.0773485,0.2118586355514182
microstructure_08487.npy,3510097609.7725916,0.1810698804235582
microstructure_05307.npy,2158792738.4114265,0.18745749903797182
microstructure_07780.npy,3463572042.1626754,0.18531466731881419
microstructure_08863.npy,2287072166.921434,0.1864364650671619
microstructure_01733.npy,3308570263.404389,0.17049685589019087
microstructure_09673.npy,1399658964.7236078,0.20169126934560844
microstructure_05945.npy,2124725384.031038,0.187693198656985
microstructure_07533.npy,1873213554.623241,0.19870317322273742
microstructure_01585.npy,2720581636.4114723,0.1877515276189512
microstructure_07100.npy,4140754096.3496323,0.18367888823051662
microstructure_06323.npy,2825956588.563826,0.1930043348459118
microstructure_07885.npy,3492046863.248434,0.18580690950120382
microstructure_01685.npy,1935911785.0898442,0.1898491466176812
microstructure_03040.npy,1309154074.4930904,0.20330800144180236
microstructure_01349.npy,3471233184.5408497,0.18234778492756068
microstructure_09773.npy,2110106624.3513007,0.19196660404127003
microstructure_04612.npy,1552499752.351611,0.20034739783462222
microstructure_07602.npy,2756764497.0351825,0.1814962504787691
microstructure_02688.npy,3368565813.4433184,0.17772821442387457
microstructure_07196.npy,4456224599.162209,0.1832807587797102
microstructure_04611.npy,2885622761.0395293,0.1848708748837237
microstructure_09900.npy,1622943940.1111455,0.19369255851139827
microstructure_01728.npy,1365581729.7926114,0.19683512178333815
microstructure_01286.npy,1838346104.139865,0.20099208954951142
microstructure_04365.npy,1592593649.6434622,0.19764486910529838
microstructure_03204.npy,3922049264.4438953,0.18286482469835263
microstructure_00466.npy,4738387947.667017,0.1842459472270237
microstructure_00806.npy,1866238182.6039405,0.19106009485342237
microstructure_07211.npy,1640393555.498123,0.19089202865501428
microstructure_02628.npy,1642447656.1356738,0.19467535090659951
microstructure_00350.npy,4469374604.232902,0.1760826300740267
microstructure_05368.npy,1209062917.7704911,0.19610388975582674
microstructure_08894.npy,3673770375.2720566,0.17771377881759265
microstructure_05874.npy,3617668053.7855897,0.18202489305617411
microstructure_07794.npy,1361608193.8158891,0.19985099845501572
microstructure_02809.npy,1539943025.9549513,0.19320582132092462
microstructure_06367.npy,1190783927.1945016,0.1983349643030138
microstructure_02560.npy,3317111604.4959197,0.17436204459251145
microstructure_00202.npy,4016024527.1967273,0.16987224859518335
microstructure_00780.npy,4418131307.752043,0.18004143043069146
microstructure_04791.npy,1915471901.7264233,0.19070362833537238
microstructure_04644.npy,1407300772.7060509,0.1995172898851707
microstructure_01468.npy,1479506353.0631905,0.19260860447562825
microstructure_00214.npy,4276080975.279037,0.18615788481466972
microstructure_04056.npy,4206235086.8904257,0.17425244424183448
microstructure_01540.npy,1848082009.0473573,0.18704313682877446
microstructure_02285.npy,1935999653.8923917,0.1901105148109552
microstructure_06759.npy,2045344992.9174054,0.20684836424203268
microstructure_09312.npy,4202472208.0082836,0.18602230030751174
microstructure_02631.npy,1904924389.0181866,0.17670704031483742
microstructure_06164.npy,4276585030.212563,0.17465136460438807
microstructure_09986.npy,4595401783.957599,0.18863155126847608
microstructure_04762.npy,2639915082.538035,0.16678106628954598
microstructure_01592.npy,1824266731.3104606,0.19725289548629646
microstructure_09175.npy,1782746281.2151735,0.18887283464206028
microstructure_04033.npy,3969468690.568989,0.1776313568696718
microstructure_07816.npy,3557541041.1130953,0.1841046926331949
microstructure_00857.npy,2277055173.1215672,0.1942417077327123
microstructure_06261.npy,2762263865.771767,0.1972648593922749
microstructure_08220.npy,2025456591.893127,0.1819657229944191
microstructure_04241.npy,3614181927.393663,0.18286494869406686
microstructure_01666.npy,1735199290.6196723,0.1921793162290427
microstructure_00591.npy,1897662775.5381641,0.1743297415908915
microstructure_00582.npy,3873278606.0450687,0.1669798091646931
microstructure_08566.npy,2426937910.8301744,0.1928120853187243
microstructure_03752.npy,1391005324.9347174,0.19730146144765012
microstructure_03218.npy,1829018585.1166012,0.2008328187528144
microstructure_06379.npy,1464382818.3171198,0.20211773438274167
microstructure_09305.npy,4159969008.6357117,0.18184647670481568
microstructure_03390.npy,3655459205.880563,0.1861880828370862
microstructure_04763.npy,2457628592.606945,0.19084200199828238
microstructure_06409.npy,1645741279.5726807,0.1939241211884685
microstructure_01203.npy,3450973106.6165285,0.16953094472937522
microstructure_03966.npy,4389712273.059492,0.1883868349402781
microstructure_04892.npy,3493673936.922338,0.18321101763558212
microstructure_02551.npy,2222012594.761095,0.19423887826218475
microstructure_09255.npy,3577183630.375383,0.1701804818268378
microstructure_00904.npy,3330744874.604607,0.17752036575263022
microstructure_00356.npy,2734866501.498477,0.18430423144832767
microstructure_06774.npy,3501551535.594043,0.1741776075293992
microstructure_00354.npy,1558153916.196624,0.20711142087027154
microstructure_08381.npy,2983218954.9014173,0.19690777085191344
microstructure_00184.npy,3526135925.440667,0.16884943849095693
microstructure_06705.npy,1362792150.8708067,0.20701773780927651
microstructure_00125.npy,2862669240.851041,0.18089922456515095
microstructure_05970.npy,1830236177.324745,0.19635253541920045
microstructure_01506.npy,1626756306.1008754,0.19307199968930913
microstructure_02037.npy,2538436422.128096,0.17916403617893054
microstructure_07555.npy,2685595456.3195095,0.18567582054081566
microstructure_02516.npy,1427429093.6819336,0.19939034488287227
microstructure_09193.npy,2047612366.0029218,0.193575921167501
microstructure_09490.npy,2908088681.2729096,0.17890475966554903
microstructure_03412.npy,1368155711.5742383,0.20772989568589262
microstructure_04122.npy,2261915428.1732635,0.19574010863159483
microstructure_09486.npy,2427465895.800231,0.1793056581368206
microstructure_00649.npy,2114599174.5416486,0.18842726788120853
microstructure_09990.npy,1503861441.646414,0.21228935771390817
microstructure_02185.npy,3613865873.6843786,0.17029074781856218
microstructure_01696.npy,3753685306.1607456,0.17326338847914158
microstructure_00753.npy,2732116932.8031397,0.18333435161875333
microstructure_03579.npy,1928634985.1779222,0.18539148389398297
microstructure_01107.npy,1904861310.7429178,0.1831205858175909
microstructure_02915.npy,1382647270.8624892,0.1954407338346652
microstructure_05270.npy,2045570790.0967925,0.18275427565133512
microstructure_03130.npy,1363814586.9860356,0.2065279494721349
microstructure_04952.npy,1389437415.4674675,0.1901376280426875
microstructure_03718.npy,1890648130.8919413,0.19919574081962893
microstructure_00277.npy,3892307045.550681,0.18329087616672923
microstructure_04397.npy,1685787949.5050309,0.1783826351728979
microstructure_06636.npy,1648043076.5542586,0.19787692762246079
microstructure_04787.npy,4157426746.2486525,0.17688773761445462
microstructure_00678.npy,2230113113.5051923,0.179524364954368
microstructure_08491.npy,4018494592.904972,0.18417758817382518
microstructure_03705.npy,4890623697.724534,0.17187190985907017
microstructure_05195.npy,5634619911.393994,0.17250834713489552
microstructure_08626.npy,2774996360.163787,0.17859430140950755
microstructure_09154.npy,1636134324.6538727,0.1979202489294394
microstructure_07496.npy,4199241633.7254877,0.17610279832258435
microstructure_03598.npy,3900625786.384599,0.18181324696222073
microstructure_09729.npy,3550941023.7935987,0.18548700258805803
microstructure_09680.npy,1220821350.9953268,0.19444158111497972
microstructure_07087.npy,3409062672.335987,0.1828880579665502
microstructure_00122.npy,3953318545.7548046,0.16931916138028488
microstructure_06349.npy,3564774204.960997,0.17472384049551387
microstructure_01778.npy,1703451845.2279897,0.19122764949071386
microstructure_08306.npy,2934965634.8653913,0.18577941396938505
microstructure_01738.npy,1188530663.5797534,0.20262267562185352
microstructure_08273.npy,3929944888.440488,0.17151270043788258
microstructure_02826.npy,1347213556.1410787,0.19675604417924286
microstructure_03587.npy,1733749391.51555,0.20111552844829503
microstructure_01968.npy,4481364869.62965,0.1848881233857058
microstructure_07476.npy,1255545215.2931502,0.20136481490536529
microstructure_06960.npy,4193465711.4603963,0.1801918610438926
microstructure_04013.npy,1522223230.0704658,0.20768912566285014
microstructure_09190.npy,1665121331.3187459,0.1875490326201778
microstructure_09649.npy,1592144115.9063647,0.21005508597303021
microstructure_03856.npy,1975477994.6874025,0.18778581226391614
microstructure_04086.npy,3923639284.8925333,0.17375738812708882
microstructure_03174.npy,1965412522.8946095,0.18700097816997238
microstructure_03030.npy,1216058758.4480183,0.20269178666263965
microstructure_04172.npy,1528857651.4712765,0.18818702365337836
microstructure_04204.npy,3617593892.745687,0.1803683406505391
microstructure_05771.npy,2571518343.870101,0.18513203004583886
microstructure_09669.npy,4277659605.6845655,0.18935911522597423
microstructure_00321.npy,3323053227.605068,0.17529571887296932
microstructure_05000.npy,1742730886.269721,0.20111844927311337
microstructure_01092.npy,1277350488.962611,0.20399614782025083
microstructure_01426.npy,1221098066.09963,0.20284860726660905
microstructure_05306.npy,1632780896.2270837,0.17932986480999427
microstructure_04243.npy,1309252685.9105074,0.19234470088665304
microstructure_01558.npy,4056638310.1423726,0.18796548708619978
microstructure_06567.npy,3542046615.7003202,0.19737616141614073
microstructure_04252.npy,3629631621.289853,0.1911924366038034
microstructure_00333.npy,2621188672.500882,0.19648058612448013
microstructure_08416.npy,3019572039.457011,0.17982451502974636
microstructure_00658.npy,4900338256.73144,0.17320925789739408
microstructure_09064.npy,3740660323.8925347,0.17975658937470995
microstructure_02493.npy,2658995543.6923966,0.17785220407247765
microstructure_01724.npy,2837617821.143557,0.17843603586298526
microstructure_09219.npy,1289341232.7498312,0.20235845170509936
microstructure_05660.npy,4792674210.390762,0.18372553746439715
microstructure_08075.npy,2651846587.0283394,0.19434070108457632
microstructure_06434.npy,3459139209.419724,0.18115262720001932
microstructure_02588.npy,4194547899.2509756,0.17846212088783428
microstructure_08089.npy,1535966682.3956637,0.20045807634527615
microstructure_08104.npy,4203953598.2417502,0.17437968014562544
microstructure_01816.npy,4061589780.512996,0.18638576959837877
microstructure_09630.npy,2666911838.6575546,0.19034265369460152
microstructure_06668.npy,1399372919.3719587,0.19924658969140902
microstructure_01246.npy,1688890254.4833186,0.19631737335270558
microstructure_01127.npy,1981718967.0018384,0.18377681106594007
microstructure_02762.npy,3982245771.8745947,0.17500114371171424
microstructure_05633.npy,1667138336.719518,0.1871934063847285
microstructure_05995.npy,3834207277.5936365,0.17811542321875173
microstructure_04767.npy,4070509583.8905497,0.17172432554863012
microstructure_02823.npy,4743804168.132338,0.17921051418155698
microstructure_09934.npy,4224225097.5632567,0.17416354457888833
microstructure_09460.npy,3626950527.2034793,0.15699628436437446
microstructure_00358.npy,4260555104.4395313,0.18734383932214455
microstructure_08689.npy,1670951531.3164096,0.20132382284399908
microstructure_02237.npy,2047091192.4438112,0.18684786164981232
microstructure_05314.npy,2194065330.259127,0.19101265973590215
microstructure_05331.npy,2023008398.484145,0.2036196177917348
microstructure_04316.npy,2791123380.666207,0.1549390543111719
microstructure_03497.npy,2985164801.580178,0.1719390641191471
microstructure_04418.npy,1540350122.5849867,0.20362018585712205
microstructure_04827.npy,2161495404.724,0.1833905510539471
microstructure_05135.npy,3362126138.133523,0.1878369460435643
microstructure_04938.npy,3111867793.066292,0.17844999007315004
microstructure_04923.npy,2337044532.541108,0.1973097826713693
microstructure_02916.npy,5362668624.725728,0.18251473069557486
microstructure_06287.npy,1806744838.7515216,0.1729448780328286
microstructure_02385.npy,4270597105.14675,0.17396432938812212
microstructure_02383.npy,4006522643.614777,0.177811809943692
microstructure_00705.npy,4084938051.1340604,0.1779919213587063
microstructure_08697.npy,4223288103.003025,0.18362380128491104
microstructure_09555.npy,1520059933.884692,0.19479406269638025
microstructure_06755.npy,1257265975.566336,0.20593539848887774
microstructure_09091.npy,2652928048.482734,0.18919163294263663
microstructure_01462.npy,2739313215.9763346,0.16246391277639
microstructure_06856.npy,3900051071.495154,0.18294018902820858
microstructure_03028.npy,2939730306.963556,0.1866207254383668
microstructure_04192.npy,4379767823.1742115,0.1754249491912179
microstructure_04905.npy,2047159007.8638623,0.17801073974919568
microstructure_09979.npy,3724519796.3561506,0.17340220606135154
microstructure_09799.npy,4448757889.049186,0.18121374192399098
microstructure_06992.npy,1390016867.4504614,0.18863107499370863
microstructure_06516.npy,3543465138.1438537,0.1817758206867519
microstructure_07055.npy,1289758074.7970874,0.2017008714226809
microstructure_08880.npy,1495016148.1292572,0.18164829184428963
microstructure_09183.npy,3102087794.615333,0.18313018649100413
microstructure_01183.npy,1640526755.0148342,0.18636535497363552
microstructure_04940.npy,2157169338.536305,0.20498687706658542
microstructure_01944.npy,3097991419.2589417,0.18423556158411492
microstructure_02374.npy,1935462651.5083973,0.15923036303520674
microstructure_04399.npy,1471084301.523128,0.18760737995476784
microstructure_03947.npy,3856376940.7296124,0.1763581437253829
microstructure_05587.npy,4000704929.094403,0.18520860428612446
microstructure_06806.npy,2442079528.9011903,0.18996602937752044
microstructure_05565.npy,4261535427.252566,0.17141212867916472
microstructure_04887.npy,2874283090.2918644,0.1800284255661245
microstructure_04054.npy,2001193154.481941,0.18438590496035204
microstructure_06027.npy,3779724400.8786902,0.17444420221267043
microstructure_09295.npy,2177696636.737031,0.1822533935437197
microstructure_02016.npy,4139713804.1759124,0.1700710099400146
microstructure_09884.npy,4362294603.284058,0.17807360815925485
microstructure_03271.npy,1728555961.6498256,0.18007414199031954
microstructure_01490.npy,3300160136.1466556,0.18324503311968374
microstructure_08498.npy,2578567731.825712,0.17241471794941335
microstructure_04325.npy,1439262829.358295,0.2050832007079334
microstructure_07941.npy,3668096075.6806192,0.18410768953685672
microstructure_00341.npy,2477633103.78129,0.19154637454166018
microstructure_03377.npy,3591400564.997602,0.18289297254383766
microstructure_03263.npy,3763644069.233486,0.1821894446916107
microstructure_06147.npy,3778704906.923248,0.185671615250439
microstructure_06741.npy,1571607023.532562,0.19187112710911694
microstructure_00837.npy,1181913422.9158854,0.1989035569178829
microstructure_03758.npy,4388143268.411799,0.18700054567573815
microstructure_04749.npy,2180135391.288325,0.19803281182014104
microstructure_00236.npy,2422687394.7932568,0.18222892369655624
microstructure_06398.npy,1235228035.3155375,0.19851633361557108
microstructure_02739.npy,1741761851.6019573,0.19420434621555857
microstructure_07973.npy,3432111146.2415743,0.15700903218452747
microstructure_02538.npy,2708065075.148799,0.18607093832470706
microstructure_04129.npy,1253787307.9718866,0.19952288268061583
microstructure_09393.npy,4216022581.432858,0.17472994447800985
microstructure_02849.npy,2920161148.521426,0.18299578003762912
microstructure_05623.npy,1881110535.3231637,0.19137459387312022
microstructure_08562.npy,2068643098.1283762,0.1925239372018196
microstructure_06250.npy,1627506667.9128609,0.1905518045233876
microstructure_08739.npy,4747145296.894753,0.1878178752531382
microstructure_06855.npy,2261130808.8467445,0.17901708611622413
microstructure_00916.npy,1415799930.5977654,0.18201450003490086
microstructure_04849.npy,1208001239.1244807,0.19341063977184572
microstructure_01096.npy,4153626153.0381308,0.1883887115955046
microstructure_02047.npy,1668323461.6185026,0.19263394320424965
microstructure_00352.npy,4015264000.6889653,0.17819556545135282
microstructure_04368.npy,2822512238.0444326,0.18789275051867413
microstructure_01310.npy,1244087063.4356434,0.19667957351651988
microstructure_03881.npy,2245546541.452899,0.19732629511618438
microstructure_08365.npy,2558940899.1920323,0.1883932466799281
microstructure_04586.npy,3948456449.633271,0.18412260778681394
microstructure_00779.npy,3865283553.3137693,0.18549240401217426
microstructure_09438.npy,2096384873.8359509,0.20071141699603126
microstructure_06892.npy,4080426541.052766,0.18497878089868391
microstructure_04385.npy,1255560544.2076952,0.19443059417144035
microstructure_00154.npy,1367169644.187109,0.1965635203666238
microstructure_08152.npy,1617648323.8697293,0.21146604845372124
microstructure_07423.npy,2015855259.2123795,0.18501139242027148
microstructure_03851.npy,2089232079.0595171,0.19486995693993842
microstructure_08695.npy,3441348162.962931,0.1849191205249168
microstructure_06574.npy,2710981938.521556,0.1856890153040428
microstructure_00788.npy,2405940342.9917054,0.19321511306632766
microstructure_06160.npy,2841206664.511932,0.17886414138720133
microstructure_00554.npy,3645455805.472291,0.1620052375875392
microstructure_03516.npy,2780047809.3698754,0.1769727630374758
microstructure_04662.npy,2541995067.0292416,0.18942523044610346
microstructure_01829.npy,1543462200.998281,0.20093757953356556
microstructure_05690.npy,3846700268.654367,0.17734350388337627
microstructure_09571.npy,2058372276.2825422,0.17215039779681857
microstructure_02251.npy,3644201077.365299,0.1809777410971739
microstructure_08283.npy,3860529739.10412,0.18041024804712832
microstructure_05943.npy,4227227582.547851,0.18454800666593663
microstructure_04607.npy,2329725364.8769035,0.19656084578227956
microstructure_09036.npy,3556091022.053252,0.18937100224327758
microstructure_02357.npy,1464855487.8487933,0.1863577444636718
microstructure_09602.npy,1451214297.6546793,0.1956038044481007
microstructure_06466.npy,4115015133.5868897,0.1835122678696193
microstructure_09376.npy,2600204367.3222785,0.16915638439828795
microstructure_02680.npy,1467922691.0493646,0.19949473600586212
microstructure_08563.npy,2390934557.6445503,0.19001488549145165
microstructure_06495.npy,2497688179.236664,0.1777100494496701
microstructure_08506.npy,1239941730.1207242,0.1946123672905284
microstructure_05669.npy,4502722109.916869,0.1806873762695123
microstructure_08016.npy,1363130709.4624023,0.1938133987382765
microstructure_05443.npy,3044099991.0932813,0.17680479114683526
microstructure_09282.npy,2999226888.749518,0.18405493065322626
microstructure_02883.npy,1779273644.636286,0.18935965680377562
microstructure_08101.npy,1228374364.3536572,0.20035547030195952
microstructure_03495.npy,2189917271.302974,0.1970266413136437
microstructure_02033.npy,2688040124.44222,0.18392022135421027
microstructure_06099.npy,2918480985.748901,0.18330825825362612
microstructure_06830.npy,2312184835.1962996,0.1934034034526044
microstructure_02308.npy,1509768839.4747174,0.19010196083476183
microstructure_02899.npy,1630492028.0859356,0.20408379083337744
microstructure_07935.npy,4032093158.3108487,0.17146433138146935
microstructure_03272.npy,1816467459.293218,0.20273893004622198
microstructure_02375.npy,1476952748.7893105,0.17902764896943232
microstructure_05273.npy,4047179557.3727326,0.1849993329574849
microstructure_05807.npy,3897145224.4566607,0.18044738014484457
microstructure_02154.npy,1608186292.0479069,0.18710872858232527
microstructure_07314.npy,1499591366.684885,0.19681200327677364
microstructure_06032.npy,3456453293.1632104,0.16785742712795823
microstructure_01956.npy,1495637004.7441123,0.19024531965485011
microstructure_05921.npy,2060805037.125473,0.190682066054972
microstructure_00558.npy,1730342142.8306594,0.17037487997684178
microstructure_01256.npy,4055739274.049043,0.18334497331159225
microstructure_08036.npy,1374706018.0362632,0.19777789712978688
microstructure_00158.npy,2985731709.955352,0.2045777292323845
microstructure_02713.npy,1715955355.8415601,0.1890060837283409
microstructure_02543.npy,3277216631.1895204,0.17155995474917307
microstructure_08564.npy,4359127194.280167,0.19000171906987445
microstructure_03443.npy,4297125837.493599,0.184631698300915
microstructure_05542.npy,4856658606.699192,0.1801605487010099
microstructure_03859.npy,2631510947.4519525,0.1615278065896515
microstructure_06694.npy,3814198225.8130445,0.1971691202990883
microstructure_03597.npy,3994080241.087191,0.17756732597847302
microstructure_00181.npy,1307266618.7109416,0.20539768026731536
microstructure_07901.npy,1639546462.0068178,0.19126787364613074
microstructure_08392.npy,1429193671.494017,0.20358239889595317
microstructure_07512.npy,2196319278.9485455,0.1909922427591837
microstructure_08855.npy,4369252275.3854265,0.18010617248486263
microstructure_06096.npy,4457309562.383657,0.1731687201503802
microstructure_07694.npy,1726513466.2093074,0.2009772679826574
microstructure_07963.npy,3862743268.1986947,0.1675404012304377
microstructure_09184.npy,1293701737.6018758,0.19761653814114458
microstructure_04358.npy,1573095353.724406,0.20918782198175268
microstructure_03540.npy,3746675011.662251,0.17308323004671772
microstructure_07503.npy,1640101195.4572847,0.19351604885841603
microstructure_01350.npy,3341360744.7819133,0.17704894451162184
microstructure_02267.npy,3832133931.661181,0.17672978581258716
microstructure_06576.npy,4169630774.374597,0.1849560165390553
microstructure_00590.npy,1458689766.8428545,0.19399940628496312
microstructure_09838.npy,1390307304.059605,0.1953633584762732
microstructure_01796.npy,3188740244.50453,0.18057166371899291
microstructure_03275.npy,3905152210.6387906,0.18377533888049885
microstructure_03795.npy,2182454800.7836456,0.19048165315475626
microstructure_08577.npy,3041892672.2230034,0.17809638578889628
microstructure_03911.npy,2000578982.926611,0.19797988949546783
microstructure_08888.npy,2252289331.809401,0.1449130203686493
microstructure_02195.npy,4328956867.081564,0.17409722425913265
microstructure_09738.npy,2157948604.121036,0.18040053940954293
microstructure_09607.npy,2175470641.62356,0.18813161913271703
microstructure_08123.npy,1468416825.4281096,0.19987247411322542
microstructure_02462.npy,3923266666.151824,0.1725894033561647
microstructure_02632.npy,2182326127.8871183,0.17661786891616715
microstructure_09518.npy,1994652842.7377687,0.17656309485441163
microstructure_01478.npy,3944949869.766788,0.17898199690568317
microstructure_09663.npy,2703197552.08537,0.19329945654822003
microstructure_04341.npy,1371123972.2982965,0.18981445406641365
microstructure_02582.npy,2013003104.8693871,0.18971163812263403
microstructure_04025.npy,1332354206.347981,0.20039620734737895
microstructure_09634.npy,3313985698.2144413,0.17265026867482877
microstructure_08207.npy,2298091505.717415,0.19130089716801443
microstructure_03407.npy,2336024009.166191,0.19031617663153183
microstructure_03973.npy,4628139164.279605,0.17645048754680873
microstructure_03321.npy,1438070560.0756652,0.2020808185039543
microstructure_03634.npy,1813794522.282001,0.1818244598542711
microstructure_02989.npy,2371080619.4441304,0.1696357454539632
microstructure_02431.npy,2448959905.9918604,0.17840858278138866
microstructure_04834.npy,1237719059.6749637,0.20017367907763942
microstructure_04493.npy,2976243676.972467,0.1952173838693198
microstructure_03240.npy,3836888069.308168,0.18393977682337062
microstructure_04990.npy,1501457746.2870672,0.18798051855040795
microstructure_03061.npy,2566868050.047094,0.16800881696814962
microstructure_08751.npy,4604536576.495787,0.18672001144774378
microstructure_09579.npy,3573797659.6849785,0.1819345472969323
microstructure_03907.npy,2997373235.113354,0.18890957713781933
microstructure_05425.npy,4045092710.403149,0.18605195779583264
microstructure_02634.npy,3765940894.6300993,0.1764538782596524
microstructure_00271.npy,2878094237.3719997,0.18401167883515332
microstructure_05789.npy,2923014755.8057184,0.1870218973252496
microstructure_09214.npy,2433163319.234041,0.1802770020236418
microstructure_09002.npy,4049003845.741182,0.17764898193412787
microstructure_03088.npy,1606032818.742695,0.17899248334816517
microstructure_03557.npy,2543091373.9158897,0.1857711296861474
microstructure_02156.npy,2666139470.685571,0.17825925582328775
microstructure_02404.npy,2158087542.1239963,0.17231957519698257
microstructure_07921.npy,3842700437.0218782,0.17438849707866
microstructure_02654.npy,1969757721.8948638,0.19296791375043598
microstructure_07810.npy,3920623516.419965,0.18310990569407692
microstructure_04327.npy,3920297455.3714676,0.18997438143981418
microstructure_08059.npy,1348869141.6129675,0.19892689441498806
microstructure_06594.npy,1646869951.4812136,0.19678053055651207
microstructure_04307.npy,1695169882.8479857,0.20153353968061016
microstructure_00371.npy,1875021057.102816,0.19625846497139973
microstructure_06865.npy,1587523415.9552996,0.19338480682443218
microstructure_08177.npy,4053847246.8469973,0.17630918793484748
microstructure_00623.npy,1596667600.6384256,0.18944714614973807
microstructure_04669.npy,4177001790.0720615,0.1751613756274879
microstructure_06402.npy,1371123972.2982967,0.18981445406641353
microstructure_05761.npy,3354806256.7433057,0.1706980608544807
microstructure_09740.npy,3170715199.3834667,0.19662069879628377
microstructure_00805.npy,1208149396.4715989,0.20374286584820195
microstructure_07668.npy,1654908137.1061132,0.20407633559383268
microstructure_04024.npy,3193777201.5745378,0.1799471831938553
microstructure_00159.npy,3400838140.060304,0.1837108858474004
microstructure_03977.npy,1912328040.995132,0.19247868996111756
microstructure_09392.npy,1285237655.1345923,0.1974334680086634
microstructure_03775.npy,1253838930.067031,0.208060074714505
microstructure_03725.npy,3347058773.5365896,0.17292896738713173
microstructure_06515.npy,3996351218.639386,0.18497349551543626
microstructure_07273.npy,2002378101.279875,0.20196481890661008
microstructure_02137.npy,1917468299.1981974,0.19776811962617266
microstructure_06670.npy,1467682163.9461212,0.19442856186109453
microstructure_02168.npy,2651813201.3043084,0.18372079327235552
microstructure_00310.npy,2446815997.385824,0.16511979704511853
microstructure_08428.npy,2260399874.3415256,0.19079162720775197
microstructure_05670.npy,2595676193.869059,0.18800600345266527
microstructure_05148.npy,3911901449.0715995,0.17885767089884166
microstructure_08494.npy,3800949589.2833495,0.1813427544047686
microstructure_05325.npy,1897239435.9598064,0.18889545662488344
microstructure_09238.npy,2859297790.2464714,0.17400906193976143
microstructure_08344.npy,1816116018.1451015,0.17839934923911202
microstructure_01018.npy,2222303642.298727,0.19782258499812766
microstructure_03364.npy,2645604721.186182,0.18381604187465633
microstructure_01019.npy,4386714375.674909,0.17981246341507565
microstructure_00729.npy,3509781640.4947023,0.18047833461438445
microstructure_06778.npy,4060903123.1047983,0.1758554653921756
microstructure_06097.npy,4294241975.194204,0.17649337164279794
microstructure_01818.npy,2126166059.812173,0.1897439311823236
microstructure_00276.npy,3544697554.331595,0.18279495623822437
microstructure_04909.npy,3895032961.110432,0.18041349558256423
microstructure_00842.npy,1988153242.1999178,0.20741523128023823
microstructure_09493.npy,2485242737.376795,0.18872412537917593
microstructure_02882.npy,2063637994.9730954,0.18317654782344173
microstructure_03850.npy,1655262784.3466408,0.1923029383480681
microstructure_00343.npy,4389013958.656341,0.18534215479291166
microstructure_01556.npy,3438989699.672607,0.17678941908780024
microstructure_07311.npy,1505224089.6042385,0.19462996133226135
microstructure_09249.npy,1450626078.2159457,0.1827405437077709
microstructure_09892.npy,3798535782.0790567,0.181706078747716
microstructure_00491.npy,2073772923.5216455,0.1848604889398372
microstructure_08712.npy,3922889200.895195,0.18974967843149418
microstructure_06973.npy,3072308109.0826216,0.18806351068209323
microstructure_06484.npy,1375410439.9981859,0.2040627347993849
microstructure_05885.npy,3758965815.4902864,0.180464182817594
microstructure_08367.npy,2255625809.942332,0.19089361034028104
microstructure_05138.npy,2864909917.974443,0.16153791649777047
microstructure_08049.npy,3593025257.3197904,0.18348787226682128
microstructure_02778.npy,1750390737.3502636,0.18813941339012713
microstructure_08972.npy,3670374806.759498,0.17454070084544476
microstructure_03261.npy,4321372790.921354,0.181045085591
microstructure_03588.npy,1780302133.2030137,0.17765992480690748
microstructure_09171.npy,3669175049.8656263,0.17999942798671473
microstructure_05059.npy,2984230344.765542,0.1864560102527897
microstructure_04347.npy,1311662876.815621,0.1983242436672093
microstructure_06910.npy,1555010305.4643066,0.18828023748870998
microstructure_06086.npy,3593009959.9367657,0.1820622232400333
microstructure_04041.npy,1838652630.2850044,0.18862957899253627
microstructure_06220.npy,3995013693.9442196,0.1725972287841021
microstructure_00141.npy,3016534575.103353,0.18378217269805883
microstructure_00205.npy,2628793279.521948,0.18343709853734802
microstructure_03862.npy,2526202050.0065804,0.1859111541640816
microstructure_07839.npy,2737639920.201108,0.15074374779687424
microstructure_09242.npy,3263609855.47082,0.16432113317068364
microstructure_02725.npy,2433136037.5812345,0.19003866666633407
microstructure_04519.npy,2006803291.3281155,0.19257095218861697
microstructure_06543.npy,3016968692.187875,0.18657568273531094
microstructure_05896.npy,3766767084.960057,0.1788417693153231
microstructure_09415.npy,1677946848.2773316,0.2037897444634626
microstructure_08151.npy,3666241035.3830647,0.17582313173639555
microstructure_01589.npy,3167505681.971065,0.18120435379874292
microstructure_00199.npy,2625633696.956758,0.182561943763755
microstructure_01198.npy,2420287947.5049095,0.18232059184985808
microstructure_09510.npy,2708098564.2288365,0.18344344117048864
microstructure_06298.npy,1387953881.8434548,0.1958668797867839
microstructure_00131.npy,3328226655.779945,0.17886668320351293
microstructure_08756.npy,4249037697.311743,0.17074722342520476
microstructure_08936.npy,2032461235.649051,0.1870089776429179
microstructure_01798.npy,2480027365.375259,0.16790452364447656
microstructure_06117.npy,4490182595.823807,0.17627396526383304
microstructure_09712.npy,1489206491.2009501,0.18672777418610575
microstructure_01399.npy,2541938369.0804386,0.16910882669558858
microstructure_02051.npy,2913435011.350164,0.1786496071299664
microstructure_05717.npy,4188813757.532286,0.181675028019287
microstructure_06506.npy,3879418638.073808,0.17680310384377207
microstructure_00509.npy,1188229852.9559596,0.201473431837221
microstructure_02573.npy,1963738073.1997955,0.1934757382331896
microstructure_05189.npy,1570123777.2821634,0.19739734098269787
microstructure_02474.npy,1701164207.4931173,0.19142143533556993
microstructure_06795.npy,1855717734.6825416,0.19768379363530758
microstructure_07128.npy,2942590483.790103,0.18696592094871042
microstructure_05674.npy,1834881128.749937,0.18729924411507778
microstructure_04971.npy,4278345587.079173,0.1824417174884318
microstructure_02146.npy,1420881693.4994578,0.1944057335372685
microstructure_08818.npy,1413926159.311795,0.20075515012846434
microstructure_02105.npy,1679481022.2225304,0.19262596722810874
microstructure_07911.npy,3496995358.8668275,0.1819759956990194
microstructure_05916.npy,1454540958.724387,0.1785453650873496
microstructure_06584.npy,4153310594.580138,0.18314892148673917
microstructure_07903.npy,2809395825.2627835,0.18877374552067597
microstructure_09089.npy,1735560156.6662118,0.20346170911689798
microstructure_08218.npy,3328478881.079306,0.17160952059442092
microstructure_09679.npy,1453711263.4533973,0.18859827368896193
microstructure_01656.npy,2463471738.029156,0.1782998325860333
microstructure_00260.npy,1413468950.7672193,0.1886122715323413
microstructure_06065.npy,2831017381.822884,0.19461905724043707
microstructure_03081.npy,1758594258.8985145,0.20478933689056114
microstructure_05681.npy,4470693274.239308,0.1793840753908864
microstructure_00429.npy,1780931635.4504514,0.20169643061923884
microstructure_03630.npy,1934094733.552054,0.19747906818438615
microstructure_01896.npy,2185932687.5908985,0.19426102736639347
microstructure_08754.npy,1798866902.3523545,0.2034064217975708
microstructure_09500.npy,4901806973.123419,0.18194261189913136
microstructure_00433.npy,1271277447.3610375,0.19813796862561853
microstructure_08637.npy,4977161343.002441,0.1815488564846976
microstructure_02262.npy,4637353026.8746605,0.18949717335020402
microstructure_09467.npy,2740871144.222708,0.17675531167062628
microstructure_06093.npy,1741611282.3574295,0.20350517108433383
microstructure_02456.npy,2619946805.295169,0.1910919336086436
microstructure_09724.npy,1333257932.933217,0.1920638092927304
microstructure_05784.npy,1674078882.6733582,0.20170573478063653
microstructure_05597.npy,4089926933.9187765,0.17568982775522543
microstructure_06210.npy,3358946114.9433756,0.17529273981077786
microstructure_01119.npy,2332066502.394248,0.19342295177754598
microstructure_01899.npy,4207079586.509148,0.177724899174433
microstructure_07928.npy,3484229522.683143,0.18500606602398834
microstructure_05707.npy,4098090337.4950275,0.17922623544922858
microstructure_09204.npy,4412462353.648832,0.18572870113014373
microstructure_08338.npy,4290298314.867474,0.18156376394841053
microstructure_09999.npy,3368529789.029412,0.1783098364538139
microstructure_01701.npy,3319462058.4263754,0.17248376429828455
microstructure_07899.npy,1640648844.1250968,0.19400571938296887
microstructure_02347.npy,3951225694.5777116,0.17550229747363758
microstructure_04733.npy,1282209676.9843674,0.19590237787472886
microstructure_08950.npy,2693481950.3809524,0.18695982966600985
microstructure_02536.npy,3904700557.8919463,0.18467973644064503
microstructure_04166.npy,4567362754.242951,0.1879700643806204
microstructure_03072.npy,1249659796.4229279,0.20457839842860806
microstructure_07652.npy,2198737511.7533603,0.17343648488232605
microstructure_09778.npy,1456811108.7905698,0.21169642580376793
microstructure_09769.npy,1364863449.4152775,0.19355746797752363
microstructure_02092.npy,2273090487.7180047,0.15209620178002672
microstructure_09695.npy,3955650503.387308,0.17653744504759725
microstructure_06746.npy,4029086921.6777616,0.17924121919356623
microstructure_08902.npy,1626128908.1461594,0.178086314422673
microstructure_07120.npy,3059195087.525786,0.1920974709535386
microstructure_09991.npy,4569871294.024686,0.18381418710554132
microstructure_08856.npy,2231758038.677182,0.16969610430726442
microstructure_05029.npy,2178766935.3577285,0.17533069857217
microstructure_00424.npy,1287779182.589429,0.19518947230008957
microstructure_06564.npy,1457123622.7993875,0.20260143735701833
microstructure_02292.npy,1363589942.2921896,0.19560822846731937
microstructure_03231.npy,1885840497.8998098,0.16582535874499119
microstructure_01751.npy,1619394604.9340427,0.19355100836492026
microstructure_06023.npy,3418758002.4250946,0.17263548794335765
microstructure_00757.npy,3768216710.9044046,0.19104165864197206
microstructure_02310.npy,1603737478.6376247,0.18971039688024094
microstructure_01340.npy,3703995495.08208,0.1780277239423251
microstructure_08176.npy,2038582963.5505016,0.19009917154687053
microstructure_06305.npy,1815125812.0656626,0.20264274578850294
microstructure_03100.npy,3782012403.587681,0.16942664241933453
microstructure_02994.npy,4654735428.114474,0.17668620428675835
microstructure_04198.npy,1571964049.7688496,0.20885753918049363
microstructure_03578.npy,3172265317.1244197,0.17956264284755677
microstructure_05386.npy,4006396486.812863,0.18166641552060436
microstructure_03470.npy,4123899344.289988,0.18411057886225993
microstructure_03855.npy,1342501588.1852603,0.1927060910599968
microstructure_02188.npy,3443173993.4534965,0.1803994375735836
microstructure_06627.npy,2501514210.848736,0.19022232267989747
microstructure_06310.npy,2092068069.541103,0.19697541957392067
microstructure_06961.npy,4111205026.689446,0.18191985528601248
microstructure_06946.npy,2269948313.3426414,0.1981571762015845
microstructure_07252.npy,1503212772.0000737,0.19617844958922126
microstructure_03610.npy,3675858453.2045174,0.17015709418055136
microstructure_00008.npy,1416159958.1335146,0.19919300365637643
microstructure_06998.npy,1891525356.3029304,0.19374241017450905
microstructure_06916.npy,3175400927.5194383,0.18195533544114176
microstructure_08839.npy,1348971266.945236,0.1967297695519102
microstructure_05830.npy,3330411810.2206025,0.18213028583327678
microstructure_01704.npy,4465716114.291757,0.16697013879130215
microstructure_09485.npy,3751765859.144187,0.18640444143394194
microstructure_06673.npy,1421464652.5855632,0.19768349880637245
microstructure_08297.npy,1499414252.538214,0.20662082302554186
microstructure_04808.npy,1377392693.3813615,0.20879796936060777
microstructure_08380.npy,1202098937.946909,0.2005757563777288
microstructure_08884.npy,4625407429.569673,0.18963552108751316
microstructure_05181.npy,3728977749.113342,0.18852206831719306
microstructure_08287.npy,2270130193.339428,0.18714800621247152
microstructure_00804.npy,2746526355.4812307,0.18368397085525673
microstructure_02601.npy,2937875484.993963,0.1715269188536677
microstructure_06100.npy,3073683018.494723,0.1816636874281993
microstructure_02988.npy,1782717033.0203767,0.19192403035665312
microstructure_08812.npy,3958479214.9345703,0.16716151901363002
microstructure_04914.npy,1449486989.2428389,0.1973794378724551
microstructure_01930.npy,4336646121.819005,0.17343901261443648
microstructure_04114.npy,3043317406.7664685,0.1830361296881391
microstructure_06195.npy,4078519659.2005067,0.18664122616239398
microstructure_01047.npy,2012496704.1457174,0.18854690237119345
microstructure_08434.npy,4211686886.3692846,0.166165378337656
microstructure_01659.npy,1969756868.1075482,0.18182147410677507
microstructure_01922.npy,2787659525.089496,0.1803958087238323
microstructure_02660.npy,2213114111.482544,0.18953157462523948
microstructure_04444.npy,1496063479.1311758,0.1977651637812219
microstructure_04007.npy,1712710002.457948,0.1920036338292062
microstructure_05616.npy,1863733063.7963607,0.18492424742784067
microstructure_02044.npy,3613422812.1979856,0.18474332818904965
microstructure_03004.npy,1717374889.1378715,0.18512977485950577
microstructure_02397.npy,1837396688.991833,0.19369961119426396
microstructure_04752.npy,2938590057.268838,0.18336025444740317
microstructure_04602.npy,1937098057.0210297,0.18955346675066714
microstructure_04301.npy,4846601108.416539,0.18357857170198955
microstructure_00045.npy,4228064631.7324553,0.18368980303627716
microstructure_05098.npy,1484911190.0480525,0.18603657748250266
microstructure_08775.npy,1190664427.6657376,0.20013850575679368
microstructure_05351.npy,3950447943.173581,0.17703043806232874
microstructure_04708.npy,1300835544.294447,0.19410253874540095
microstructure_07001.npy,4434900740.921612,0.17025219970981229
microstructure_02331.npy,3950215581.460739,0.16641959281533772
microstructure_07943.npy,1514454710.9038012,0.2117862007525971
microstructure_09763.npy,1275655000.363315,0.19607327738456973
microstructure_01473.npy,1512731856.4177508,0.19745660568210363
microstructure_05096.npy,2710183924.591549,0.18405123656516809
microstructure_04137.npy,2140405470.7573473,0.18347684414075086
microstructure_06651.npy,1401205513.1892512,0.1891733599453045
microstructure_08720.npy,3417737202.9091854,0.1818672436426836
microstructure_03766.npy,2618614952.737154,0.16889392745801268
microstructure_07004.npy,3735600922.9123664,0.17328201016526654
microstructure_05429.npy,1501128497.0839298,0.1973966840720272
microstructure_09817.npy,4095938425.590878,0.18084307633927588
microstructure_02311.npy,2188093266.8193197,0.19604473975536396
microstructure_07633.npy,3790678789.0884886,0.17409607253657958
microstructure_08868.npy,1853691872.4342923,0.1784332086090247
microstructure_06664.npy,4229965148.2112036,0.17933963598727573
microstructure_01515.npy,2018557589.0163531,0.16677942726205508
microstructure_04815.npy,3388544665.6032567,0.17501506798012734
microstructure_02962.npy,3426331107.995714,0.18456007981692565
microstructure_07964.npy,3438248171.735092,0.1812358492509485
microstructure_00087.npy,3985560367.235754,0.18232827007072114
microstructure_02635.npy,1819192945.8921282,0.17148812224639376
microstructure_01884.npy,3635242806.833901,0.18221151138349928
microstructure_08745.npy,1476052019.234457,0.19731129139439094
microstructure_06494.npy,2811170596.9565086,0.18897173013083762
microstructure_03793.npy,2739135183.04578,0.19667325661647186
microstructure_04291.npy,3400742281.858158,0.18530574370241532
microstructure_08941.npy,1541758956.2648027,0.19182237364744922
microstructure_04813.npy,2536763337.898967,0.17354755067140043
microstructure_09520.npy,1539439487.6403568,0.1980040861535637
microstructure_01527.npy,3321750137.1442943,0.18156768563583456
microstructure_09341.npy,3379657438.7994046,0.17692799661602313
microstructure_07317.npy,3893628122.5944843,0.18157533665645992
microstructure_04068.npy,2061007287.2216814,0.16232551286758168
microstructure_04641.npy,3467143572.287163,0.18516055912880644
microstructure_03292.npy,5007310171.212586,0.18471289889998463
microstructure_03721.npy,4077453809.0267725,0.1703428038527203
microstructure_03963.npy,4167721837.3026943,0.18505458716089251
microstructure_03709.npy,4380532779.39544,0.1839463946360932
microstructure_09766.npy,3994985305.0910463,0.1757230115994728
microstructure_02943.npy,2890246316.9373913,0.18450336994442698
microstructure_09885.npy,4577691078.103754,0.17624242692238581
microstructure_04023.npy,1233345776.2299504,0.19427154761220533
microstructure_01882.npy,3822421914.4164996,0.17885045450750806
microstructure_01767.npy,4227862280.466171,0.1790270365025618
microstructure_02471.npy,2405234808.7253203,0.17399022872188233
microstructure_08039.npy,4410339527.809305,0.1677582843304933
microstructure_05873.npy,1570744349.2764077,0.1959812385887353
microstructure_08284.npy,3921532533.282032,0.17787918434692676
microstructure_04886.npy,1742106339.7663717,0.1883953738619486
microstructure_01566.npy,2278386878.851851,0.1923616058106646
microstructure_08000.npy,2814351814.0789475,0.18178659806944444
microstructure_06186.npy,3355126879.0597105,0.17290446066313708
microstructure_07383.npy,3850109924.233419,0.18274313830503494
microstructure_03500.npy,1923753717.1873522,0.1969459970440386
microstructure_01601.npy,1614422348.8674245,0.1991973120159095
microstructure_05849.npy,4057582785.284334,0.17911875991861106
microstructure_06797.npy,1681678499.028481,0.20201206644912914
microstructure_03280.npy,3123825919.247335,0.18207082542488554
microstructure_06999.npy,1643781577.581054,0.21251522580851662
microstructure_04391.npy,2078151757.827658,0.1877989161973662
microstructure_06141.npy,1630601923.477252,0.2022607578361682
microstructure_07792.npy,3636343860.7434654,0.17510233656162685
microstructure_01836.npy,3346909719.8204317,0.19354985634922853
microstructure_07149.npy,2097331780.8282177,0.19044597760409931
microstructure_04822.npy,2289184482.550476,0.19482693000855394
microstructure_08821.npy,1976222286.1802595,0.196021888612858
microstructure_09107.npy,3904941107.7565165,0.17672772138978315
microstructure_02913.npy,1369241176.1541874,0.19932325728531836
microstructure_03142.npy,4285326504.153302,0.1714859733104382
microstructure_01810.npy,2072316536.7214978,0.18391555947521399
microstructure_09587.npy,4316451978.051318,0.17289604874468842
microstructure_00426.npy,4067081718.793244,0.18502849645683114
microstructure_07879.npy,1493890373.5343397,0.1919917959840421
microstructure_01613.npy,3857321355.1592712,0.16338261684423713
microstructure_00644.npy,1353813501.6244547,0.19581883738898626
microstructure_00250.npy,2139117487.1590662,0.1766873857930784
microstructure_05626.npy,2603358401.3211365,0.19141619007189414
microstructure_08807.npy,1982252222.247332,0.19833055912472247
microstructure_09526.npy,2938616326.634903,0.18122102659292602
microstructure_08876.npy,3881081570.4408393,0.17824393355781148
microstructure_01593.npy,1966129552.243075,0.17407509846060615
microstructure_04970.npy,3584131769.70143,0.18421285783224192
microstructure_02365.npy,1672065751.5032465,0.1966196360385058
microstructure_01892.npy,1774733704.0003886,0.19367271665266894
microstructure_04151.npy,4205265401.3009696,0.1848141909908252
microstructure_06790.npy,3288252488.907876,0.18829058061458398
microstructure_04870.npy,2947339469.9347224,0.1907376998812291
microstructure_00494.npy,1212281239.2656868,0.1986691548732071
microstructure_04433.npy,1646026528.6739526,0.2036100948904585
microstructure_05345.npy,1804487783.5244381,0.18442298391419884
microstructure_08681.npy,3722544300.933714,0.17487004863310338
microstructure_01971.npy,2129024889.3875914,0.1651499370370577
microstructure_06834.npy,1413031580.8185384,0.1902822672516008
microstructure_01739.npy,3622820023.885361,0.1735656258448915
microstructure_00880.npy,4299235176.060149,0.1671952280674056
microstructure_00732.npy,4430565848.62547,0.18612183976354177
microstructure_01824.npy,2335855319.8741527,0.196853231843855
microstructure_01249.npy,3828548299.410695,0.1863079460886221
microstructure_02670.npy,4245428756.310488,0.18139687830992793
microstructure_09915.npy,1321024976.2518618,0.1993903406083274
microstructure_07098.npy,1724411982.721572,0.17979929139599002
microstructure_06404.npy,3560966335.222609,0.18579317064623901
microstructure_09053.npy,3274959739.542085,0.19167152801755757
microstructure_03864.npy,1868197569.0848505,0.20141782292966862
microstructure_03590.npy,2664268291.1564837,0.18805576803858623
microstructure_09177.npy,2946491105.3906965,0.17790318937122845
microstructure_07748.npy,1276918058.09141,0.20145439175929833
microstructure_08614.npy,3457466346.917009,0.1827331321709259
microstructure_00479.npy,1652740962.387201,0.19456949553887695
microstructure_08846.npy,4430952725.557435,0.18232184479721458
microstructure_04962.npy,1417833577.1757805,0.20558276116919694
microstructure_00461.npy,1653654657.092004,0.21288789186370297
microstructure_04378.npy,1525383903.6161184,0.2035269963878304
microstructure_05602.npy,4167870472.5267334,0.18815508579261567
microstructure_05860.npy,3681191837.6517344,0.17007670904547845
microstructure_01082.npy,3304256485.874443,0.18276057119318026
microstructure_02961.npy,4267472472.645027,0.17667294549602894
microstructure_03922.npy,3220788677.590415,0.1746441263026576
microstructure_05556.npy,3650600901.4979353,0.17367078749798245
microstructure_06643.npy,2734002743.473845,0.19455933876875303
microstructure_09606.npy,1505148614.8156142,0.198148914697513
microstructure_07447.npy,4035453828.1281314,0.1821524916602862
microstructure_02394.npy,3337931672.5846705,0.1833960703588927
microstructure_09323.npy,2223604383.8970833,0.1769704245988745
microstructure_01864.npy,3889792330.4395247,0.17504220961813474
microstructure_05720.npy,3724031238.608424,0.1895648867147464
microstructure_05686.npy,1523292334.919451,0.2103441427521779
microstructure_07542.npy,1592206578.9469557,0.19967465910789006
microstructure_09859.npy,1817553951.1593788,0.18821051622109086
microstructure_07635.npy,1718923867.4217098,0.19579904366258014
microstructure_04051.npy,3973067742.053775,0.1904648782641272
microstructure_03873.npy,3308971619.7440615,0.17720188154108338
microstructure_09401.npy,1208798201.310851,0.20360342731022588
microstructure_01292.npy,1906393938.5783782,0.18897046468765855
microstructure_08576.npy,2764222765.7695804,0.16808290050736135
microstructure_06505.npy,1653704067.3043118,0.20162201881183114
microstructure_04911.npy,1862871526.6375446,0.18840754703650991
microstructure_06384.npy,2033817752.5897055,0.18742835387896725
microstructure_00299.npy,1662111816.062797,0.20158682240593334
microstructure_08655.npy,3140574809.974431,0.18311339943317156
microstructure_00767.npy,3055271929.9319444,0.17832469838053452
microstructure_02959.npy,2905920158.405984,0.18570491786079155
microstructure_02244.npy,1745305900.5759006,0.19664669825561315
microstructure_00496.npy,2309519779.0138845,0.18585581914179214
microstructure_01687.npy,2878498291.265677,0.17275404496144262
microstructure_05145.npy,2672334663.5815353,0.19237747771643562
microstructure_00809.npy,1440904864.8495204,0.19594226441639298
microstructure_01117.npy,1401959933.0452836,0.19710972978070954
microstructure_01417.npy,3793310885.8650093,0.17550495205377897
microstructure_04113.npy,3962035015.523842,0.1796028568395873
microstructure_03493.npy,3533378230.846941,0.1761399166891667
microstructure_00076.npy,2633066717.4979243,0.1849916232465732
microstructure_00736.npy,3711910303.4208617,0.17856570225853363
microstructure_04672.npy,2611496307.0248017,0.1747086090042354
microstructure_05890.npy,4083958907.3547907,0.1742209689522775
microstructure_00515.npy,4208236281.0352297,0.1851140517706466
microstructure_09106.npy,2262365436.619548,0.18056917960589414
microstructure_07028.npy,4768565167.2376175,0.17972307126933057
microstructure_08395.npy,1347197983.5092707,0.20020407237078414
microstructure_00998.npy,2563845346.1783304,0.16298726244672274
microstructure_03927.npy,2918633330.560659,0.17327466714926285
microstructure_05859.npy,2380457693.083993,0.1840837891715867
microstructure_07052.npy,1363906930.1777358,0.20158053885524507
microstructure_02514.npy,1660942061.6911998,0.21792140590944656
microstructure_08811.npy,1194643230.3878813,0.19916007185075404
microstructure_07625.npy,4057988143.3686275,0.1724226011583857
microstructure_00846.npy,3077634427.303464,0.192508309399776
microstructure_08704.npy,2169688986.46897,0.1856948879585199
microstructure_07902.npy,4011078041.1012025,0.17062552316816681
microstructure_00393.npy,4104177263.736742,0.16993586344375888
microstructure_01205.npy,3818291187.1762137,0.17918463257163
microstructure_06485.npy,3582026539.6593885,0.17926783106021843
microstructure_02022.npy,3313191522.769602,0.19838946653696907
microstructure_03789.npy,3029955051.344994,0.19369592281206127
microstructure_05150.npy,3436575213.2129064,0.18409363904053724
microstructure_02511.npy,1246945303.0602736,0.20384962757290775
microstructure_09252.npy,2613048909.887932,0.1847700548668957
microstructure_03986.npy,3639512192.7162576,0.18147262733327288
microstructure_06570.npy,2249664918.915556,0.18490104495021578
microstructure_08657.npy,2106182713.250235,0.1862565984500353
microstructure_04469.npy,3651706088.9353557,0.18335943102819474
microstructure_02851.npy,3583619503.276713,0.17218897461799393
microstructure_06766.npy,3145244495.218282,0.17195206131257598
microstructure_01775.npy,1606690261.3920903,0.18437703118422666
microstructure_01140.npy,2941953977.4856777,0.17840579270061874
microstructure_02097.npy,1424142962.5266101,0.19206072983314268
microstructure_04465.npy,4829980334.298325,0.17248960098642438
microstructure_07673.npy,1316471247.1179478,0.19286781783165952
microstructure_03015.npy,1383536261.1740193,0.20567649776970862
microstructure_09234.npy,1853212156.283322,0.18112910279847488
microstructure_00470.npy,3948629163.3165092,0.1729589102434567
microstructure_04530.npy,1662919447.9034111,0.20221817467174272
microstructure_01243.npy,4611551526.713997,0.18766175681369562
microstructure_09237.npy,3797515149.3063917,0.17389782421912
microstructure_04458.npy,2856495064.691071,0.18476095715122054
microstructure_07225.npy,4045479562.8271255,0.18354711884620184
microstructure_08246.npy,1847071213.2443707,0.1705233243993623
microstructure_03672.npy,4216617104.735282,0.1763332381820242
microstructure_06041.npy,3249602115.856043,0.17828185069711108
microstructure_04088.npy,1794212835.1304133,0.18616777748277982
microstructure_08241.npy,3025473883.168003,0.17974594168016625
microstructure_07713.npy,2413664757.917966,0.19676409063341424
microstructure_08877.npy,1387414649.8810456,0.20295873190239702
microstructure_08548.npy,4057286806.069238,0.17345606130732025
microstructure_04963.npy,2594283969.9624667,0.18381176833462928
microstructure_07114.npy,4224061198.481563,0.1847794814796435
microstructure_01866.npy,1741966441.0145357,0.18429358550242692
microstructure_05640.npy,4490298703.75629,0.1777239646091745
microstructure_02792.npy,4317391490.105186,0.17460725670149663
microstructure_04716.npy,3906171778.690585,0.18643009113214612
microstructure_07535.npy,4436185104.85459,0.1749254562668003
microstructure_05182.npy,1549932907.8243194,0.18636680523191976
microstructure_08480.npy,1863904454.449014,0.17344153728501802
microstructure_02730.npy,4408425057.723826,0.18282210303391835
microstructure_00740.npy,1931794209.0495632,0.18964860036105355
microstructure_08575.npy,3731678351.355103,0.17869207944581436
microstructure_02617.npy,2496623590.882646,0.1983833705106164
microstructure_07757.npy,1184366728.3467665,0.19837729198957968
microstructure_07186.npy,2087772631.1984255,0.19241656851949515
microstructure_00921.npy,3984176259.343662,0.1853686333362874
microstructure_03315.npy,4812886166.201222,0.17034935690144212
microstructure_09697.npy,2431542950.0122423,0.19803826279852563
microstructure_00110.npy,1453326425.4362354,0.1967721327840511
microstructure_02040.npy,1418057872.7909667,0.18326360033566144
microstructure_04566.npy,2283614118.027989,0.1892628751570966
microstructure_05370.npy,3338005546.4988875,0.17376467956124217
microstructure_06577.npy,2183899065.8826466,0.1797760963972835
microstructure_07575.npy,2652120026.534148,0.18556652092495654
microstructure_01942.npy,4387272852.359114,0.16818526576221396
microstructure_09958.npy,1576367744.1994693,0.2033859422538142
microstructure_09310.npy,4144325449.044596,0.17004252525467295
microstructure_09907.npy,2038537246.6672523,0.19677667982306596
microstructure_05957.npy,3658222523.809859,0.17368840845640085
microstructure_06208.npy,2692333125.4007936,0.17939648109594444
microstructure_04800.npy,3479016394.2817683,0.18030432765180732
microstructure_06996.npy,4649695592.148141,0.17340779727515648
microstructure_03613.npy,3440377970.850403,0.18094677384009905
microstructure_01617.npy,3057160762.089822,0.18112982147848813
microstructure_03753.npy,3246474460.6610503,0.18543684592055867
microstructure_05051.npy,3621390432.1236,0.18025951842036672
microstructure_08766.npy,1344735216.6315532,0.19756289417312822
microstructure_09941.npy,3298743099.169641,0.1728911110247247
microstructure_02416.npy,2520569827.950294,0.18927850533321575
microstructure_01631.npy,1373558824.7350798,0.19700455567597522
microstructure_07177.npy,1227234733.384491,0.19936298051395748
microstructure_06860.npy,1318386110.3767729,0.20035884447685853
microstructure_01823.npy,2545935390.2875466,0.1755199483411899
microstructure_08410.npy,3599062609.1534534,0.1918973366399698
microstructure_05865.npy,3399357820.50932,0.187766736251541
microstructure_05084.npy,4139468508.6401916,0.18064637699441569
microstructure_07643.npy,4670346058.7396345,0.18802283052203805
microstructure_07674.npy,4719726912.83553,0.1755723769378741
microstructure_00005.npy,1473634593.6305454,0.19472150534611152
microstructure_08087.npy,3600765324.2772336,0.17558660708317778
microstructure_06091.npy,1774183882.3923757,0.20595862518264615
microstructure_07967.npy,2810527459.6187506,0.19209653196638538
microstructure_06800.npy,3155009933.796026,0.1739696956230423
microstructure_07139.npy,1858239473.1970074,0.18599311820503583
microstructure_09868.npy,2436005521.260933,0.18080688341443443
microstructure_06924.npy,2037263940.291754,0.1901031609983961
microstructure_02384.npy,3320986203.608779,0.17846548216667
microstructure_00734.npy,4049035191.47862,0.18240559269547327
microstructure_08792.npy,3525208721.600966,0.18263319057094035
microstructure_07631.npy,2011585372.3757677,0.19668120932818925
microstructure_04140.npy,2276210825.9193845,0.19455144776910463
microstructure_08920.npy,1976069358.0511127,0.19884019904248423
microstructure_05444.npy,1281474018.0768275,0.19343683989015517
microstructure_00416.npy,2257918333.623628,0.1953436256006556
microstructure_09858.npy,4734855228.8739395,0.18059398821334693
microstructure_00810.npy,1705208276.9395478,0.19516850594852891
microstructure_04683.npy,3398541227.1502123,0.17275163294761015
microstructure_01086.npy,1536629360.4354885,0.19944526090701498
microstructure_05480.npy,1924309431.0373194,0.19784154493655592
microstructure_00905.npy,4280655024.1344147,0.1785366210610151
microstructure_00692.npy,1352734597.072045,0.2018748358326083
microstructure_06499.npy,3677529854.1668406,0.17644726605284516
microstructure_01571.npy,1747755132.219388,0.1892391219730639
microstructure_00585.npy,1578963432.5937102,0.18758476521765316
microstructure_08596.npy,1374856662.1279607,0.19791730389925719
microstructure_02602.npy,1421701883.54607,0.19308524248246886
microstructure_03734.npy,2700859588.690376,0.19093860160721168
microstructure_03304.npy,1626135717.9818728,0.19355164454042562
microstructure_00783.npy,3545665791.233117,0.1744771882631103
microstructure_05196.npy,1287398598.0474823,0.19927183078782182
microstructure_05769.npy,1683302356.4887562,0.19205648071162773
microstructure_01446.npy,4101206122.4589934,0.18542876891661056
microstructure_00036.npy,2700133106.5722084,0.1845968637802829
microstructure_07692.npy,3357775452.141815,0.17686600819984521
microstructure_01283.npy,3274023222.7472405,0.17983731282873391
microstructure_09026.npy,1633288302.7889533,0.18177130938709604
microstructure_01774.npy,2503710275.7301545,0.18168820327976692
microstructure_04926.npy,4324212398.439801,0.18160526301006438
microstructure_03803.npy,1273356470.021231,0.2015332578723959
microstructure_08345.npy,2046498337.1164408,0.1880110801819469
microstructure_07619.npy,2068156222.5081747,0.1818340145020278
microstructure_08559.npy,1507451568.4894288,0.18152282892306196
microstructure_02023.npy,1348962839.737949,0.20207281711945313
microstructure_04751.npy,1253942918.7600386,0.20004679699412672
microstructure_00756.npy,3914273051.450005,0.18204799683019252
microstructure_03112.npy,2101546057.9932005,0.18515256635389968
microstructure_07251.npy,1390441879.5061846,0.19293479432477534
microstructure_06659.npy,2384928071.3089557,0.17780704484537868
microstructure_00372.npy,3979435390.413639,0.17916070140044413
microstructure_06565.npy,1542353953.379817,0.18869660653128217
microstructure_08789.npy,4678214097.976131,0.18604683205288602
microstructure_09937.npy,4340734478.115391,0.17165999849601105
microstructure_07753.npy,4484510196.159995,0.17719351708169367
microstructure_09804.npy,1237486783.3822217,0.20634111677159772
microstructure_04671.npy,1583289714.9742706,0.18870857447009823
microstructure_04900.npy,1858906939.0670815,0.18595778568769586
microstructure_05124.npy,4452482635.141175,0.1835617564462218
microstructure_09357.npy,4218742998.7172947,0.18248169041415033
microstructure_01907.npy,1978489869.1352189,0.19961659629726483
microstructure_08744.npy,1222548052.7377517,0.20080135947578448
microstructure_07615.npy,1706327742.7157598,0.19650170251155513
microstructure_02439.npy,2124618823.5227957,0.18778612830608885
microstructure_06649.npy,3830737362.7898684,0.18545645217727416
microstructure_06610.npy,3490255044.2652144,0.18988249346780067
microstructure_00911.npy,3927097662.116409,0.1897757157808899
microstructure_06791.npy,1761178645.2894998,0.20012617450198822
microstructure_06842.npy,2878177610.375435,0.1791116952251627
microstructure_09832.npy,1401141749.6302032,0.1965516139271008
microstructure_06174.npy,2388014966.616233,0.20272725019640095
microstructure_08668.npy,3302994726.434809,0.16847699897718457
microstructure_03606.npy,1789222967.4256632,0.1927123628123687
microstructure_09720.npy,2049223270.7894018,0.16338672592465348
microstructure_06630.npy,3385507818.311011,0.18861257461961548
microstructure_05509.npy,4460816122.405203,0.17209207035254281
microstructure_03120.npy,4512749614.082095,0.18377283996217247
microstructure_02549.npy,3845564342.538744,0.18830385909506278
microstructure_03214.npy,1323893222.1246738,0.19951638700036692
microstructure_01509.npy,4415584191.668657,0.17921066830901464
microstructure_09251.npy,1383758593.512783,0.19861705901388935
microstructure_08526.npy,3838718347.4413705,0.18053826761008923
microstructure_00824.npy,1607708707.5044627,0.20061319698603608
microstructure_06487.npy,3935400055.0114865,0.17633127673734394
microstructure_00770.npy,1757695722.7659767,0.1849042476332701
microstructure_08262.npy,2743327920.0070934,0.19236251612830463
microstructure_08279.npy,3921419683.879739,0.18150743488318652
microstructure_03611.npy,2091099974.4452703,0.2021645114330359
microstructure_03300.npy,3728221297.474144,0.16953616391746093
microstructure_00575.npy,3670341399.3477845,0.18435352937356214
microstructure_04549.npy,3528179374.6258965,0.17062750136669216
microstructure_07467.npy,1701801132.8387492,0.18296809164012293
microstructure_08741.npy,4000989559.8935018,0.17907393762723314
microstructure_03082.npy,2072018126.9151409,0.18694523616519373
microstructure_00539.npy,1470355204.6534586,0.19879693655469044
microstructure_03259.npy,1325749885.0254211,0.19949542158304348
microstructure_03248.npy,3071152202.56939,0.16154398878567344
microstructure_00596.npy,1871763007.2599175,0.19306417280776175
microstructure_04895.npy,3805924931.610707,0.18549607781498234
microstructure_06063.npy,2334490319.095909,0.18406474073803514
microstructure_00317.npy,3939879734.5497465,0.17137374541704936
microstructure_08713.npy,2938552606.477535,0.16769318841370073
microstructure_05231.npy,1838924037.165088,0.20272238526034603
microstructure_05884.npy,2613238376.9564433,0.18586487568506677
microstructure_06321.npy,2222934191.657279,0.18997606643760295
microstructure_01231.npy,3978810164.635182,0.18713152707965122
microstructure_08602.npy,2979734487.682221,0.18741071546458019
microstructure_01025.npy,1698218304.9756908,0.1936166590969813
microstructure_08055.npy,3475567969.127268,0.18474719027642014
microstructure_08403.npy,3062239286.806085,0.1858019345952849
microstructure_08647.npy,3708306953.3084836,0.16989698542222914
microstructure_06352.npy,4285863957.0210605,0.17445183151799165
microstructure_01392.npy,1331501491.7560077,0.19890862037242224
microstructure_08393.npy,1349726576.9664378,0.19254642264752184
microstructure_04896.npy,1413742654.6929116,0.2006431415498245
microstructure_05083.npy,4429889175.70958,0.18548398851150077
microstructure_08348.npy,1340733759.4753315,0.201197526461113
microstructure_06602.npy,1274989668.050246,0.1963769302048092
microstructure_02798.npy,3582659909.8573027,0.19149323580528715
microstructure_02017.npy,3666076800.0285926,0.18015692072965497
microstructure_03284.npy,2025295528.0002873,0.1903925225218059
microstructure_01721.npy,4382722956.711358,0.18025781464991114
microstructure_07428.npy,3486500588.439393,0.17149337706065854
microstructure_09685.npy,1433738149.2118413,0.18463690710016295
microstructure_01128.npy,3235400538.4204564,0.18209250721887324
microstructure_08361.npy,1617556898.510056,0.1937546342660806
microstructure_06873.npy,1378808590.518476,0.19491846402738197
microstructure_06863.npy,2977995437.1848793,0.1885839945128237
microstructure_01301.npy,1840556880.4840734,0.18934251909416866
microstructure_00300.npy,1472288493.1782618,0.2047100140045222
microstructure_07115.npy,1344633910.9816732,0.19939481127861466
microstructure_04443.npy,1413831199.4608855,0.19874944033625677
microstructure_04965.npy,1731082799.2209897,0.19032039041561855
microstructure_01870.npy,3628632374.3046417,0.17348599826756878
microstructure_05513.npy,4180766219.477018,0.17774249309966453
microstructure_05700.npy,2804018721.814918,0.1950360371894543
microstructure_06776.npy,3457229559.6243086,0.17171504658494652
microstructure_00519.npy,1595831736.6986017,0.19187966239680768
microstructure_07793.npy,3120500996.9261703,0.1843056545616552
microstructure_01844.npy,1277831896.6283135,0.20227069973713102
microstructure_08322.npy,4732699322.180423,0.17982905331708812
microstructure_03367.npy,1628349158.2379615,0.19589038178722137
microstructure_00265.npy,3742501107.8034587,0.17171097777870484
microstructure_09931.npy,4089604755.3480425,0.16837500842942194
microstructure_05252.npy,3094471526.9932146,0.18678392671955002
microstructure_01435.npy,4321267390.571999,0.18100824148974423
microstructure_02620.npy,1370422160.5137444,0.20200882959621846
microstructure_07097.npy,1843739808.2073843,0.20023758612740378
microstructure_06308.npy,4600650742.270505,0.1779434605063786
microstructure_06102.npy,2224978304.055055,0.19266200658970573
microstructure_04524.npy,3376130706.087942,0.1841067528830782
microstructure_05262.npy,3303207240.119969,0.18761847307255533
microstructure_06199.npy,1780499974.1165304,0.18830328278305603
microstructure_02326.npy,2540487989.4820294,0.18474690654595025
microstructure_04553.npy,2346668846.3531213,0.1868961874886762
microstructure_01694.npy,1260647461.840342,0.19463056523549827
microstructure_00565.npy,1476941474.7169192,0.19131237225764142
microstructure_06908.npy,3827098707.4735374,0.1785489203437161
microstructure_05863.npy,1992485466.1931095,0.1920329795507819
microstructure_05897.npy,4187856496.412486,0.18757106169218082
microstructure_01013.npy,1743150330.0489504,0.19949033258909699
microstructure_01862.npy,3902517320.335207,0.18441991091801904
microstructure_01294.npy,1821860164.437427,0.19989212707269383
microstructure_02422.npy,3167541537.0004478,0.18027145862056113
microstructure_09329.npy,1371703621.6925335,0.20127756157448407
microstructure_05475.npy,3832306731.0626836,0.17733492250544092
microstructure_00536.npy,4077603273.1572433,0.1770418460269944
microstructure_04145.npy,3669171007.7066255,0.1778841023214942
microstructure_05576.npy,3927786864.1467986,0.1881659393570478
microstructure_09045.npy,3091851535.943811,0.18884996354346886
microstructure_09705.npy,3441890076.6458125,0.1790088660065462
microstructure_04317.npy,2188700170.392586,0.1769847681485119
microstructure_02409.npy,2186702711.909884,0.188927405285018
microstructure_01895.npy,4053437144.2014613,0.182292301425888
microstructure_06133.npy,2973822151.444784,0.18639302625855655
microstructure_09677.npy,1648069488.2522497,0.18902735460850667
microstructure_07704.npy,1231491921.5448704,0.19531197867497044
microstructure_00040.npy,1864960779.7428262,0.17094207294516492
microstructure_02663.npy,4337480040.546427,0.1861049055278915
microstructure_05413.npy,2003692734.2222278,0.2004259988001384
microstructure_04132.npy,4858349280.875006,0.17894287467423695
microstructure_08166.npy,3186293707.524451,0.1781125111895703
microstructure_06818.npy,1433159283.6420596,0.19041392743307115
microstructure_09371.npy,3587252726.506919,0.1728695493638663
microstructure_03638.npy,1778581310.9018807,0.19250124504679722
microstructure_08585.npy,3874323939.719434,0.18045849433149086
microstructure_04960.npy,2203176573.7621155,0.20244162276041408
microstructure_07352.npy,3034761716.992956,0.180939720567227
microstructure_02510.npy,2302189550.806495,0.19192756660734137
microstructure_03019.npy,1516040708.494734,0.1964368351166453
microstructure_00093.npy,3566158640.0813117,0.18041869254661225
microstructure_06553.npy,4240395659.946168,0.1726825267185232
microstructure_00009.npy,4169097037.4283824,0.17483902505530913
microstructure_09256.npy,1300960506.56407,0.20008102961313912
microstructure_04991.npy,2087082589.232371,0.20304805113723673
microstructure_04103.npy,2512264191.9575205,0.18816318282696087
microstructure_02747.npy,1621372481.0377562,0.18166158541533173
microstructure_09029.npy,2334517907.4801335,0.19072922804615383
microstructure_06296.npy,3350862190.2555532,0.18024373785541445
microstructure_00362.npy,3485345955.208294,0.17912076055352158
microstructure_09759.npy,2675543006.4776835,0.1822428675240141
microstructure_08910.npy,1301741880.7932796,0.2101552864955751
microstructure_00373.npy,1282295634.1174564,0.20164939640187282
microstructure_01605.npy,1339942699.0511236,0.19257053187696946
microstructure_07883.npy,2245873741.7850566,0.1918971984710489
microstructure_01940.npy,3729110275.0305867,0.17309608645802702
microstructure_03542.npy,1226008743.8442452,0.19865870092832927
microstructure_03670.npy,3115790271.8333883,0.18035106718482752
microstructure_03078.npy,1824829010.8996148,0.1903552101293823
microstructure_08968.npy,3508737746.895187,0.1790446051185529
microstructure_03139.npy,4082044164.657226,0.17811507667409374
microstructure_09339.npy,1253119924.9900842,0.20264853263323296
microstructure_04814.npy,2605793566.1476116,0.1926576194347824
microstructure_04089.npy,2112859887.949694,0.165167196108096
microstructure_06837.npy,1645772215.0043905,0.1955463085379814
microstructure_02007.npy,4403016167.802483,0.18244739827129552
microstructure_07783.npy,2533309469.3212085,0.18361420923320435
microstructure_04126.npy,4280265528.4796658,0.173721559896161
microstructure_05841.npy,1232535491.346556,0.20215785016442067
microstructure_06619.npy,2610244454.190655,0.18422270481753736
microstructure_05663.npy,3151856643.5233526,0.18440198889627624
microstructure_03479.npy,1537102926.883537,0.19868941996510328
microstructure_09475.npy,1721151931.1048336,0.20002844519696183
microstructure_02544.npy,3487115010.120451,0.17358517790552885
microstructure_07519.npy,1516562581.712731,0.19959008134973846
microstructure_07579.npy,1346981789.9081116,0.19842687936853484
microstructure_02293.npy,4334470556.059806,0.17879943748587554
microstructure_06953.npy,2597247069.5305395,0.19355934485495319
microstructure_09476.npy,1629646296.0603514,0.17708670971307647
microstructure_03828.npy,1327277134.2184472,0.20379244580997818
microstructure_00952.npy,3333775425.2325916,0.18774318775409177
microstructure_08440.npy,4064305635.842443,0.18830258182047963
microstructure_09355.npy,3379391908.2972374,0.18705663796100325
microstructure_03032.npy,3322175043.2739387,0.17297123936158051
microstructure_05272.npy,2271358806.0191064,0.1861439846394197
microstructure_08749.npy,1642466023.6870432,0.19882900415994126
microstructure_01085.npy,1357701383.7720497,0.20446123741670996
microstructure_00287.npy,2532374754.7350464,0.18319459044370126
microstructure_08777.npy,3403585729.31544,0.17914871496006626
microstructure_03404.npy,3787991179.715143,0.18192354638848554
microstructure_06758.npy,2638831120.735885,0.19041253603180497
microstructure_04980.npy,4518851412.591445,0.18443693227156419
microstructure_07480.npy,3493959232.8888946,0.1792903804892238
microstructure_00598.npy,3896862123.221901,0.1742962217905396
microstructure_03530.npy,3831621968.8320007,0.18698899378664585
microstructure_02414.npy,4825650844.606336,0.17869659030628143
microstructure_05313.npy,4018299056.068722,0.17188899816970962
microstructure_01954.npy,3252299496.748868,0.19291140519849517
microstructure_07766.npy,1885839716.7114773,0.19438125899199302
microstructure_04764.npy,3201268966.469979,0.18777240697960199
microstructure_06645.npy,2704985312.2284546,0.173882593216012
microstructure_03299.npy,1256012756.2399752,0.19991803689925108
microstructure_04928.npy,3324509089.8504825,0.18738254623863887
microstructure_03069.npy,4245547488.784662,0.18081680092084512
microstructure_06815.npy,1309252685.9105074,0.192344700886653
microstructure_01216.npy,1914507053.5463283,0.1906618088875905
microstructure_07048.npy,3189247239.824342,0.19011831543840457
microstructure_00043.npy,1475672532.8561988,0.19133202902442492
microstructure_06628.npy,2789504513.3326335,0.1879549551561432
microstructure_09074.npy,4635609628.483078,0.1724975242355205
microstructure_02515.npy,4078360381.9840527,0.17286641652847937
microstructure_02330.npy,2879739207.9472885,0.1938841938635423
microstructure_03129.npy,4269116075.4422307,0.18346315293362694
microstructure_07188.npy,1511576444.7158277,0.19273766542764795
microstructure_06431.npy,4663865909.0013075,0.17842596048964507
microstructure_02204.npy,2142077566.843434,0.1735538147103749
microstructure_08163.npy,1382990371.928562,0.1982652262515022
microstructure_00815.npy,2139740525.6619523,0.19060759754024967
microstructure_00579.npy,1744994546.7953243,0.19499818920997553
microstructure_01159.npy,1418576511.9189386,0.19857848885823962
microstructure_03202.npy,1319443813.0943542,0.205791942249216
microstructure_05057.npy,4249311197.78837,0.18651994291328913
microstructure_08874.npy,1926898327.957288,0.18754728095289389
microstructure_03739.npy,1975152026.4496384,0.18443687053020333
microstructure_03524.npy,4519373618.773091,0.1748013644623066
microstructure_09113.npy,1278361781.196447,0.19631848024177895
microstructure_04428.npy,4089226324.323666,0.18146043325936606
microstructure_08051.npy,1683712811.8775482,0.18398217331872435
microstructure_08742.npy,1952446441.4248047,0.1642342701212302
microstructure_06326.npy,1930575308.362795,0.20195450490564124
microstructure_01471.npy,4189687935.552759,0.1702199066123408
microstructure_01279.npy,2437796413.255052,0.19123706398843301
microstructure_06686.npy,1853582774.4232237,0.19614008436475666
microstructure_00876.npy,4237530400.678397,0.1764791016645946
microstructure_09847.npy,3430182279.2427177,0.17205117812207815
microstructure_07150.npy,3587136258.3545585,0.17550274170274174
microstructure_03436.npy,2588170576.5980587,0.18391799569031173
microstructure_04237.npy,2102803071.1776547,0.18622116814269352
microstructure_05205.npy,4360459016.161965,0.1868372320246861
microstructure_05091.npy,3947848071.032708,0.1867769444696502
microstructure_06737.npy,2475833131.0953994,0.18588543320365647
microstructure_00267.npy,1331207104.7926514,0.19808135506985147
microstructure_07301.npy,4722982824.70711,0.17197110910913835
microstructure_09566.npy,2319746023.670034,0.17795625643169413
microstructure_08437.npy,1628669245.9443688,0.19356443172504428
microstructure_01322.npy,3919485079.704719,0.1860770942976425
microstructure_04810.npy,3172826668.6670356,0.19718132276453812
microstructure_01362.npy,1830684416.0358062,0.18749155161599682
microstructure_09062.npy,1592736531.5111673,0.19445459990126535
microstructure_05460.npy,1513459299.6180563,0.20363020723024283
microstructure_01353.npy,3602868352.005242,0.17013319780465153
microstructure_09875.npy,4155099857.227009,0.1691228234141008
microstructure_05659.npy,4433503338.327064,0.18377332658996898
microstructure_05060.npy,1757403965.1897721,0.18061095523698528
microstructure_05204.npy,1454288518.0126896,0.2020404189967965
microstructure_04706.npy,3669704360.4340577,0.17176222041908049
microstructure_00791.npy,2499523424.5133133,0.18682819232400452
microstructure_07610.npy,1932848626.940936,0.1874949963070789
microstructure_05637.npy,3084020200.9736257,0.1686396744698629
microstructure_09178.npy,3581041122.6999125,0.1870214966157625
microstructure_06915.npy,2052917347.5202825,0.19196754124306772
microstructure_01253.npy,1482739504.2076936,0.1852408183271515
microstructure_09689.npy,1870610703.1836019,0.1971989040813737
microstructure_06346.npy,1592063176.593582,0.19429941032492182
microstructure_04547.npy,4060870531.065427,0.1655919685771926
microstructure_04699.npy,2990499938.4635367,0.17966361204676357
microstructure_09283.npy,2049296906.1135974,0.18999937378458387
microstructure_09896.npy,1423936234.2910814,0.19184357483658399
microstructure_03226.npy,1776941428.2438302,0.18015457596115703
microstructure_05130.npy,2183131747.823491,0.18320623410721962
microstructure_01270.npy,2243853079.0681844,0.1923725042428088
microstructure_02581.npy,2000894323.0858564,0.1773631831140638
microstructure_09058.npy,2818038001.240376,0.15694954518080484
microstructure_06732.npy,1226018848.4913607,0.20069496797051853
microstructure_09589.npy,1811867857.9923584,0.20141920735374266
microstructure_09220.npy,1279735205.403446,0.1993411369085547
microstructure_04044.npy,1907337003.7557387,0.19031412997217664
microstructure_09952.npy,2093683507.3615406,0.19896948317732108
microstructure_05310.npy,1320574373.0920262,0.20210908467200073
microstructure_08603.npy,1503891937.9737375,0.19958898034888994
microstructure_08922.npy,1841315890.307275,0.1889769358890159
microstructure_00845.npy,1444489458.4396417,0.2023006879732857
microstructure_04258.npy,2018337990.0953696,0.1992613423759327
microstructure_09522.npy,2014341347.679256,0.18238447454561968
microstructure_05141.npy,3412824359.6067495,0.18941407994009637
microstructure_00662.npy,1629482279.9572153,0.1982385309797305
microstructure_05186.npy,4218518116.7992835,0.17256076144579965
microstructure_03400.npy,1465168137.918675,0.20238338402100736
microstructure_02120.npy,1596855361.7491162,0.1800132354392784
microstructure_02160.npy,2644340745.4249806,0.18868839967838408
microstructure_04922.npy,3477622402.164101,0.1685652908843769
microstructure_05468.npy,2610821190.1836967,0.19124135358424757
microstructure_04332.npy,3602235797.8310018,0.18998961956626875
microstructure_08360.npy,4308073884.485445,0.17387301984711295
microstructure_01319.npy,1421573230.66247,0.18747371560166817
microstructure_06312.npy,2233678268.9992685,0.18712017252116858
microstructure_01984.npy,2606989722.9393826,0.1810911608808805
microstructure_00189.npy,2390494309.3594646,0.18880882663289483
microstructure_04369.npy,1527673802.1332905,0.20544170095068232
microstructure_03535.npy,4328444589.259462,0.1669150847545695
microstructure_06775.npy,1500508443.1433315,0.1979048517445485
microstructure_01447.npy,1587917667.1194646,0.1935816140333987
microstructure_09366.npy,2814606031.8211083,0.19378384602089052
microstructure_03427.npy,1344585461.4163876,0.2079499587366378
microstructure_05427.npy,1737453110.4987254,0.19524777126932855
microstructure_07412.npy,2149032198.993188,0.18112188957978775
microstructure_01991.npy,4261423551.43602,0.18318245242852152
microstructure_02974.npy,3712506519.2023315,0.17382620105981336
microstructure_04225.npy,3609635719.063515,0.17626454901010663
microstructure_03657.npy,2376158618.9592204,0.18895032890166968
microstructure_08122.npy,4179845684.879604,0.17175455176215396
microstructure_03362.npy,3753960957.8717136,0.1771335480436635
microstructure_06229.npy,1231491921.5448709,0.19531197867497052
microstructure_06122.npy,2150845607.1379185,0.21377829309076293
microstructure_02684.npy,4054903177.932825,0.18204547976461505
microstructure_07741.npy,1247450046.9535584,0.2022316308122793
microstructure_03143.npy,3946538598.8964105,0.18203145238815133
microstructure_09916.npy,1674919125.0095255,0.18817961577904396
microstructure_08369.npy,1825902501.1085467,0.19185649943098812
microstructure_05149.npy,3451508016.8954415,0.17716164948505753
microstructure_06140.npy,1543135304.6493092,0.19714034020279525
microstructure_06237.npy,3453777931.261837,0.1704786501680736
microstructure_00834.npy,1274657758.6323142,0.19183597147844522
microstructure_06580.npy,3325306677.0762053,0.19521050476729496
microstructure_05687.npy,3927640437.145879,0.17218407608081343
microstructure_04165.npy,2722376291.5041575,0.1834721163788294
microstructure_04409.npy,4103065528.7632766,0.18620549574305442
microstructure_02034.npy,3860123835.8732634,0.16345636256630902
microstructure_09274.npy,3414843653.7779202,0.18045761187913198
microstructure_01763.npy,1935796250.0524602,0.19359562522177648
microstructure_09718.npy,3912495839.7067914,0.1773718873727494
microstructure_02182.npy,1631767376.117879,0.20456064120304684
microstructure_07831.npy,1222672068.490819,0.20142212961173428
microstructure_02398.npy,1450650526.2436132,0.1995619788500558
microstructure_08178.npy,1341488631.2360997,0.19145394964657556
microstructure_04748.npy,1819121840.780497,0.19840801462700458
microstructure_05820.npy,1399634444.666721,0.20299096207601516
microstructure_02784.npy,1709612851.4639714,0.1905008599538592
microstructure_07363.npy,3222228557.648974,0.19627247623418786
microstructure_04092.npy,2009597299.4628997,0.18543761041250206
microstructure_00477.npy,4237901600.239695,0.1797139190859913
microstructure_05869.npy,1415253762.3039274,0.20312045211410534
microstructure_04556.npy,4420971008.077539,0.18378240347178051
microstructure_04664.npy,1309696960.4091446,0.20416753405968016
microstructure_08412.npy,1813865400.615222,0.18651670266925074
microstructure_04470.npy,2374895696.9289017,0.1926441653417031
microstructure_02997.npy,4132925364.241586,0.17762163423152674
microstructure_02760.npy,5437500899.517686,0.16744489429804263
microstructure_08578.npy,2174059870.886868,0.1985331826771097
microstructure_02594.npy,3114320132.243054,0.18352270955591193
microstructure_00848.npy,4534622708.853903,0.18577010675036112
microstructure_08918.npy,1404492720.6364079,0.1944059384091278
microstructure_03416.npy,1233764031.6568441,0.20245047743856012
microstructure_01876.npy,1601515806.4559233,0.1929762699792822
microstructure_08838.npy,3946650720.64797,0.17608905037446845
microstructure_08332.npy,2690363590.43899,0.17611121295653007
microstructure_07302.npy,1256014055.170716,0.2010068914401453
microstructure_09560.npy,4225555322.5783505,0.18597510575902546
microstructure_01248.npy,2411281376.46322,0.18879591597119666
microstructure_02341.npy,4374651391.610001,0.18757676480018698
microstructure_02032.npy,2227974940.9584513,0.19752270259061322
microstructure_06710.npy,4164036570.157254,0.17178461268955714
microstructure_00497.npy,4326128494.922611,0.1869759944114421
microstructure_00262.npy,3396071852.030491,0.18138876374185048
microstructure_08666.npy,3307311105.3024716,0.17563527860930184
microstructure_07945.npy,3681981838.549804,0.187387520675259
microstructure_06204.npy,1914064900.2803268,0.1926749183635222
microstructure_03617.npy,1331337794.0635893,0.19262877365283265
microstructure_00567.npy,1403915157.4563797,0.19163442934892916
microstructure_07422.npy,2229771496.160854,0.19389331836941806
microstructure_00208.npy,1909210060.6953597,0.18333133913384442
microstructure_00388.npy,2011573329.2571988,0.19334473014459025
microstructure_07181.npy,3114066820.6564007,0.1898119356649785
microstructure_07887.npy,1270729034.0450768,0.19541248185192173
microstructure_06126.npy,1981491058.5798097,0.19535275395176552
microstructure_08717.npy,4026520567.7257357,0.16755123677715555
microstructure_04403.npy,3727405934.1144915,0.1911512796525806
microstructure_02993.npy,3786563275.89264,0.17199824035297676
microstructure_09713.npy,4212395299.490914,0.15932793087741276
microstructure_06886.npy,1446891501.1327665,0.194686978282703
microstructure_03669.npy,2302250474.786323,0.18255524300461
microstructure_01999.npy,3165962180.842364,0.18928474798054792
microstructure_03531.npy,2657464059.045363,0.17557987990136478
microstructure_01051.npy,4028105344.269015,0.18679171681827497
microstructure_02113.npy,1643752965.0772512,0.19258624808787148
microstructure_04277.npy,2983185099.423171,0.17814676464539686
microstructure_09932.npy,1533648659.0760877,0.19630343168215247
microstructure_08916.npy,3492864436.440087,0.17326129969667695
microstructure_09212.npy,4152715870.319589,0.18459813497690716
microstructure_03926.npy,1595450640.2956715,0.1887962781599126
microstructure_09814.npy,3460840740.7150702,0.18114020418386037
microstructure_04577.npy,1413663005.6403627,0.20464869284500428
microstructure_05819.npy,3655415327.109916,0.17639650835881934
microstructure_01484.npy,1649975628.7528145,0.21034874623371497
microstructure_05134.npy,1819649364.48769,0.18702822146395248
microstructure_07563.npy,3787917209.9616437,0.1702101450026707
microstructure_05277.npy,3775806204.9600573,0.18689113248703024
microstructure_07306.npy,4178888939.4750977,0.17901228235228606
microstructure_09268.npy,3451314016.476234,0.17649629113138096
microstructure_03191.npy,3072494029.792822,0.18603489480740237
microstructure_03504.npy,1464155708.5343676,0.18393762776620293
microstructure_07558.npy,1460606349.231935,0.19761478027998797
microstructure_00797.npy,2866784596.0726833,0.1751536862288476
microstructure_09250.npy,3134814287.8589673,0.1787358108280259
microstructure_00472.npy,3953006939.6004324,0.1823310044730323
microstructure_09682.npy,2866788137.1991215,0.18929797228503184
microstructure_09836.npy,4640547177.596897,0.191406968258405
microstructure_07644.npy,4092742640.035017,0.17721959969382012
microstructure_08073.npy,4397019947.0252075,0.18079159878912096
microstructure_01175.npy,2053073406.5383286,0.18511996024434915
microstructure_09186.npy,3883900298.6889873,0.16976259610664673
microstructure_08258.npy,2032642717.8310664,0.19322240296302048
microstructure_07154.npy,1581105461.869948,0.19608303200864677
microstructure_08708.npy,1309615466.1195827,0.20541207576294834
microstructure_06739.npy,3752409554.010704,0.17470093106476875
microstructure_04570.npy,4259740855.8945627,0.17441280522206545
microstructure_01703.npy,1487028324.2001972,0.19457690429871002
microstructure_08820.npy,3575218065.6601877,0.1630362201171453
microstructure_06003.npy,1506269261.331636,0.20119459232553955
microstructure_04643.npy,3301002797.9215636,0.17193107274702907
microstructure_09369.npy,3893699483.3992505,0.18609443592285904
microstructure_00872.npy,4052320819.720486,0.18371311510441693
microstructure_09146.npy,1553634503.0884004,0.19102844051834114
microstructure_01530.npy,2965274909.997001,0.194207454750208
microstructure_09110.npy,1995625754.5528321,0.19316999429313741
microstructure_09582.npy,3900123034.7348433,0.16949098504147178
microstructure_08223.npy,4250719151.3187065,0.17261188354528142
microstructure_04267.npy,2406353255.2321544,0.1878097165217604
microstructure_09386.npy,2211766082.092751,0.1866973077783288
microstructure_09314.npy,3636623987.117334,0.19056100679896684
microstructure_04005.npy,4435393609.052625,0.17792687745955257
microstructure_02812.npy,1256503893.9733584,0.19832310814934193
microstructure_07796.npy,2287282102.009961,0.20842015420673904
microstructure_09603.npy,4399375936.173539,0.17733347434519828
microstructure_03521.npy,3308530659.3068314,0.1747360335019558
microstructure_00765.npy,1280084521.4531963,0.20256255002662518
microstructure_07284.npy,4303023406.723158,0.17792231222644248
microstructure_07029.npy,1667742912.845207,0.20501149554710218
microstructure_03002.npy,3216505359.589405,0.1636022157933829
microstructure_09387.npy,2107211707.0953631,0.1940654474482409
microstructure_02436.npy,1526624227.9864416,0.20073755619449554
microstructure_00055.npy,2655002103.9561625,0.1793129689132844
microstructure_04816.npy,4025979389.542337,0.17066868825540646
microstructure_01290.npy,3735292605.5186996,0.18175926819855204
microstructure_01514.npy,2041667755.6342824,0.20824629049325535
microstructure_08240.npy,3762666347.165114,0.1807574976581966
microstructure_09604.npy,3848179953.3599725,0.17733611293291066
microstructure_07913.npy,1458134012.269705,0.19906184111409525
microstructure_03804.npy,1684091962.4473414,0.19204054476712173
microstructure_04539.npy,1816974700.5283568,0.1995886969939
microstructure_08653.npy,4553372279.621606,0.18135563538668284
microstructure_05980.npy,1955358098.1769764,0.19022874768174466
microstructure_04345.npy,1226812558.6871312,0.19921744216132442
microstructure_06217.npy,2640071182.934441,0.19065145496481956
microstructure_06004.npy,2646436558.993878,0.18733533340664843
microstructure_01182.npy,1255560544.207695,0.19443059417144032
microstructure_03163.npy,3694344251.1050377,0.1832653019876152
microstructure_08109.npy,3314698289.5648527,0.18788309070300338
microstructure_06891.npy,2891529042.6429815,0.1917023743154152
microstructure_06401.npy,1374091419.330039,0.19741738018407629
microstructure_05538.npy,1278189757.9801483,0.20188940447964904
microstructure_05575.npy,2001343082.2498338,0.20582345086875425
microstructure_07797.npy,1781336194.4150198,0.1769791357666358
microstructure_02360.npy,1522908486.3296063,0.20104168454459234
microstructure_04171.npy,1381973605.504525,0.19815227639897062
microstructure_00258.npy,1775843342.8814166,0.19374468234423306
microstructure_04772.npy,4286132103.6050944,0.18825805703413184
microstructure_07448.npy,1996070043.3058558,0.188651599750889
microstructure_03678.npy,3872525792.451073,0.17044557687635112
microstructure_05011.npy,2998326932.4216385,0.18260460829740763
microstructure_03134.npy,1775257051.5314507,0.1924340831083421
microstructure_01044.npy,1703125304.9453158,0.1925722234965882
microstructure_01222.npy,1651327942.410832,0.19796524031003443
microstructure_02477.npy,3406503778.425939,0.18165738247810126
microstructure_06947.npy,2183007244.0448685,0.20393872408998556
microstructure_05862.npy,1640426625.9090312,0.18863014160485084
microstructure_02082.npy,3784677042.5736885,0.18716547924960475
microstructure_07845.npy,4372412851.504501,0.16908400562522546
microstructure_01903.npy,3735045761.432465,0.18346808661998212
microstructure_01964.npy,4064648545.9425898,0.1855130997155615
microstructure_01209.npy,5021504335.484136,0.16838051806037177
microstructure_04076.npy,3635632915.8532405,0.18896306023468643
microstructure_01257.npy,4920516544.830612,0.18028847890417482
microstructure_06730.npy,4595537860.533221,0.18173382653273892
microstructure_00060.npy,2835492921.470141,0.19207517032887497
microstructure_06436.npy,2811294893.2977896,0.18500311729785224
microstructure_05657.npy,4144858301.711702,0.17693459325223332
microstructure_09674.npy,3640753106.9272943,0.17005470258706346
microstructure_07265.npy,4232074656.9516144,0.17274765500073172
microstructure_00681.npy,3239751276.4969916,0.16955506611491916
microstructure_00894.npy,1456365474.785888,0.19681303740705158
microstructure_08431.npy,3645756457.6478586,0.18477853051481888
microstructure_03941.npy,3484116327.301003,0.1699944715506914
microstructure_04231.npy,2065865187.71293,0.1948904357188734
microstructure_09425.npy,4082447244.4332857,0.18119280502572863
microstructure_00951.npy,3205439877.791078,0.18128130064731252
microstructure_02107.npy,3056546810.599012,0.18446390341243485
microstructure_02870.npy,3719334460.127143,0.17902620872129688
microstructure_02879.npy,1335457026.092662,0.2009650460106762
microstructure_00721.npy,1578491104.155705,0.18263712910456317
microstructure_06903.npy,3356945162.7567983,0.18091732527641113
microstructure_08991.npy,3876533304.678132,0.16574655639240554
microstructure_07525.npy,2102017897.5662346,0.19268174792630507
microstructure_06510.npy,3703853314.255433,0.17467531222013297
microstructure_08371.npy,1670448421.4396005,0.18301514392932067
microstructure_07978.npy,1530488553.642848,0.1902573416172915
microstructure_01897.npy,1753020307.5214026,0.1946186132039175
microstructure_02855.npy,2555930381.620656,0.19535680494029947
microstructure_06809.npy,4337228907.377935,0.1801675211793953
microstructure_03351.npy,1661433006.7177353,0.1962275966487065
microstructure_01370.npy,4541362482.085268,0.19241956868101145
microstructure_00081.npy,2976664549.445615,0.19485692818027564
microstructure_09544.npy,1683618984.8415878,0.1982227922621259
microstructure_07464.npy,3734905585.7531137,0.1686558382918772
microstructure_03420.npy,3108358092.1302557,0.17909702230090033
microstructure_08582.npy,3374323924.4364867,0.18006128101343805
microstructure_06540.npy,1499147987.7732992,0.20202174255057184
microstructure_09205.npy,1617708925.5343735,0.19826959858268403
microstructure_05327.npy,1317928027.466982,0.21055478545926146
microstructure_09158.npy,4097394818.210137,0.1718137347478327
microstructure_09768.npy,3813584208.7304635,0.17728259425051332
microstructure_09317.npy,1401549210.5151327,0.1953530213930431
microstructure_08804.npy,3719455354.9920716,0.17424355855794416
microstructure_02433.npy,3674316611.010179,0.18193831203720612
microstructure_00386.npy,2628927343.577134,0.18455880004799652
microstructure_00551.npy,1599919977.7596233,0.1955871094019073
microstructure_04916.npy,3759531312.394249,0.17814901477691494
microstructure_01856.npy,1691403093.8013182,0.19561961963739666
microstructure_08781.npy,1346774166.4892085,0.19620867410116039
microstructure_05891.npy,3078908386.565081,0.18578230531898132
microstructure_08946.npy,3902790144.4719973,0.1807539846980857
microstructure_00408.npy,3689812947.337736,0.17426842631836825
microstructure_00738.npy,2242475152.53384,0.18180663040758785
microstructure_08343.npy,3823755603.801375,0.18596334847017446
microstructure_02049.npy,3970805052.743757,0.18203863453941452
microstructure_02013.npy,1600850144.4399247,0.21600833725866725
microstructure_07135.npy,4224697772.749195,0.17863728260549086
microstructure_02483.npy,3918660428.1551275,0.17451541739268164
microstructure_09953.npy,3687197004.074032,0.1688726104357804
microstructure_00941.npy,2640981410.817832,0.17226825347006733
microstructure_00512.npy,1971055941.7288313,0.19037410727255127
microstructure_09869.npy,1754673020.741127,0.18973915511598707
microstructure_06182.npy,4288552973.0007153,0.17319401941912418
microstructure_04884.npy,4613961977.077965,0.18705861166215346
microstructure_00611.npy,2013391669.727799,0.2069281709096336
microstructure_09213.npy,4548622988.095217,0.1837159520479379
microstructure_08231.npy,1947925565.958069,0.20240382217069602
microstructure_00884.npy,2317141548.606782,0.1941658292437503
microstructure_08221.npy,4707812172.63576,0.17884592864665352
microstructure_03326.npy,4196122496.3917656,0.18804072644162592
microstructure_07878.npy,2781403920.3959517,0.186270536164631
microstructure_00850.npy,4664744711.515549,0.18170892360338953
microstructure_07443.npy,1565443936.786952,0.18143574595944567
microstructure_06811.npy,1668107663.7839937,0.18940005921338857
microstructure_06441.npy,3837985866.6392865,0.17364766880100335
microstructure_05397.npy,1982044254.791513,0.1896638143247948
microstructure_03706.npy,1385111849.2201405,0.19803294081138945
microstructure_05146.npy,1324411151.1924589,0.2055495956838983
microstructure_02070.npy,2479851254.4977674,0.18284424544114167
microstructure_04462.npy,3133821445.306086,0.17239925796291505
microstructure_02595.npy,1944988075.1559877,0.18080752890670185
microstructure_00455.npy,2909143866.213503,0.18057863836277888
microstructure_08706.npy,2657377779.837008,0.17924947250874507
microstructure_04912.npy,2036425897.424233,0.1835428293060614
microstructure_02562.npy,1298377328.566737,0.19992456916257162
microstructure_08816.npy,3018675521.1024833,0.1796188892280968
microstructure_03167.npy,2248643149.7470207,0.1914434120569618
microstructure_03866.npy,2337727245.3805714,0.1754118668881515
microstructure_08809.npy,3701627585.053232,0.186533692707003
microstructure_02866.npy,4053004012.0338287,0.17523102234137358
microstructure_03113.npy,3484116194.7684984,0.1818185069498043
microstructure_01865.npy,4697364159.927075,0.18394324870558396
microstructure_07821.npy,2467855539.30242,0.19374490437386133
microstructure_00927.npy,4318437198.709344,0.18157240337182368
microstructure_08889.npy,3107818991.9246945,0.17983552263193667
microstructure_06077.npy,1345605300.7991922,0.19625588092443014
microstructure_07656.npy,2215204695.0672283,0.17959168451836569
microstructure_04002.npy,1471446463.21713,0.20095711500999777
microstructure_04969.npy,1878155929.5012598,0.19411800158779763
microstructure_00730.npy,2690966907.2154384,0.19378667797541763
microstructure_07501.npy,1337699006.415943,0.19192419480625858
microstructure_05569.npy,2470233751.861328,0.1896316167701568
microstructure_01787.npy,3347926779.541389,0.18616903851792074
microstructure_04818.npy,3284148922.7181435,0.1730503078984345
microstructure_00926.npy,4108207662.040873,0.18658720674169055
microstructure_09997.npy,1467827392.4827628,0.2030480806106869
microstructure_00059.npy,3771698687.8678403,0.18707050436843475
microstructure_04073.npy,3919760816.7867546,0.18424883818955806
microstructure_00381.npy,4101121141.8180795,0.16763386171673705
microstructure_01615.npy,4376229185.786728,0.1915399007746288
microstructure_06536.npy,1463165504.7952304,0.1981242978894801
microstructure_09285.npy,1384099425.616973,0.1951876444603289
microstructure_05961.npy,2452302044.0452623,0.18060232099716794
microstructure_00248.npy,2768530197.8380904,0.19337896455252426
microstructure_06285.npy,2013859102.1329424,0.1871343759941733
microstructure_07767.npy,1845493224.0538526,0.19836565084769336
microstructure_02020.npy,1813402591.7188091,0.19624594300944334
microstructure_06478.npy,4160665808.6740108,0.1777865338281391
microstructure_00878.npy,3788039890.7000046,0.17865426349196828
microstructure_04298.npy,2021351988.7283368,0.19200713571910957
microstructure_01790.npy,1301484645.9215262,0.19896475150725326
microstructure_09883.npy,1507752815.2585862,0.1990852589471796
microstructure_03643.npy,2527212371.823091,0.1703215070715403
microstructure_04910.npy,1597303380.4887385,0.19838915276322167
microstructure_04015.npy,3295372659.271829,0.14896617820804048
microstructure_08771.npy,1409263140.8892765,0.19648232106413718
microstructure_00282.npy,3874966906.9722185,0.17306654824271533
microstructure_09508.npy,1161989492.884396,0.2055912997851021
microstructure_01108.npy,2183819471.103112,0.20644283096249455
microstructure_03036.npy,3045744786.1259694,0.18729161598487304
microstructure_09059.npy,3668734937.0056043,0.17127656564599417
microstructure_00361.npy,1651613797.7145135,0.1929255903886737
microstructure_02169.npy,1750950652.1465142,0.19563134623657902
microstructure_06647.npy,2407163687.0695457,0.195475498686084
microstructure_04878.npy,1457480169.0078363,0.1979923005025094
microstructure_03417.npy,2073326751.8634353,0.18827766152395928
microstructure_04790.npy,1687934921.881665,0.20323273585540966
microstructure_07752.npy,3737618450.682206,0.1720859532115385
microstructure_09668.npy,1866165829.0832062,0.18212937184422887
microstructure_09711.npy,4240651260.678232,0.17491569930156206
microstructure_09646.npy,3031091784.6890354,0.1906648636947662
microstructure_04160.npy,2369999917.1199493,0.18323624607689493
microstructure_03123.npy,4615802580.760946,0.17282155310862357
microstructure_00443.npy,4043797112.7433505,0.18392714397398405
microstructure_00670.npy,2848880047.4005427,0.17067218092307926
microstructure_02081.npy,1439768629.9146895,0.19706144258005653
microstructure_06880.npy,3782949077.68554,0.18354305311236213
microstructure_04333.npy,1243704031.3968298,0.19565511004529657
microstructure_04464.npy,1849191414.570756,0.18013690496516152
microstructure_03649.npy,2341787920.376232,0.17973497969218036
microstructure_00668.npy,3903409002.8779726,0.1903024272198576
microstructure_02499.npy,1257230815.1854305,0.2031573162529803
microstructure_01640.npy,2274380082.4801826,0.18846638798280632
microstructure_08119.npy,4274535937.493891,0.1758970003259856
microstructure_00875.npy,2210020733.8423715,0.20419318284511942
microstructure_01332.npy,1393058192.8587015,0.2113904166308365
microstructure_03936.npy,1520415003.0672152,0.2055360775036937
microstructure_03704.npy,1593211398.2393825,0.18865904286186275
microstructure_02142.npy,2057851808.0624583,0.19878615295754443
microstructure_03385.npy,1452816448.7348626,0.19778770161108564
microstructure_07327.npy,1736716888.726427,0.19729562783783042
microstructure_01769.npy,1521675470.7193174,0.19105551339341817
microstructure_08646.npy,2027975594.0411801,0.18616828210049843
microstructure_01748.npy,1943186476.774645,0.1983213470222789
microstructure_09450.npy,3144001875.7504697,0.18547553493567173
microstructure_01727.npy,1394199698.3742888,0.20367511740697833
microstructure_03101.npy,2253477690.5011,0.17744268224272985
microstructure_00869.npy,1671034100.8671439,0.2000055138616949
microstructure_09881.npy,2331383680.021444,0.1810762552516012
microstructure_08439.npy,2851799347.080079,0.1740499262118463
microstructure_06792.npy,3528538979.9930673,0.17912845950594056
microstructure_04689.npy,3762838211.875995,0.18257034332950667
microstructure_09873.npy,1328575964.1670659,0.18726788954585805
microstructure_02652.npy,2378504744.9478903,0.17308564699703252
microstructure_05245.npy,2859311460.5574975,0.18401583770595972
microstructure_04206.npy,4496307126.360759,0.1742450465231422
microstructure_05357.npy,1971516263.15906,0.1914233696121294
microstructure_02376.npy,2173192206.3599606,0.18330179926224904
microstructure_08116.npy,2194233931.0952306,0.19503600050380382
microstructure_05678.npy,3306931977.8832097,0.17449703468674085
microstructure_01005.npy,1649238955.213851,0.19745505015803727
microstructure_01737.npy,4155913499.3074236,0.1770637538789419
microstructure_02701.npy,1882576945.6373923,0.19167766963990304
microstructure_07074.npy,1266527632.4993992,0.19793011201354319
microstructure_00912.npy,1233048284.3626115,0.20605690734302595
microstructure_08621.npy,4299209089.580894,0.1797522363856009
microstructure_05609.npy,2194961057.064821,0.19663575230530286
microstructure_03769.npy,1561087739.0726898,0.19707922741699838
microstructure_04627.npy,2866585456.2098217,0.18192510123588088
microstructure_05843.npy,4683732649.839889,0.1800723959540008
microstructure_01109.npy,4020001907.0462337,0.1820015284166015
microstructure_01365.npy,3795147552.6382966,0.18375461809284077
microstructure_08622.npy,4005614259.083187,0.18015139684628487
microstructure_03305.npy,2594602528.934322,0.17483795981012226
microstructure_09447.npy,3950261266.435931,0.17615780531942524
microstructure_03967.npy,1460169157.2062583,0.19694188104666757
microstructure_08308.npy,1835241409.9658535,0.1892369922724446
microstructure_06940.npy,3977066932.5780234,0.17306778438774445
microstructure_05469.npy,1556711650.7267456,0.19738451560538833
microstructure_04402.npy,1946095811.387796,0.1946649083301047
microstructure_00920.npy,1668143176.9023435,0.17221318812210124
microstructure_07735.npy,3322298893.601931,0.18907853095806318
microstructure_06767.npy,2574620375.1009483,0.15364787509424738
microstructure_02769.npy,1428579310.9818,0.18854770188260153
microstructure_03448.npy,3420639951.944919,0.1910925891552083
microstructure_07039.npy,1433652088.7105184,0.19851668167443715
microstructure_09354.npy,4500132596.079237,0.17851118404417982
microstructure_04821.npy,3000573204.4407663,0.18837647092823692
microstructure_06987.npy,4489203203.776392,0.17266643125829934
microstructure_06680.npy,4340757098.732626,0.18418192781715353
microstructure_00144.npy,4190755219.107845,0.18190533111164464
microstructure_06551.npy,3053505619.2452703,0.18208305061551192
microstructure_01916.npy,2254737043.33186,0.17787900261224568
microstructure_05741.npy,2397837569.4704247,0.193046756361953
microstructure_08088.npy,3954420376.22788,0.17899571869139957
microstructure_07688.npy,3790852084.788456,0.17889359845271952
microstructure_04721.npy,4036093690.124067,0.1732451825539804
microstructure_01935.npy,1254711201.946304,0.1974390401116131
microstructure_08083.npy,3325187148.2545023,0.17070132448754385
microstructure_09620.npy,1518609288.5586033,0.20712064197067792
microstructure_01770.npy,3560308072.3632336,0.18219362486629068
microstructure_06192.npy,1246376815.9821897,0.2031275178766774
microstructure_06026.npy,1513306453.194295,0.1987364645253682
microstructure_04629.npy,4447220599.815506,0.19098065722021804
microstructure_03246.npy,3145895842.299737,0.1854809972683449
microstructure_04063.npy,2619376595.699351,0.1873099226025239
microstructure_05406.npy,1464415318.9902325,0.1976725403662191
microstructure_05838.npy,2252305273.8732033,0.20329172989420435
microstructure_01081.npy,3772048047.399112,0.18647735334428195
microstructure_05123.npy,2010234151.6349247,0.20069608782410672
microstructure_00722.npy,2026063458.5608096,0.19084628134102977
microstructure_08648.npy,1247728047.8492408,0.2013870571164821
microstructure_02125.npy,1245338810.4908292,0.20074688454766326
microstructure_05512.npy,2339575377.9985213,0.18204723379559307
microstructure_04027.npy,4279817090.677654,0.18861103936630247
microstructure_05882.npy,2149530406.071161,0.19463248450803586
microstructure_01470.npy,2328768968.1633687,0.19033316566704997
microstructure_05459.npy,2263038495.2019553,0.18961112284513837
microstructure_06075.npy,3984629296.507509,0.18338397328402475
microstructure_01050.npy,4000132329.3797817,0.17675407578380645
microstructure_07343.npy,3857567896.773342,0.1872926791217924
microstructure_09725.npy,1894940882.0041692,0.19861266972481095
microstructure_06598.npy,4184078786.731695,0.1809935259431522
microstructure_03336.npy,3311350973.7881274,0.179540294318774
microstructure_07082.npy,2417852151.836141,0.1914113962971202
microstructure_02546.npy,3383756741.923128,0.17564736125680794
microstructure_04640.npy,3272006508.176804,0.1864543138823713
microstructure_00325.npy,1787015300.0128746,0.18634379919350813
microstructure_03546.npy,2026287316.076466,0.2015406521809496
microstructure_07334.npy,3751738722.0235786,0.18030453181974532
microstructure_00013.npy,2944852586.693838,0.18859568768545887
microstructure_04535.npy,3781781451.398044,0.18384338542150144
microstructure_03599.npy,1946116487.3820255,0.19455818941452996
microstructure_03767.npy,2610052529.032401,0.18104795853178002
microstructure_07830.npy,1504592222.1285775,0.2061508511339377
microstructure_02842.npy,1320386351.0726566,0.19625459150838306
microstructure_04400.npy,4393904407.585342,0.1764159368361879
microstructure_07361.npy,2173567657.2608857,0.19691203696205856
microstructure_05552.npy,1934712272.1093113,0.20155055675396397
microstructure_06236.npy,4282164541.3021493,0.17547966289218733
microstructure_03343.npy,1750477737.4774525,0.19960882678202232
microstructure_05937.npy,2753067329.7123084,0.18789738769450803
microstructure_09676.npy,1175948218.7074518,0.20137754769144758
microstructure_01260.npy,4037479354.8790126,0.18502089100244568
microstructure_07958.npy,4238829013.154022,0.17273193866864972
microstructure_06344.npy,1482887319.2154763,0.19787245040820275
microstructure_08810.npy,4607440783.852372,0.1803262693981055
microstructure_06535.npy,3247087174.5127115,0.17891704721835638
microstructure_08008.npy,1363007704.3890307,0.19108736250892486
microstructure_01157.npy,1548426629.941938,0.17844970510390137
microstructure_01784.npy,4440164124.619921,0.17987594480089394
microstructure_08197.npy,2124363035.271493,0.1554773070991426
microstructure_03817.npy,3424438893.508797,0.17841391125532302
microstructure_09400.npy,3107496138.756336,0.18187882040534073
microstructure_04953.npy,1339320421.3269744,0.19534823878811972
microstructure_07705.npy,2425230331.6199126,0.18446156329684302
microstructure_04638.npy,2420359593.8835764,0.18342814980063468
microstructure_05606.npy,4331048566.799384,0.17225729940165824
microstructure_05534.npy,4497356737.853204,0.17942675489785131
microstructure_02791.npy,1269077043.3598545,0.20876096164674496
microstructure_01679.npy,4140379886.9333034,0.1957421281396288
microstructure_00180.npy,2951595553.512971,0.17938853103956706
microstructure_02722.npy,2505908683.475739,0.1832592749694116
microstructure_01361.npy,2297541581.530024,0.1948471934626666
microstructure_02327.npy,4076996666.5370855,0.16068197483184282
microstructure_05770.npy,3683505382.3206067,0.17652039920083526
microstructure_00109.npy,2096712067.2113192,0.19217685733807593
microstructure_07470.npy,1497319547.8753953,0.1961535808490688
microstructure_02417.npy,1585442660.5819843,0.1819044358787785
microstructure_03033.npy,3959869027.551739,0.18305259626530834
microstructure_01974.npy,2163677870.5728955,0.18508230753017502
microstructure_02528.npy,1255428827.4470983,0.19264261470440425
microstructure_09303.npy,3262341141.900464,0.1613498817538839
microstructure_03329.npy,1251630680.8212736,0.19606256898363889
microstructure_06554.npy,1445748129.0273976,0.1798731696471585
microstructure_07507.npy,1217094606.875826,0.1973988098749724
microstructure_04281.npy,2885494593.200773,0.18685773143156625
microstructure_07773.npy,2952514390.1784964,0.17236177551452467
microstructure_04720.npy,1197325719.9585166,0.20324007071163805
microstructure_00652.npy,1619927416.3066633,0.1896701805709179
microstructure_05116.npy,3188637478.8171396,0.1797428725741181
microstructure_06530.npy,1422519132.2122838,0.1894816433244504
microstructure_08201.npy,1872552673.9198444,0.1653302986103418
microstructure_01821.npy,2144959205.96806,0.19017451458223017
microstructure_05159.npy,1755907148.5819376,0.17712803291782364
microstructure_00625.npy,4393760960.544194,0.17472074612413774
microstructure_08841.npy,1933339088.8030686,0.19840178082333212
microstructure_05319.npy,1396506462.77102,0.20277316055119393
microstructure_06658.npy,3449597411.315806,0.17994506001536636
microstructure_05797.npy,3308108840.589623,0.18530004437458633
microstructure_05318.npy,3719467306.8719873,0.17755893441676954
microstructure_00229.npy,2108155787.5022957,0.18354220325074747
microstructure_07616.npy,2128181204.9733224,0.18612932638707258
microstructure_00931.npy,1512181812.6942213,0.17475179117053005
microstructure_05673.npy,2117768990.1064675,0.1894389880962857
microstructure_07276.npy,3766808872.3385596,0.17684937863476277
microstructure_01707.npy,3903187764.80125,0.16639717805230297
microstructure_04876.npy,1638004341.046594,0.19560094361813846
microstructure_02910.npy,2788509789.114077,0.1886944112604218
microstructure_09870.npy,2315122318.9734845,0.19317580563764616
microstructure_02162.npy,2448019860.8796587,0.17471962159237917
microstructure_09061.npy,2147061854.256013,0.19143848483635337
microstructure_08930.npy,3197534822.0536036,0.19556271185086282
microstructure_09427.npy,3681912767.03792,0.18994162356097322
microstructure_08567.npy,1929862113.9963837,0.18511363867043795
microstructure_09065.npy,1275486109.933432,0.20168960983744386
microstructure_09009.npy,2091462063.264862,0.18453582859787548
microstructure_04723.npy,1818590600.7351978,0.1791194350194031
microstructure_08187.npy,1945037004.1949046,0.19186036272026516
microstructure_01434.npy,2830847030.4313707,0.1858872009304931
microstructure_02737.npy,4758049752.7895155,0.17958384808923414
microstructure_04996.npy,3639693743.9848633,0.1794004159203358
microstructure_08234.npy,1582807007.371388,0.17907076203572292
microstructure_07590.npy,2987290673.090517,0.18519585292470153
microstructure_09529.npy,4107403368.3071756,0.1787875682092002
microstructure_09651.npy,3877724342.8658857,0.18920460541233355
microstructure_05756.npy,1976388558.0664537,0.2044337641773115
microstructure_05822.npy,1708175673.3755672,0.19025120307295829
microstructure_06242.npy,2212200316.2742386,0.18901453291841452
microstructure_09876.npy,1196739683.66993,0.19671047672102193
microstructure_03173.npy,1277741829.4468317,0.2028042375901153
microstructure_05754.npy,2899906107.6773043,0.18278985206662274
microstructure_07413.npy,3231425917.5748763,0.18195742128693748
microstructure_00430.npy,4283481524.628458,0.18044798035164694
microstructure_00525.npy,2486562347.311198,0.18276992309905235
microstructure_03323.npy,2231560607.5521827,0.19400625606334293
microstructure_01565.npy,1954427157.7758892,0.1862053225845715
microstructure_07232.npy,2194775682.750272,0.17771286674394893
microstructure_08113.npy,1226793240.9296038,0.19580026450061588
microstructure_08616.npy,3175921329.100647,0.18496653865485713
microstructure_05039.npy,4039129964.2869167,0.19361687858591262
microstructure_05452.npy,2873317015.686796,0.17977444685415658
microstructure_06432.npy,1632659943.1806133,0.20217438681782793
microstructure_01184.npy,3698249475.354003,0.17235303132142693
microstructure_00288.npy,2881506167.846595,0.1909383719779912
microstructure_09126.npy,1720119451.1195085,0.17201481292860388
microstructure_01011.npy,3431007230.0084605,0.17019064648592186
microstructure_05215.npy,1811371433.0877957,0.18802907794639942
microstructure_09468.npy,1920353910.8519106,0.1910088885354201
microstructure_01919.npy,3291775753.809036,0.18804405787703068
microstructure_05075.npy,1426396453.228706,0.19659826893051816
microstructure_05463.npy,1190431058.11948,0.20048621255828644
microstructure_09336.npy,4313112979.24231,0.17749043266178613
microstructure_03921.npy,2210431249.731216,0.18654422829603629
microstructure_07556.npy,2091612163.9573963,0.18980342179726648
microstructure_08860.npy,4175854656.398147,0.19018565597095663
microstructure_04738.npy,1400641528.548717,0.19315139812293763
microstructure_06183.npy,4502877002.806077,0.1858755480884484
microstructure_05808.npy,1622689012.7521536,0.2041292469572636
microstructure_07701.npy,4108316181.5067463,0.17289841352366728
microstructure_01675.npy,4016850453.987004,0.18946906661849292
microstructure_08002.npy,2464727839.723613,0.18567399946114033
microstructure_09071.npy,3883841606.302061,0.18435029816519422
microstructure_05028.npy,4553306480.978824,0.18526828630638123
microstructure_00564.npy,2133052247.3145843,0.21400201546302972
microstructure_07569.npy,4414521505.176308,0.18149814437197043
microstructure_09141.npy,3420792474.0472517,0.1707328976135295
microstructure_08274.npy,4329614107.946154,0.17411111893452277
microstructure_05353.npy,3286271238.5914273,0.18523335887792822
microstructure_08634.npy,3166518406.150943,0.17953122951034337
microstructure_07606.npy,1686971451.860287,0.20453407235811397
microstructure_02992.npy,1908528130.1081917,0.1791790670548297
microstructure_09200.npy,1498880467.0068731,0.19628363356543202
microstructure_08139.npy,4793158450.022323,0.17841587972981718
microstructure_08154.npy,1507846065.8954492,0.20379656764453352
microstructure_02323.npy,2456867454.8211293,0.18596570192150408
microstructure_03717.npy,2904377690.391806,0.17952480650424948
microstructure_02757.npy,1877497118.016729,0.19880421233259826
microstructure_08644.npy,3474336899.1566367,0.1832074857202883
microstructure_02437.npy,3811562199.630765,0.17952376667202405
microstructure_09470.npy,3322645990.531266,0.17682217260854743
microstructure_01271.npy,4075507499.058906,0.1767878749329869
microstructure_09955.npy,4437749598.759721,0.18028120441363052
microstructure_09076.npy,3111917977.55626,0.1608742748525762
microstructure_09161.npy,4613679499.177163,0.1780869031751954
microstructure_07775.npy,1442503584.4679613,0.19694079301905024
microstructure_02413.npy,1576949660.9505913,0.2001121609284632
microstructure_06989.npy,3988272248.9215617,0.17773836991686232
microstructure_00518.npy,3655002210.201801,0.17859816840510656
microstructure_00095.npy,4830986662.375303,0.1868632030066453
microstructure_00871.npy,2153509662.089813,0.19853097767484515
microstructure_09345.npy,4001945029.073711,0.1711492428518514
microstructure_06631.npy,2342108912.36504,0.19382955905561278
microstructure_00900.npy,2046224217.4319677,0.19171369276099065
microstructure_02506.npy,1201712181.1239715,0.20031873042115966
microstructure_01735.npy,1595242840.5823758,0.18772237450993287
microstructure_04055.npy,4166605645.4187484,0.17856323237876495
microstructure_09360.npy,3543390037.2422075,0.16919882764907118
microstructure_02832.npy,2033125398.9151096,0.19218859196477373
microstructure_05466.npy,2563403322.125806,0.1822854982776256
microstructure_06701.npy,1639684337.1148913,0.19157850193453646
microstructure_01749.npy,4582640404.819119,0.17952911056394208
microstructure_05021.npy,2069623853.4867256,0.20042473888010606
microstructure_08195.npy,2514841441.259099,0.17151330604093853
microstructure_05234.npy,3843406762.298284,0.17103213999545722
microstructure_09449.npy,2487738912.3081565,0.18778594932074552
microstructure_04401.npy,1252829870.48719,0.19973259109528843
microstructure_07624.npy,1444652541.167547,0.197687726923147
microstructure_04593.npy,4221050625.530548,0.18124122418939842
microstructure_07215.npy,4503230745.312878,0.1755792745097369
microstructure_01242.npy,1187049168.1600106,0.1994400726628311
microstructure_08064.npy,1259683776.4792783,0.1999957680947028
microstructure_04973.npy,1360012353.3016703,0.1908626811100024
microstructure_04163.npy,1278562442.693893,0.1935587035240209
microstructure_06403.npy,1742617528.0312924,0.19281648238231058
microstructure_02155.npy,3221331795.0661902,0.17388845025674493
microstructure_06371.npy,4011463190.2199574,0.18546414940765416
microstructure_00330.npy,1372478970.7000136,0.2012289458444767
microstructure_03274.npy,1721901661.6012099,0.18882963998125787
microstructure_05723.npy,3092071017.5100408,0.1814004433040323
microstructure_07874.npy,2419577218.594927,0.18678088173184135
microstructure_02071.npy,4543620606.529751,0.17905859965308818
microstructure_01946.npy,2532275294.152819,0.19411946873208727
microstructure_08520.npy,1583589251.878447,0.19134944996614509
microstructure_04503.npy,4603005077.535338,0.18053496634837932
microstructure_04207.npy,1718317253.3835752,0.19391059660117466
microstructure_08130.npy,2487713700.847805,0.18786486770930141
microstructure_08169.npy,4471900767.482418,0.17236453584496
microstructure_07815.npy,1864232572.314964,0.1741711146421767
microstructure_09094.npy,2443875104.82048,0.1874393710862817
microstructure_03468.npy,2151960009.8530602,0.19543476170335938
microstructure_00778.npy,1934675350.0401976,0.20231931322105154
microstructure_00811.npy,3126340845.251711,0.17768270795712526
microstructure_01597.npy,4711158773.668537,0.1749154678494613
microstructure_08303.npy,2459003812.13263,0.19164135734449972
microstructure_02829.npy,3739424585.242757,0.20218291489998888
microstructure_01754.npy,1476614633.4430459,0.20045666685267233
microstructure_07777.npy,3812724895.6216626,0.19397037058233654
microstructure_01525.npy,3833462676.683866,0.188109587116967
microstructure_03592.npy,2397474123.2629128,0.18949525653765323
microstructure_02677.npy,4499582617.260217,0.18268011344021876
microstructure_08138.npy,1981963313.8994174,0.17122009550120856
microstructure_05979.npy,1329404276.965191,0.20321594079944044
microstructure_04512.npy,3709281008.8609366,0.17761099253717014
microstructure_05764.npy,1867753454.4672234,0.20647748391929746
microstructure_01165.npy,4340465996.134028,0.17014764973380236
microstructure_00754.npy,2201771162.235533,0.18239973185036723
microstructure_08204.npy,1500720883.5409286,0.200693547512289
microstructure_05800.npy,2161431473.9099097,0.19402780599501918
microstructure_01982.npy,3384869154.2319036,0.18308796212165798
microstructure_00489.npy,2688955131.781614,0.18770710830230483
microstructure_04123.npy,1943017746.9283514,0.18317920223563466
microstructure_02687.npy,3012450304.9217744,0.18644237813855385
microstructure_08286.npy,4013548874.5544415,0.1787705184762189
microstructure_08310.npy,1419741951.2393637,0.1990090976958022
microstructure_06448.npy,3888820172.1199617,0.17459986186526985
microstructure_01653.npy,2563543103.510118,0.19142569138331986
microstructure_09197.npy,2942851501.2949595,0.1889305334328203
microstructure_05330.npy,3918559138.577651,0.19021937924552662
microstructure_02920.npy,1548718659.529541,0.20360497791388255
microstructure_05256.npy,1794803615.579845,0.19766727391187716
microstructure_01000.npy,2270197728.4974475,0.1953049837473566
microstructure_03475.npy,1356436424.4102926,0.19554158374010208
microstructure_05519.npy,1668071198.1418085,0.18652839997637802
microstructure_02532.npy,2615829339.30603,0.18386293082522798
microstructure_05956.npy,2149219670.954355,0.18773588203725453
microstructure_08076.npy,3888504365.6340914,0.17581530119851518
microstructure_06788.npy,4218093545.6725736,0.18137619717959755
microstructure_00835.npy,2575837213.8475366,0.1867455632885339
microstructure_05380.npy,3914954698.835916,0.18406943339260623
microstructure_09866.npy,1282796600.3289287,0.20148183342365072
microstructure_09473.npy,1919170563.6870785,0.1605581157794051
microstructure_05810.npy,4145260476.7308416,0.1790298077778534
microstructure_07346.npy,3836688029.012821,0.17952999400169703
microstructure_05969.npy,3363078117.7394505,0.18143788708138078
microstructure_00814.npy,2085733369.1831012,0.18374838250442252
microstructure_00680.npy,3953149819.712103,0.17804725008251965
microstructure_04228.npy,1405379806.8395915,0.206020585570555
microstructure_05395.npy,4289686473.5541315,0.18514933649856297
microstructure_00913.npy,4228760092.5897384,0.17889064923184614
microstructure_08802.npy,1814213868.7083356,0.1994193601742034
microstructure_06558.npy,3615248337.6127996,0.1670009540582673
microstructure_07341.npy,3840918458.2378063,0.17565847506240662
microstructure_08383.npy,1941173072.1649892,0.20106582695148487
microstructure_05871.npy,4367587559.566347,0.17443697344466186
microstructure_02119.npy,4159321539.4172583,0.17880320533795283
microstructure_03286.npy,1523826259.4234354,0.19575843056027747
microstructure_03048.npy,3807032813.845701,0.17272765539049723
microstructure_00405.npy,1744882759.5493286,0.20028826753394813
microstructure_05572.npy,3714434884.6289234,0.1879097722738895
microstructure_08078.npy,4425683044.479054,0.17581084835866137
microstructure_05036.npy,4648441335.325135,0.18061918363276547
microstructure_03234.npy,2430555675.4429517,0.17749126052154363
microstructure_07696.npy,1277224450.4499907,0.20251591609659095
microstructure_00153.npy,3615241838.1663704,0.18716692626706358
microstructure_02788.npy,1269648103.4409394,0.19912989935647837
microstructure_02235.npy,2130489117.1782813,0.19057673239212894
microstructure_03703.npy,2678566574.464344,0.18930545767615034
microstructure_01811.npy,1384435451.112404,0.20370162791918023
microstructure_03835.npy,4121383597.8249927,0.17195603845831559
microstructure_06291.npy,2418455592.360122,0.18641326753058116
microstructure_06157.npy,1793221698.1381714,0.2082362808362133
microstructure_02455.npy,4254519115.138682,0.17600978998489414
microstructure_07523.npy,2239352004.614616,0.2007321952052822
microstructure_08755.npy,3573545829.1112504,0.1736732232374151
microstructure_02705.npy,4095895378.7764235,0.16420153891524011
microstructure_06045.npy,1919391713.538621,0.18645997984095525
microstructure_03283.npy,3206309913.9280133,0.17852737959871534
microstructure_01458.npy,4453423238.701304,0.17969035976265438
microstructure_08372.npy,1456597664.0057855,0.20348683710084137
microstructure_03574.npy,1349969112.5428088,0.19478706041938448
microstructure_04190.npy,1700138789.2905347,0.19030681559870763
microstructure_03660.npy,4056982847.9641147,0.18384610941230164
microstructure_04009.npy,2616477634.7482634,0.18309715847211605
microstructure_07223.npy,4073844895.994232,0.178306561738914
microstructure_00380.npy,4176931764.057637,0.1812535257619936
microstructure_07481.npy,3912859908.5916853,0.1807000787455997
microstructure_04414.npy,4346454193.058078,0.1811490153078114
microstructure_03013.npy,4482850996.110958,0.18522808020843776
microstructure_09047.npy,4250355345.9765224,0.17163612818215498
microstructure_05176.npy,1432449541.1667771,0.20050205994778011
microstructure_07677.npy,4176738700.2306747,0.1846517589351256
microstructure_03778.npy,1616167949.4952517,0.18942625866715193
microstructure_01898.npy,3173567842.4723573,0.1852406038894817
microstructure_02444.npy,3488590175.9937,0.17998416271536402
microstructure_00954.npy,1844231981.3148975,0.18045956236239014
microstructure_01412.npy,2793871896.362489,0.17959938556882996
microstructure_00007.npy,3791911376.688565,0.18353704293192843
microstructure_02807.npy,1703620050.7950742,0.18358546482117466
microstructure_02129.npy,2457364203.3267674,0.17891818054689765
microstructure_06289.npy,2461451774.8632865,0.1935648579873784
microstructure_06187.npy,2663028195.447851,0.1777488512342502
microstructure_09343.npy,4458971476.115761,0.17446654844484027
microstructure_02372.npy,4621572343.096766,0.18390509032022845
microstructure_06263.npy,3881552227.919785,0.17620294722386934
microstructure_03311.npy,3112932686.0897355,0.1707743906445222
microstructure_00983.npy,3729499859.741818,0.18810937768220024
microstructure_08583.npy,4935996004.88593,0.17536203071965337
microstructure_07784.npy,2773205650.950013,0.18159886772757697
microstructure_00655.npy,1499035356.2817924,0.20670396901883512
microstructure_07006.npy,4154878293.3423805,0.1726660135227007
microstructure_05796.npy,2550476667.8762283,0.20034220986988444
microstructure_03608.npy,1669191795.8738081,0.19138802999248294
microstructure_08676.npy,1679465005.0211513,0.20035846436995466
microstructure_05983.npy,3817525830.1946197,0.16951512828063384
microstructure_02900.npy,1610477233.9763176,0.19835349036020106
microstructure_06151.npy,3894021385.495831,0.1813373757137632
microstructure_02517.npy,1469472527.0597615,0.19861707459453942
microstructure_01241.npy,1484958711.1851077,0.2026594469725465
microstructure_07063.npy,2897110686.610325,0.18465300953423242
microstructure_01993.npy,1513457217.839827,0.1820143390667394
microstructure_06114.npy,2979958593.8016043,0.17431095179701853
microstructure_05448.npy,1635260151.6180284,0.20115511585199852
microstructure_05706.npy,4085397129.744577,0.17156928039149102
microstructure_08726.npy,3175133478.6704025,0.1786023430082836
microstructure_03719.npy,3974874315.158247,0.18065829419208201
microstructure_08260.npy,1686370632.5908313,0.19909659210470687
microstructure_07572.npy,3784007890.0248523,0.1930423031300675
microstructure_01095.npy,2138993553.6203496,0.1944569636077636
microstructure_03085.npy,3135214383.7637277,0.18224256024169955
microstructure_07318.npy,4121493756.381707,0.18447231921176854
microstructure_02406.npy,3266568185.4190927,0.1673051345915254
microstructure_07283.npy,1232917261.2303343,0.19832654939430713
microstructure_02110.npy,3459326375.143866,0.1831816628758852
microstructure_03625.npy,1890885653.3270552,0.19886270039189363
microstructure_01388.npy,2044072815.6596131,0.20143344374603656
microstructure_05244.npy,2710298886.0430946,0.17895631592514347
microstructure_01740.npy,3231020815.881734,0.14472694170955863
microstructure_03729.npy,3486441922.886464,0.17799281865466499
microstructure_05759.npy,3566533616.04542,0.18454806630334383
microstructure_09441.npy,4056162075.5215645,0.1730882346877738
microstructure_00121.npy,1365260497.6163208,0.19895323090070965
microstructure_06374.npy,4556101580.260241,0.19015555349974325
microstructure_09528.npy,3474829416.3557014,0.1793134173022602
microstructure_04135.npy,2293260506.7717195,0.18788758920310222
microstructure_01496.npy,2829682942.3139977,0.19248816957633086
microstructure_01977.npy,3738836322.115556,0.17733445454596752
microstructure_05543.npy,1319503342.3725228,0.20148903484722944
microstructure_05654.npy,1568253222.0503764,0.2056190738803954
microstructure_02263.npy,1602812588.4196148,0.18967001326569818
microstructure_04961.npy,3714068351.8525057,0.18634638986131832
microstructure_07877.npy,1674919099.399385,0.1860489301171618
microstructure_08790.npy,3767392429.736478,0.18062560060015861
microstructure_02810.npy,2508781316.510799,0.19316920774449775
microstructure_06832.npy,1536201411.3547232,0.19888750630893767
microstructure_07640.npy,1534837665.8133173,0.19543161190509983
microstructure_08314.npy,2592112964.14997,0.18440916637418078
microstructure_01670.npy,1838277843.5300832,0.19311033873785874
microstructure_02984.npy,2884193707.606308,0.1827051867362284
microstructure_08013.npy,3655603357.759699,0.1754427391768614
microstructure_06601.npy,1295113188.684026,0.18954211445209393
microstructure_00500.npy,1969901702.3599312,0.18758900011766266
microstructure_08978.npy,1922749905.2875862,0.17727218327312344
microstructure_04695.npy,1367882892.6874306,0.19980311850541826
microstructure_01168.npy,2023400393.5026314,0.1993830309637004
microstructure_08625.npy,1337421590.9178135,0.20249153938632833
microstructure_08954.npy,3044045613.9796715,0.1876297925953275
microstructure_05818.npy,1266906565.5119054,0.19734318875488607
microstructure_01315.npy,3544691094.4001255,0.1725910174170655
microstructure_08921.npy,3559366209.916548,0.17996395436890866
microstructure_02227.npy,2963760624.4838157,0.17198872097811715
microstructure_06181.npy,3506186179.48818,0.18415860045578286
microstructure_09232.npy,3301889987.494605,0.17323687223832
microstructure_06593.npy,3836382268.882166,0.17941718566376788
microstructure_09752.npy,3517292378.5722523,0.18141272740883294
microstructure_03314.npy,2177366931.034401,0.17172295689295847
microstructure_07427.npy,2007467522.1548624,0.18866985458523508
microstructure_09395.npy,1494265998.806274,0.1939325214224011
microstructure_08168.npy,2378385510.8973174,0.1928382958283863
microstructure_06191.npy,1727389726.710219,0.19275419073875247
microstructure_00616.npy,2897653331.3357706,0.17579230352856856
microstructure_07806.npy,5033870631.045376,0.1827269028088708
microstructure_07915.npy,2110468773.7116141,0.1863460089762875
microstructure_09706.npy,1852654380.58611,0.18526840412524112
microstructure_03472.npy,2530307062.144777,0.17844723508632687
microstructure_03761.npy,3470588289.7544627,0.1773931563517679
microstructure_06823.npy,2099788879.02203,0.1849896199072162
microstructure_06092.npy,1809399674.308678,0.19864203122011398
microstructure_06552.npy,4161635766.8261914,0.1837853287071861
microstructure_02833.npy,4095796308.487807,0.18037675133537748
microstructure_08091.npy,2827126798.5292244,0.1814032485914422
microstructure_04907.npy,1692881983.8876693,0.199206554730334
microstructure_08776.npy,3193654698.830205,0.17605566397056996
microstructure_05960.npy,3745856023.493449,0.17832087316811432
microstructure_08510.npy,3558684540.2907305,0.1849007461047341
microstructure_05274.npy,1694343060.3666592,0.18070209803477175
microstructure_07125.npy,3506179768.91018,0.1807671953385512
microstructure_04435.npy,1538113234.8080547,0.19315458345617023
microstructure_08782.npy,4076030947.3164816,0.1774734993905945
microstructure_05335.npy,2066772721.5420177,0.19074782760921316
microstructure_05002.npy,3471531801.9726577,0.1829979604782946
microstructure_03563.npy,1254757962.7922432,0.20135792470499853
microstructure_06857.npy,2164841748.751824,0.18767593877228894
microstructure_06197.npy,2301810747.340348,0.18378281779174424
microstructure_07860.npy,3785737433.429222,0.17677252927645276
microstructure_04031.npy,1162548723.8950872,0.2032034524094451
microstructure_04613.npy,3959727672.4281945,0.17861638504216126
microstructure_03250.npy,1555572932.599599,0.19267704510641698
microstructure_06502.npy,2146291026.3862772,0.16312748867485014
microstructure_07791.npy,2439219995.776722,0.18164834870579713
microstructure_00061.npy,1829634557.529552,0.19529563464082994
microstructure_08476.npy,1508827399.2168941,0.18988592240988267
microstructure_07986.npy,3366291441.6199207,0.1814590316955211
microstructure_03944.npy,1583971127.980797,0.19512958866494098
microstructure_05426.npy,3697142960.143151,0.18004831720055828
microstructure_09830.npy,2814502636.4012036,0.1763780929401486
microstructure_00708.npy,4455398669.475202,0.1800595815190857
microstructure_07034.npy,3923281733.331264,0.18028936815018878
microstructure_04659.npy,3492942467.8468337,0.18444982863209036
microstructure_07195.npy,3657208839.617888,0.17122631559807394
microstructure_05184.npy,3768119080.7171397,0.18411926899395953
microstructure_05089.npy,3806338585.9996777,0.18078982114703412
microstructure_05365.npy,2395636705.1148505,0.18627758458675053
microstructure_06718.npy,4218112890.11145,0.1817564637910312
microstructure_03545.npy,1462390974.6077924,0.20342600049573464
microstructure_00855.npy,1823226949.503894,0.20012425053232355
microstructure_06480.npy,4249441623.3192697,0.17982494748382763
microstructure_09088.npy,1891724311.286951,0.19086170891444748
microstructure_09052.npy,4752480895.510348,0.19056709461224774
microstructure_09466.npy,4357893544.280215,0.18653125924544509
microstructure_00078.npy,3004211835.109258,0.19334436424877166
microstructure_01235.npy,1744904757.690881,0.1887863273129669
microstructure_09928.npy,1456480250.5094805,0.19736010767155632
microstructure_04734.npy,2372581123.7252192,0.18750629062462434
microstructure_07594.npy,3815762605.000354,0.18338037163166862
microstructure_00735.npy,4045868774.832064,0.1676762052334214
microstructure_00485.npy,1575171053.5120978,0.18661106304235037
microstructure_05639.npy,3188145508.1391172,0.17210450582824272
microstructure_07340.npy,1469836288.9686487,0.19479354013043343
microstructure_01643.npy,4466952490.73976,0.1809444195950015
microstructure_01966.npy,1366143647.865086,0.2014422843529226
microstructure_09966.npy,1371123972.2982965,0.18981445406641378
microstructure_08931.npy,2476506307.9086885,0.17743173996724879
microstructure_07654.npy,1766757738.58351,0.1862163312060315
microstructure_09721.npy,2643331049.6668167,0.19510446815836685
microstructure_08047.npy,1289966211.22422,0.20128141825702578
microstructure_01466.npy,3976221706.269168,0.18644528012810513
microstructure_05170.npy,4512712469.758629,0.17879261488750683
microstructure_05441.npy,3837842297.603219,0.17060127685505833
microstructure_04366.npy,1445783088.142426,0.19769120658840578
microstructure_02211.npy,4134425682.9217286,0.17667928100537572
microstructure_04077.npy,4907788347.706046,0.18318784009909897
microstructure_01768.npy,4011312624.2158637,0.17899957977605352
microstructure_00985.npy,1199369407.0786657,0.19994063587386418
microstructure_00083.npy,1996584542.0099297,0.18259685854826063
microstructure_00464.npy,4385680812.621176,0.17361371018358604
microstructure_05913.npy,3801157996.836058,0.1767294256330743
microstructure_02585.npy,1336910263.65411,0.19924895593924935
microstructure_08110.npy,4078619801.260975,0.17741331391562168
microstructure_09709.npy,2224592305.0345764,0.1859673746130689
microstructure_06911.npy,1969620482.816846,0.1961575733334416
microstructure_04518.npy,3745850139.0323887,0.19053781248557655
microstructure_00621.npy,2094871685.9974406,0.1735211814219405
microstructure_05662.npy,1614935980.1093292,0.19211823916665058
microstructure_05548.npy,3575592017.4152393,0.17669713798486278
microstructure_02679.npy,3985314684.539785,0.18395527701072892
microstructure_03456.npy,3328308677.7445135,0.181530453157638
microstructure_01929.npy,1257853866.6336293,0.19495286406613754
microstructure_02834.npy,3121312735.1721244,0.18954837896218996
microstructure_07961.npy,3805683649.791901,0.17281253829254126
microstructure_06962.npy,1783785223.319168,0.1991473822533367
microstructure_04255.npy,2716623061.2914324,0.19145475313524085
microstructure_02153.npy,3253362287.522112,0.1768730514464028
microstructure_06912.npy,3957675802.217507,0.1802603900013449
microstructure_03144.npy,1855978526.8588264,0.19595901274216487
microstructure_08573.npy,1697509511.3480275,0.19616867560536536
microstructure_03386.npy,1181871873.7356346,0.1963205569873984
microstructure_09462.npy,2879200506.0514913,0.1736722762306387
microstructure_04251.npy,3859783584.7759953,0.1707078905326812
microstructure_08831.npy,2150099647.394958,0.17188065948333328
microstructure_01224.npy,3466206002.5674615,0.1763594961416391
microstructure_04146.npy,1707339543.4458659,0.19075252194595288
microstructure_09455.npy,3644716723.194726,0.1873622819834181
microstructure_05578.npy,1841652930.0661337,0.20032068460792074
microstructure_07113.npy,2663868927.4733644,0.19596541835825407
microstructure_00194.npy,2283751365.734281,0.1895707860221522
microstructure_04635.npy,3524167363.545189,0.18067778842310414
microstructure_09678.npy,2853194519.7650824,0.1918423970227783
microstructure_09432.npy,1592800581.0843914,0.19576327602495883
microstructure_07455.npy,1520941151.9077995,0.20007054377452532
microstructure_09075.npy,2069212464.1100736,0.18736409844464624
microstructure_02099.npy,1250401167.1048408,0.2032766389335713
microstructure_08552.npy,4148651965.063818,0.17310893605253072
microstructure_08378.npy,3753732711.346781,0.16467049467750872
microstructure_01799.npy,1227229821.444491,0.20416396108044585
microstructure_07168.npy,4309071078.981207,0.18776554150629157
microstructure_03346.npy,4137554350.767263,0.17815674967281303
microstructure_05369.npy,2120825106.074495,0.19790846876317497
microstructure_02104.npy,1433828367.854545,0.19544751710032648
microstructure_07387.npy,3154823559.2004905,0.19163427001620534
microstructure_05736.npy,3586201065.8289595,0.1827290021882898
microstructure_01428.npy,1386789058.275949,0.1954492070426461
microstructure_08135.npy,4446081997.701722,0.18891512760270213
microstructure_09315.npy,1967559375.0551777,0.16946138436098368
microstructure_08125.npy,4571980781.472756,0.1781158705833288
microstructure_09762.npy,1603093839.847623,0.1758365464704101
microstructure_07016.npy,1827403764.8299842,0.20446257746822133
microstructure_08430.npy,3330232359.2466583,0.1894917266238744
microstructure_05220.npy,3031116005.8233666,0.1723054926544756
microstructure_05201.npy,4139795154.074017,0.1810184195485218
microstructure_02774.npy,4076103215.2272425,0.185650778011261
microstructure_02761.npy,4849999143.780732,0.19111954339995427
microstructure_06740.npy,2104730551.159077,0.1655486909981811
microstructure_07612.npy,2097775363.5830877,0.18854750723679262
microstructure_09826.npy,3010044340.420777,0.1789941268849432
microstructure_02505.npy,3581273863.109907,0.17549719998915347
microstructure_02863.npy,4322820008.385865,0.18636325599515458
microstructure_03461.npy,4075241644.015848,0.18528873678503843
microstructure_01083.npy,1879210490.7163637,0.1999693740255075
microstructure_03492.npy,1351738934.7233589,0.19753692295284606
microstructure_03077.npy,4135951647.971953,0.18562204194854148
microstructure_09700.npy,4140679706.0955253,0.16725901014806635
microstructure_05701.npy,2248786390.740514,0.19184502132663403
microstructure_09167.npy,4521582148.718536,0.17768313334553582
microstructure_08121.npy,3828101675.0650396,0.18663127471332228
microstructure_07813.npy,3395672497.3476014,0.1757683827383211
microstructure_02930.npy,1446615061.542982,0.19573742686134696
microstructure_01584.npy,1494332294.336542,0.198797085702229
microstructure_08374.npy,2122247286.7492433,0.20360036731010994
microstructure_08426.npy,1881235980.657411,0.19245954362692871
microstructure_01087.npy,1874363198.493753,0.18947729745127223
microstructure_06492.npy,1417591344.2400413,0.1845196640121351
microstructure_02780.npy,1452338780.0920613,0.2001968531293845
microstructure_01867.npy,4171552635.654643,0.18010600555857603
microstructure_07295.npy,3210026709.657959,0.17830097463190342
microstructure_03949.npy,2301805151.5968533,0.18547039982047342
microstructure_05667.npy,3136506483.6657157,0.1780152568585924
microstructure_03824.npy,2051765577.1652062,0.20008953662873216
microstructure_03361.npy,3392551769.349251,0.17205397493551072
microstructure_00547.npy,2437856457.401453,0.1839055424282762
microstructure_09809.npy,1959097879.7326334,0.20457630165596288
microstructure_02531.npy,2246055528.4831486,0.18935238105534022
microstructure_04803.npy,3287016036.5620127,0.17952744127414227
microstructure_02766.npy,1594229811.0004225,0.19831501355229236
microstructure_06920.npy,1901778880.8981364,0.19055241041974383
microstructure_01554.npy,3354701460.6987667,0.17910754025557876
microstructure_07270.npy,1330140074.7970095,0.20659018458236753
microstructure_09004.npy,3666515801.095051,0.1882197751275449
microstructure_07571.npy,2178143760.0806575,0.18622568133192893
microstructure_04793.npy,2723338292.2044306,0.17172625649005752
microstructure_00090.npy,1557379292.5596178,0.20543875106430678
microstructure_01398.npy,1442066880.8350043,0.20619297104201975
microstructure_01422.npy,3947074563.5405345,0.17730932879425026
microstructure_02278.npy,1209756493.3325486,0.20031166822592128
microstructure_02387.npy,3525994201.575151,0.18622826599832992
microstructure_04348.npy,1514245380.7319865,0.1981493742194667
microstructure_07293.npy,2551980687.7170663,0.1810843091555502
microstructure_05293.npy,2884610494.2682133,0.19401252767860716
microstructure_01909.npy,2689106846.600629,0.17734383007383597
microstructure_01667.npy,3017365822.425919,0.1720831272433957
microstructure_09134.npy,1936836225.7118862,0.20001878236789042
microstructure_02556.npy,1848679933.0676699,0.1943921978839872
microstructure_06503.npy,3695041331.898579,0.18331194743899182
microstructure_08490.npy,2263563634.0580134,0.1897974598553458
microstructure_05774.npy,2648962724.763475,0.16012296380278737
microstructure_07024.npy,1638023939.6430223,0.1976418374076207
microstructure_02777.npy,1461159355.160739,0.19775603158285296
microstructure_08079.npy,1613046237.9197834,0.1963555561410532
microstructure_05832.npy,2268684102.3262534,0.18483245468056217
microstructure_06622.npy,4327573206.440746,0.1937867883426148
microstructure_03538.npy,1239167577.0775306,0.19717526302288185
microstructure_01782.npy,1676048333.7101989,0.19988122029368013
microstructure_04065.npy,1618511541.7504144,0.1904380607251847
microstructure_04239.npy,4278760687.1998205,0.18638091350755212
microstructure_04346.npy,1738692983.1195118,0.18470959344527932
microstructure_09081.npy,3459675673.149523,0.17260486844690956
microstructure_04690.npy,4119010042.2114325,0.18417244387405315
microstructure_02458.npy,4185958129.9164834,0.1766367596777235
microstructure_00910.npy,1209559899.029557,0.19838890211383098
microstructure_05458.npy,3043402929.5963755,0.18798715363313168
microstructure_03331.npy,1963945555.4528778,0.1971712541544574
microstructure_08536.npy,3168868040.830466,0.17264438568521437
microstructure_06965.npy,2594860734.524483,0.1725560138807289
microstructure_04839.npy,1238558285.7192838,0.20225329780363632
microstructure_02718.npy,2358051160.066623,0.19898264359444606
microstructure_05523.npy,2652650385.2775884,0.18504705900271093
microstructure_09337.npy,1935746641.4748538,0.20210611784526158
microstructure_02637.npy,1939765794.1387963,0.18531983195009735
microstructure_01195.npy,3242068763.645474,0.1887958285433944
microstructure_04004.npy,1639017283.5108156,0.19297403054472406
microstructure_04617.npy,1832342958.9630637,0.19872406417940627
microstructure_07853.npy,2302771213.074715,0.19606760538966672
microstructure_04268.npy,1552116350.9412796,0.19306046838185506
microstructure_01477.npy,1454723123.989603,0.19702437277209173
microstructure_00142.npy,4581441971.352311,0.18279391207108414
microstructure_07982.npy,4214013899.121104,0.18663920295662853
microstructure_02616.npy,1762192186.48455,0.1838393168022773
microstructure_08975.npy,2375759898.187744,0.19606900068719277
microstructure_09837.npy,2780195506.889446,0.18678540309490926
microstructure_06327.npy,2227718501.3509455,0.17837641103161286
microstructure_01989.npy,1635510521.7179453,0.19742503370111206
microstructure_02666.npy,1291942758.5846214,0.1959130375207974
microstructure_05431.npy,1668804396.486407,0.18815321617168926
microstructure_03989.npy,4447996010.418686,0.1668855772046697
microstructure_07637.npy,1168910667.791809,0.19740576118740905
microstructure_02429.npy,1761834306.0633368,0.19400514036881472
microstructure_05724.npy,2588429316.7932773,0.18918795461496593
microstructure_08984.npy,3904576202.0083942,0.18230501758483642
microstructure_09148.npy,4631263523.791812,0.18874192314695104
microstructure_00403.npy,1337707352.6050308,0.19050789962154646
microstructure_01537.npy,3918091831.0376487,0.17585293912614172
microstructure_04120.npy,4210203695.605911,0.17499898300621114
microstructure_00391.npy,2317715670.85261,0.18782114959751026
microstructure_01106.npy,2327582697.8882484,0.19272063807189435
microstructure_08435.npy,3448857189.9887986,0.17644152670466348
microstructure_08302.npy,1292124936.1860125,0.19917013552375215
microstructure_06728.npy,1183533959.8751013,0.20212127153943793
microstructure_05125.npy,4171174328.572896,0.17856550472182547
microstructure_00465.npy,3352668712.288118,0.1843020672679204
microstructure_04259.npy,2941095327.0929656,0.1893488872993808
microstructure_02257.npy,2566294810.008111,0.18249271011885682
microstructure_04481.npy,3798085909.1500793,0.18113769092685755
microstructure_08842.npy,3088722180.1203656,0.18437200131879694
microstructure_09451.npy,3081472376.3680506,0.1871782315116273
microstructure_02191.npy,1307062928.884483,0.19580488963122397
microstructure_01873.npy,5419379778.081754,0.1811129254855121
microstructure_05023.npy,2206608005.2976437,0.1899377285195765
microstructure_00669.npy,2943917522.3838515,0.18694533135333594
microstructure_07926.npy,3289183018.056841,0.17023146811540743
microstructure_04511.npy,3795103421.185655,0.17777046736941363
microstructure_08265.npy,3250510875.4967475,0.17688863440143854
microstructure_06786.npy,1430626090.1980007,0.19143264999047674
microstructure_05546.npy,2134263675.0529273,0.19036583999678872
microstructure_09735.npy,2359914007.3728857,0.1911630477190938
microstructure_08799.npy,2493738943.490999,0.18324274034925953
microstructure_07176.npy,2385197470.729097,0.18465099774733548
microstructure_03034.npy,2621178247.071389,0.1939682211924306
microstructure_03572.npy,1905037510.0771987,0.20106538570428803
microstructure_07800.npy,3693393907.8442388,0.1846761799761942
microstructure_02683.npy,2595558797.4055657,0.17667429523662115
microstructure_09388.npy,1770820789.9699163,0.19006415897063209
microstructure_09879.npy,2222442788.7863836,0.18181083590802816
microstructure_08072.npy,1321116730.5094166,0.1940435840736723
microstructure_04582.npy,2640566528.8783216,0.1780374745898872
microstructure_05842.npy,3273259724.5900807,0.17976772173166844
microstructure_07199.npy,4408212090.610449,0.1832865253976524
microstructure_04456.npy,1426020246.5064049,0.1860976782468097
microstructure_08829.npy,2921642684.7259765,0.18350136280244428
microstructure_00448.npy,1975780059.8975267,0.19837751937168918
microstructure_06634.npy,1952384450.1482391,0.17928871423926024
microstructure_08605.npy,2451086919.2199173,0.16982524770896235
microstructure_04032.npy,2740125180.376976,0.19423615082994491
microstructure_00115.npy,1474969984.412821,0.1975884452786086
microstructure_03652.npy,4523671729.304818,0.1729512860299153
microstructure_00397.npy,1284565187.72499,0.2035515010821834
microstructure_08397.npy,1276902874.11277,0.20259778861063324
microstructure_07760.npy,3741493511.174439,0.18964913883753756
microstructure_07231.npy,3511484245.7730284,0.18457349643303705
microstructure_06729.npy,3373426158.8892264,0.17665079658280297
microstructure_06184.npy,4001524303.641553,0.17632728834258096
microstructure_03055.npy,1528978867.857056,0.20260658700649015
microstructure_07268.npy,3268394895.669884,0.18432942892149393
microstructure_01189.npy,1503441740.1116283,0.20255565853636442
microstructure_05242.npy,2164522122.452651,0.20186496945431084
microstructure_06942.npy,1447902479.106136,0.19794319117268472
microstructure_09208.npy,1633992813.1691642,0.18884450824762153
microstructure_02781.npy,1909175298.1701365,0.18296491406146942
microstructure_03335.npy,2814726020.9874883,0.18770967736792285
microstructure_04739.npy,3315416138.196886,0.18796697730725115
microstructure_05194.npy,4254201201.1213,0.1855726791378525
microstructure_08040.npy,3025973818.9676833,0.15574438969028465
microstructure_02902.npy,3418162251.8667765,0.18795353638493367
microstructure_07077.npy,5076747007.114285,0.16667129864385455
microstructure_04941.npy,2285306011.3588476,0.189840433595579
microstructure_04117.npy,1737244272.0914721,0.1953474798768965
microstructure_02468.npy,3073430970.145159,0.17850828483682288
microstructure_05058.npy,1247076387.0372725,0.1957679222955178
microstructure_05279.npy,3658702596.367525,0.1748221101827
microstructure_00197.npy,3414324752.252298,0.1782989449786526
microstructure_09007.npy,1264055509.4616401,0.2021024764652307
microstructure_01382.npy,1418562993.7374513,0.20164334628013877
microstructure_09513.npy,1880460241.2143016,0.1966976589332297
microstructure_01424.npy,2593679274.643234,0.18694052621682367
microstructure_05069.npy,4025949711.9512563,0.18147093118694196
microstructure_00266.npy,2503096842.0981774,0.18752886515524878
microstructure_01454.npy,2317886541.225609,0.1962333384771085
microstructure_07377.npy,1490635975.0664191,0.20253295331408552
microstructure_07433.npy,1311514374.4426653,0.19802842724499084
microstructure_02461.npy,3888553786.1490936,0.18127373535778576
microstructure_09611.npy,1632111135.8023348,0.17878632986533452
microstructure_02622.npy,4475376683.356958,0.16317683778507416
microstructure_02856.npy,3416332079.5686727,0.15705313112563749
microstructure_02890.npy,2145044207.2692437,0.19431743855358377
microstructure_04513.npy,4051002840.95616,0.17498470027702157
microstructure_08778.npy,2002927179.6746366,0.16663952605359147
microstructure_01973.npy,3082519344.2711525,0.1793684394626687
microstructure_05109.npy,1471356985.6637719,0.1999685815100421
microstructure_01419.npy,1390737132.9727998,0.19813822975598464
microstructure_03654.npy,3762519088.7687078,0.18792846379052064
microstructure_04136.npy,1351579880.3046937,0.19288697502595353
microstructure_01869.npy,1557833429.0102816,0.2001701348417891
microstructure_04701.npy,3743990215.4085026,0.18160584807701624
microstructure_09030.npy,2958529981.710826,0.1896089580256137
microstructure_03091.npy,3902779744.3950515,0.17803150711934015
microstructure_00979.npy,3534241664.732588,0.1884388945266722
microstructure_03339.npy,1651460612.9318635,0.1857165644666028
microstructure_01562.npy,1512918589.0078845,0.20070345661151667
microstructure_00646.npy,4158853323.3357615,0.18874436684631002
microstructure_04209.npy,1259461121.5874796,0.2024336385227978
microstructure_09786.npy,3528346867.7700586,0.17855005260095316
microstructure_09185.npy,3630964367.4295287,0.18961508196685029
microstructure_06134.npy,1222240501.2202952,0.19693234021280195
microstructure_07308.npy,4445174332.083165,0.18044113380691143
microstructure_02745.npy,4029582008.456205,0.18511688720747266
microstructure_08206.npy,3892464479.6048064,0.18414270894883566
microstructure_05725.npy,1420113522.7483413,0.19713790144574267
microstructure_01839.npy,2603034071.8998737,0.18816523270619875
microstructure_09967.npy,3269505753.364649,0.17783392488132566
microstructure_00763.npy,3880613464.3210273,0.18625205551961097
microstructure_02362.npy,2773707602.453522,0.17306519251252156
microstructure_00766.npy,1313733933.993492,0.19637530399550027
microstructure_07159.npy,4034219979.7150426,0.18639643069100226
microstructure_04047.npy,4522125696.470792,0.1779001940534728
microstructure_07083.npy,1551014204.813875,0.18439795590768196
microstructure_05520.npy,2916810149.633746,0.19237157548212738
microstructure_06750.npy,3596806766.4870796,0.167535768673346
microstructure_00645.npy,1681541774.2777834,0.19491838002887357
microstructure_08597.npy,4491875754.154382,0.17400379272949032
microstructure_01614.npy,3319545970.1890574,0.1853324364530139
microstructure_04424.npy,4244911424.254381,0.17699445979747858
microstructure_09342.npy,4842244221.508232,0.1790053430367819
microstructure_01650.npy,2718148038.232755,0.17624284879493188
microstructure_04744.npy,1227586246.1085331,0.20043743185130533
microstructure_05392.npy,3280304051.272728,0.17703263600340288
microstructure_01015.npy,2791496239.3954606,0.1791069924726785
microstructure_07393.npy,1331095902.0626485,0.19370845228745506
microstructure_08140.npy,4663243514.448121,0.16994516811038485
microstructure_00237.npy,3329567382.0732255,0.17487206527243798
microstructure_00578.npy,3193147098.109439,0.18382961259665392
microstructure_06596.npy,3653123324.1968646,0.1899120644340533
microstructure_08272.npy,3988666652.6615205,0.16933436464480142
microstructure_04692.npy,4570259350.157252,0.17805997195189988
microstructure_04203.npy,2749277908.082345,0.17319706297261245
microstructure_00329.npy,1586739595.2295783,0.19790724816628838
microstructure_01264.npy,1419389071.629046,0.19082383721582905
microstructure_08788.npy,3354758569.4802074,0.17521030243101338
microstructure_03884.npy,4079038730.7362537,0.17292056353199717
microstructure_07438.npy,1421607147.8451853,0.2051976451853359
microstructure_04326.npy,1744035696.627084,0.2012884329922571
microstructure_08692.npy,2146174056.0871575,0.1949820474288026
microstructure_04349.npy,1814995313.8328354,0.19862598246607718
microstructure_09294.npy,3381962980.2312837,0.18571202428789327
microstructure_02140.npy,2472149909.9464936,0.18233559578583372
microstructure_00289.npy,2688658947.6354284,0.1841774887763407
microstructure_08569.npy,1447383221.5187056,0.1953327192000556
microstructure_01239.npy,1249871903.656242,0.2028579771468145
microstructure_06145.npy,1757109339.3458116,0.19602670075790718
microstructure_08773.npy,3862961413.0218654,0.17854677687636938
microstructure_08436.npy,2055044287.4539747,0.1693498533233339
microstructure_08904.npy,1346564845.4025702,0.2115166932404194
microstructure_06578.npy,1667653575.530566,0.19813655577718736
microstructure_09138.npy,1578392603.9205196,0.19853461195910432
microstructure_03505.npy,2004965909.3956802,0.19163996073730838
microstructure_07900.npy,1794428106.8653634,0.20102131813082275
microstructure_04877.npy,3176721441.8500714,0.18336635873909368
microstructure_05510.npy,2020291333.4923081,0.1957846715064988
microstructure_06678.npy,1310914948.0437403,0.20145250717648625
microstructure_08606.npy,2261767176.3424983,0.18987689384067344
microstructure_09394.npy,1759683110.382437,0.2030111338271403
microstructure_04377.npy,3352054847.9886003,0.173745722391445
microstructure_09226.npy,1814420668.5338695,0.19235501505513047
microstructure_07091.npy,1312339307.7165732,0.19996992691270823
microstructure_09767.npy,3838529101.9748116,0.16744469846980006
microstructure_06476.npy,1302569006.015649,0.20039492835579392
microstructure_04740.npy,1593106577.5820138,0.1926108476072407
microstructure_01163.npy,2331371132.968997,0.19318434199070353
microstructure_06875.npy,4782880793.376987,0.17411479088812465
microstructure_07309.npy,3505380913.736568,0.17754695409122115
microstructure_07426.npy,2016048747.7700453,0.17748860092690383
microstructure_05527.npy,1212478656.9986577,0.2015791680458016
microstructure_09702.npy,1781270062.509169,0.1953972545590538
microstructure_06082.npy,1208028230.7775457,0.1996468754809925
microstructure_07985.npy,2460064260.8359036,0.17167109726474256
microstructure_06738.npy,2437945088.701736,0.18207408838378353
microstructure_00555.npy,1211010288.9441612,0.20426450379689257
microstructure_08005.npy,2808190118.423899,0.18778114723360464
microstructure_06341.npy,1444603440.3570025,0.19561303368707741
microstructure_05948.npy,2503695232.3628244,0.18420110672970416
microstructure_08915.npy,4177791743.95281,0.1720088532158539
microstructure_01381.npy,1321390855.2990992,0.19045599582067968
microstructure_02450.npy,3162066160.7115226,0.18850350878458333
microstructure_05119.npy,4112197248.020475,0.17112378911245155
microstructure_06569.npy,2348810141.0235314,0.1857299522134704
microstructure_00615.npy,2007811106.2462006,0.18558091904440072
microstructure_06130.npy,4023031653.63016,0.17882447904338872
microstructure_08185.npy,4265167427.1075234,0.1837008297651058
microstructure_02060.npy,1832691031.9865446,0.19672399341062866
microstructure_07117.npy,3746897963.625105,0.18740016766889472
microstructure_04081.npy,1590380201.895561,0.19475546505217362
microstructure_05613.npy,4493346773.843791,0.18200739518287157
microstructure_07566.npy,4299316943.563707,0.18942902785619986
microstructure_06862.npy,1740978868.4130895,0.20179898004749194
microstructure_01841.npy,1913780828.9068081,0.19024752355833097
microstructure_03573.npy,3379676617.9743423,0.18839237532131725
microstructure_05621.npy,2465523068.397519,0.19617778324484028
microstructure_01669.npy,4416836899.999476,0.18813308210342095
microstructure_00961.npy,1310200346.8739047,0.19886127977352858
microstructure_04542.npy,2382493396.2075343,0.19200525773858093
microstructure_03605.npy,3290352804.247605,0.18930388464694903
microstructure_06621.npy,2259347606.208669,0.19605080820787593
microstructure_05622.npy,2686254336.693674,0.16285566221591458
microstructure_01616.npy,4212294618.4614325,0.17192450906484136
microstructure_05848.npy,1230163126.606232,0.1972468261200188
microstructure_00725.npy,1421773734.894897,0.19834478839662067
microstructure_08601.npy,1379024381.954857,0.19690159445326835
microstructure_06763.npy,1281474018.076827,0.19343683989015525
microstructure_07068.npy,3276213825.7205334,0.19067411688179317
microstructure_07235.npy,2325119089.6163383,0.18254878416517353
microstructure_06878.npy,1322686034.7326524,0.2023114159018153
microstructure_08199.npy,3894139645.213613,0.1790462540171729
microstructure_08806.npy,1493090456.2036657,0.20153528870900722
microstructure_07559.npy,4047675460.884894,0.18165329774746344
microstructure_03526.npy,1833512105.526146,0.19581994808930034
microstructure_04139.npy,2481462744.4217997,0.2051782053618324
microstructure_08999.npy,1905835345.6072724,0.19450834866560848
microstructure_04925.npy,1809467294.0266378,0.1963986306754161
microstructure_08081.npy,1829602443.9989638,0.19783942458962944
microstructure_09201.npy,3880038487.1204557,0.17566871955394742
microstructure_00021.npy,4215800639.92796,0.1657058723331752
microstructure_05072.npy,1271517799.638625,0.19938513591544405
microstructure_06935.npy,1916506768.2178133,0.18495291723419613
microstructure_04975.npy,3825938015.3757567,0.18376788138503575
microstructure_07764.npy,3440300239.266664,0.17826110965015984
microstructure_08368.npy,2980179358.431256,0.1805027800819902
microstructure_02312.npy,2141886122.967485,0.18834307439388406
microstructure_01825.npy,2238307219.7998266,0.18470184786593696
microstructure_07975.npy,2819227404.542536,0.1893023360003795
microstructure_02934.npy,2399636999.3591037,0.18786418946040173
microstructure_03852.npy,2327208935.086222,0.19343647824433835
microstructure_03392.npy,2041297495.8351278,0.18385212665472678
microstructure_03794.npy,2036083732.9845982,0.18422402914959268
microstructure_03441.npy,4267113514.000937,0.17239211000284002
microstructure_04932.npy,1675401826.8795094,0.18258024584540963
microstructure_07493.npy,1565804700.181071,0.20469298681114176
microstructure_04824.npy,2162037673.092645,0.1857357468622613
microstructure_05952.npy,3723353313.4971232,0.1716888377885966
microstructure_03001.npy,1405505275.5495672,0.1883712001708037
microstructure_07936.npy,2498290135.337884,0.17584368272470216
microstructure_04688.npy,2335450125.337615,0.18794003351926172
microstructure_08752.npy,2288364574.6686115,0.18119808753739958
microstructure_01678.npy,2833404167.375328,0.18436597854622702
microstructure_03368.npy,3839829257.221401,0.1799781950206043
microstructure_08612.npy,3123340109.983913,0.19635643102180145
microstructure_09048.npy,1651662815.0740504,0.18081744070807923
microstructure_06985.npy,1479741588.0066473,0.2030984923109188
microstructure_06666.npy,1309252685.910507,0.1923447008866529
microstructure_07421.npy,3673249093.9423137,0.18696002798080896
microstructure_02880.npy,4276715385.34615,0.18868246035444247
microstructure_04074.npy,4078038152.5974126,0.18223018341028582
microstructure_02324.npy,4219304829.2590065,0.1714353658728409
microstructure_05964.npy,2534227673.7375846,0.16302882573995514
microstructure_02321.npy,1936995655.3500562,0.19428086834357544
microstructure_02892.npy,2695195365.737382,0.18506735542341923
microstructure_08869.npy,3003687740.7975845,0.18558155732898785
microstructure_03465.npy,2773325170.4270835,0.16897580506650506
microstructure_02086.npy,2357642339.96427,0.1769519600145377
microstructure_09951.npy,1316010295.336156,0.19617715462443022
microstructure_02589.npy,2021376042.4097242,0.1938592511697274
microstructure_06518.npy,3052621167.7686205,0.19167262334624563
microstructure_08120.npy,3093214465.9418716,0.17812823624003163
microstructure_02803.npy,1965925389.2342322,0.18876938161494186
microstructure_03980.npy,3921469187.966365,0.17780770793313394
microstructure_02828.npy,1240502162.7213335,0.19881836009062737
microstructure_08591.npy,4117904789.7351274,0.168714649746226
microstructure_09613.npy,2846787783.3414907,0.18330315317340778
microstructure_03925.npy,1901034113.2167554,0.18104261128748175
microstructure_03388.npy,2142693840.089037,0.19076380865998535
microstructure_02611.npy,3626483970.9221587,0.1778792615843939
microstructure_05439.npy,4591776961.66745,0.17859820138734228
microstructure_05068.npy,1896489800.473439,0.20106717844974087
microstructure_06752.npy,3421601275.654852,0.1714496482017615
microstructure_00534.npy,4325442285.951525,0.18222167897752492
microstructure_04438.npy,2456110944.4109573,0.18114726364021513
microstructure_09049.npy,1479741731.6414597,0.19389721372508983
microstructure_09272.npy,1857851418.3481362,0.19342766919666268
microstructure_04543.npy,3477376822.920925,0.1895687737879512
microstructure_03313.npy,3090310627.533374,0.1848047581708746
microstructure_05385.npy,2191617266.4711103,0.19287452506746045
microstructure_07715.npy,1913582066.5361245,0.19350100730620534
microstructure_08859.npy,1322382752.4898078,0.20851269357509453
microstructure_07256.npy,3734189911.979669,0.17828033397634407
microstructure_07552.npy,4210257396.6441627,0.18510288138775055
microstructure_08454.npy,1235296429.8256702,0.2013082472715882
microstructure_02619.npy,3524979423.515533,0.1745408607069584
microstructure_01545.npy,3304071441.075683,0.1930523104040091
microstructure_01116.npy,4463917469.065756,0.16810544461147542
microstructure_01672.npy,3977353812.9749374,0.19001990160192264
microstructure_06971.npy,3429263974.8959556,0.1888277645303927
microstructure_08175.npy,1462696086.5720332,0.1968436648651444
microstructure_01180.npy,1793156870.0115416,0.1990205944871944
microstructure_03053.npy,1387747728.9094348,0.20392219704140901
microstructure_08455.npy,3248607489.983816,0.1830238923269949
microstructure_03076.npy,4001873509.025877,0.18702595345208553
microstructure_09230.npy,1269879631.6089787,0.1999516959949862
microstructure_00526.npy,4451667054.441136,0.18801698835721187
microstructure_07561.npy,3445010246.314947,0.17971871473568785
microstructure_04590.npy,1533389676.6148565,0.19278164885331664
microstructure_09641.npy,1977421376.8888197,0.19540445024124042
microstructure_04934.npy,1207787860.2340357,0.1994531077723844
microstructure_07869.npy,1920740920.9044418,0.17787522501402347
microstructure_09316.npy,4737572740.221806,0.178648044109913
microstructure_02541.npy,3068739935.951673,0.17834782456914
microstructure_06355.npy,2802300843.2234836,0.18823777144944012
microstructure_03017.npy,2052516913.0963173,0.1901006575960252
microstructure_02983.npy,3779397741.838159,0.17546379439794843
microstructure_07707.npy,2155035894.144439,0.190286490424153
microstructure_06498.npy,1627292844.2564597,0.19073942115355608
microstructure_06711.npy,1716325789.984891,0.19684630610718293
microstructure_05528.npy,3952229531.8563485,0.18051369920161342
microstructure_02199.npy,1334455394.1495018,0.20033661093384186
microstructure_06677.npy,1828387152.6763058,0.19216198384476538
microstructure_08801.npy,1659599259.502074,0.20379378962057804
microstructure_03419.npy,2600350708.721772,0.1888455609347148
microstructure_01274.npy,1295681335.614433,0.194623770388059
microstructure_03345.npy,1970888007.629245,0.19627626878329216
microstructure_07124.npy,1566566810.7803414,0.19198348546103763
microstructure_02695.npy,1513701063.715645,0.19537986950544
microstructure_06238.npy,4728432356.944339,0.17407670525284213
microstructure_07660.npy,3991187447.659175,0.1935708861128863
microstructure_01186.npy,1876191257.8743787,0.1864030434174013
microstructure_01427.npy,3140371956.692143,0.1623838074179686
microstructure_06866.npy,1754301488.1914344,0.18390076239405928
microstructure_06802.npy,4271634510.040017,0.17103749264608875
microstructure_02449.npy,1940500176.0238225,0.1935072283999172
microstructure_05010.npy,1908124976.1148784,0.17723312220227405
microstructure_09632.npy,3336458617.4342504,0.17922178033728228
microstructure_04615.npy,2143835504.8885508,0.18778613810558645
microstructure_05928.npy,1218137706.3129122,0.20424614481558134
microstructure_02692.npy,3549922882.6014667,0.18977804330531417
microstructure_05772.npy,1324618674.793016,0.2006454899138254
microstructure_05088.npy,3236360274.1931305,0.1769478346001332
microstructure_05164.npy,1941059275.2845411,0.1821153591540164
microstructure_04461.npy,3209198319.479082,0.1718122503801249
microstructure_01972.npy,2408631451.8702745,0.17604328685989115
microstructure_02333.npy,2178073027.7288995,0.19126518831738157
microstructure_00682.npy,1469049317.7623622,0.1802889202775479
microstructure_01894.npy,1179441806.8934095,0.20147521156254336
microstructure_02638.npy,3335231561.654793,0.19229666012226548
microstructure_07738.npy,1706983368.4565887,0.19698866478712426
microstructure_01067.npy,1324228499.119476,0.20263437559529546
microstructure_00503.npy,2402157335.1949444,0.19851786145135805
microstructure_03958.npy,3949126021.45293,0.18235961804160725
microstructure_01406.npy,3244192354.6481557,0.18297834149962988
microstructure_04564.npy,2567722521.005774,0.1841591110632312
microstructure_05031.npy,2017814115.1468108,0.19683246891955447
microstructure_03374.npy,3653435719.8207455,0.18292219545929442
microstructure_06844.npy,3730109303.073525,0.18417821176531268
microstructure_02250.npy,3905492255.086031,0.1770846886508409
microstructure_05567.npy,5251951747.274621,0.1684643063104538
microstructure_03533.npy,3458232969.029847,0.1760528577724419
microstructure_02075.npy,1897358953.477302,0.18478639510155007
microstructure_08108.npy,1393464470.6443622,0.1870490305285606
microstructure_03904.npy,1388530176.802643,0.1940984726699745
microstructure_06161.npy,3596034147.0734034,0.17633817555515152
microstructure_02874.npy,3342917302.070031,0.16954047344009646
microstructure_06616.npy,3487903539.3681498,0.17679413552909842
microstructure_03059.npy,1325069505.041579,0.20378726278161105
microstructure_03874.npy,1440826746.3716793,0.18695215577317406
microstructure_01327.npy,1281474018.0768278,0.19343683989015506
microstructure_09115.npy,2923983850.5122743,0.1950445609976427
microstructure_05485.npy,3082996454.50225,0.18333505002260544
microstructure_00866.npy,4031184667.4791055,0.17853143818206832
microstructure_03170.npy,1297650951.9994001,0.2001531569449321
microstructure_03997.npy,3436178935.2985992,0.17293039479965716
microstructure_09428.npy,3910619540.260438,0.18349086785995777
microstructure_09072.npy,3715905593.488661,0.17072154276028484
microstructure_07605.npy,2192525802.4194274,0.17977957519829987
microstructure_04379.npy,3027935787.077841,0.17703906754764243
microstructure_09690.npy,4026574578.9590793,0.17587360019455342
microstructure_01849.npy,3716497478.419281,0.17660894398320603
microstructure_01622.npy,3917886034.5525665,0.1700512284459396
microstructure_08900.npy,1716869576.2685347,0.1798566428863543
microstructure_05959.npy,1591490772.7417297,0.20287894334663256
microstructure_01299.npy,1714992825.3279536,0.19268357960949467
microstructure_09239.npy,1313657435.3780746,0.19544491388398444
microstructure_01154.npy,1401248802.5946732,0.19568639134322774
microstructure_04704.npy,2331407056.420762,0.1981228471668633
microstructure_02276.npy,1309252685.910507,0.19234470088665312
microstructure_02271.npy,2476883091.0084944,0.19585814147034028
microstructure_07708.npy,2024513504.3385048,0.1990489650665181
microstructure_02579.npy,3877643067.861104,0.188525608039901
microstructure_06188.npy,2336787091.346661,0.18232793683648305
microstructure_07452.npy,2414032657.0806046,0.19100515513418742
microstructure_01443.npy,2260250017.636714,0.1990452167399551
microstructure_03075.npy,3260420194.80977,0.18350262507598952
microstructure_00359.npy,2301027825.6567082,0.19377075738993213
microstructure_04691.npy,2213292505.4335065,0.1943066620334956
microstructure_07695.npy,3962964495.999023,0.17646205922157707
microstructure_04038.npy,3723899774.288228,0.17123352540626807
microstructure_09056.npy,4172631359.988432,0.17625229240623805
microstructure_00958.npy,4408898197.647307,0.1799342985633962
microstructure_01204.npy,4053493353.471013,0.1815732152228184
microstructure_05243.npy,2985204689.035012,0.20494057260773768
microstructure_09699.npy,2433870860.1907563,0.18837495898519896
microstructure_01792.npy,3460519160.7006664,0.17600571339512522
microstructure_01633.npy,1251768521.2398171,0.20500496812966928
microstructure_01952.npy,3568559322.856055,0.19156828429122272
microstructure_05228.npy,2455788080.983356,0.18615478311909495
microstructure_00200.npy,2133714655.6883917,0.19140833626953285
microstructure_01376.npy,4184565614.972654,0.1807993090097426
microstructure_02459.npy,3932342302.2658153,0.17931081087540562
microstructure_08095.npy,2116423575.9164963,0.18924765857112685
microstructure_04236.npy,1811988240.880821,0.18576987986373714
microstructure_05449.npy,4120431470.5043445,0.17871458955766673
microstructure_07669.npy,3549229724.1131163,0.17772609235988476
microstructure_02055.npy,1574971556.780658,0.19478891786216435
microstructure_03124.npy,1939940018.4413648,0.18162284963002306
microstructure_00499.npy,2416759006.968459,0.19548376148214092
microstructure_07101.npy,3976036891.20724,0.184207274656325
microstructure_08844.npy,4140691970.076083,0.18506870589626034
microstructure_00702.npy,2001718349.8408153,0.18541050347878668
microstructure_09410.npy,1353025612.9395118,0.19598627700043234
microstructure_07742.npy,4203798912.721088,0.19148470159596168
microstructure_07137.npy,1394815785.4876168,0.18401907618286667
microstructure_09023.npy,4023755809.4601817,0.18117091631186247
microstructure_06123.npy,3356483756.174473,0.17016284278474184
microstructure_04838.npy,2097591477.5208755,0.18264450690328302
microstructure_09612.npy,1759635841.6778605,0.1843407359426404
microstructure_09279.npy,1856645743.3616335,0.1927461241337559
microstructure_05198.npy,2096176821.4486783,0.1822504536886337
microstructure_09732.npy,4191380939.4611464,0.17781801354708116
microstructure_06193.npy,4670675469.540997,0.1711615411660093
microstructure_01766.npy,2245410578.3002343,0.18085687454871116
microstructure_03023.npy,4162680236.3596244,0.18190400780590127
microstructure_02356.npy,4029503417.8242407,0.18257884725591464
microstructure_09746.npy,1552107769.5958858,0.2001504125352276
microstructure_04330.npy,4452582558.959089,0.18709653918098684
microstructure_02114.npy,2918308107.6641326,0.1742773837388396
microstructure_05672.npy,2510865019.9535227,0.17182681597200364
microstructure_01692.npy,2232739694.4875197,0.1688076835843563
microstructure_00873.npy,3345841896.403212,0.181440837768979
microstructure_03814.npy,1424696403.042857,0.19570005956780973
microstructure_01641.npy,4790624755.655039,0.1873041824821914
microstructure_01682.npy,1378293146.8500137,0.20077208844255312
microstructure_01467.npy,3431929332.841874,0.1799781646489152
microstructure_03109.npy,1226847630.8864152,0.2025139773489351
microstructure_08927.npy,1415328349.680056,0.2104511990669079
microstructure_00899.npy,1300490624.0564215,0.19264852535048224
microstructure_02167.npy,1425222770.3408408,0.2012467068206375
microstructure_01259.npy,3912271172.9145117,0.17770916114514831
microstructure_02061.npy,1570146947.2270885,0.20550101712315838
microstructure_04017.npy,2850106289.8841157,0.19371075004188623
microstructure_00390.npy,2176664164.6466355,0.1912183176778985
microstructure_00221.npy,1350519975.3688192,0.1971534414365695
microstructure_05985.npy,1446909186.9642563,0.199863876023857
microstructure_06783.npy,1248669766.132496,0.19064755296572206
microstructure_06761.npy,2955606380.793923,0.1900702700757518
microstructure_01599.npy,2646432246.920251,0.1939223633129544
microstructure_07889.npy,1413694981.2856402,0.1972538049683165
microstructure_07663.npy,4117695809.0203934,0.18355157594585594
microstructure_00269.npy,4533439919.809583,0.18334209017875677
microstructure_07390.npy,2004683525.4005117,0.15688870827052095
microstructure_07560.npy,2475959492.9326344,0.17991251318983728
microstructure_07056.npy,1978579891.9333518,0.19875947681133882
microstructure_09358.npy,1442316274.6452851,0.18682109063470997
microstructure_02596.npy,2410487621.8019423,0.1788865555683737
microstructure_00937.npy,4242622593.114468,0.18005075774127488
microstructure_07288.npy,1436871430.6733067,0.19437219753709578
microstructure_00888.npy,2266749664.7001653,0.1933687408178077
microstructure_05817.npy,2484552359.8325005,0.17103003501495825
microstructure_06526.npy,3315609959.34549,0.1819532480091131
microstructure_01228.npy,1231491921.5448709,0.19531197867497044
microstructure_04408.npy,1803617724.0666347,0.19854834652176018
microstructure_05241.npy,1420562751.465913,0.19399213745079952
microstructure_03031.npy,1993107095.9784663,0.18574231019149162
microstructure_09791.npy,2575325559.290733,0.19666307116204373
microstructure_07014.npy,1396668079.482527,0.18665154457070418
microstructure_04758.npy,1335627780.6423643,0.19917509062905758
microstructure_07294.npy,1514315823.8853726,0.20031778225516164
microstructure_08617.npy,1528346003.0349185,0.19461029965776916
microstructure_00541.npy,2300034768.4845877,0.19367921665285523
microstructure_07746.npy,2807854133.7512736,0.19182137692551887
microstructure_08571.npy,3769448521.5054555,0.17963379754481054
microstructure_09980.npy,4192386113.580143,0.17265274869860048
microstructure_07300.npy,2138381649.0818846,0.17995047004069012
microstructure_08094.npy,1886711763.8676062,0.18102278112010298
microstructure_05962.npy,4881748645.018905,0.184132017258709
microstructure_01213.npy,1537657960.1315207,0.1751924170876671
microstructure_09914.npy,4397813424.63846,0.1806330641276261
microstructure_09098.npy,1332993571.522627,0.193461738315105
microstructure_04159.npy,3774145846.7000227,0.18234966660151034
microstructure_04216.npy,3487022462.256597,0.1812438462172669
microstructure_06357.npy,4140918508.955854,0.18805929157996742
microstructure_03391.npy,2525472433.9651527,0.1864767012498744
microstructure_07378.npy,3844054694.646195,0.1784706290555699
microstructure_03691.npy,3221248369.027934,0.17892683743941307
microstructure_02893.npy,3394810352.015102,0.1701275207943151
microstructure_03995.npy,2682166933.584331,0.19167804832986876
microstructure_09389.npy,3389071776.2675505,0.166214440614987
microstructure_05027.npy,1387484528.8952374,0.1820852884633092
microstructure_04776.npy,1797083391.9141548,0.19630965960515648
microstructure_09292.npy,1487300617.9131835,0.1990594476207972
microstructure_07917.npy,1796866122.923509,0.19386227758832378
microstructure_00798.npy,1279697642.7874355,0.20499631884998876
microstructure_05986.npy,3665292683.4834456,0.1811831749694934
microstructure_06279.npy,1849604512.4139686,0.16497980534168435
microstructure_09818.npy,1794555606.5527885,0.19241568672013082
microstructure_03653.npy,3857192570.6770773,0.17482881320440602
microstructure_01780.npy,1280445011.2396338,0.19844404306391494
microstructure_00822.npy,1758677367.5428534,0.19265534433929613
microstructure_08767.npy,3317035089.925962,0.1778090833625614
microstructure_04494.npy,4217456693.357728,0.1833902037363234
microstructure_01976.npy,2276992423.5223045,0.19314307177014112
microstructure_03551.npy,3812091946.1992025,0.18394262894849958
microstructure_00639.npy,2276968218.936411,0.1782182654639886
microstructure_03632.npy,3847291093.7297106,0.1837227590639726
microstructure_04807.npy,3656182676.0818205,0.17540897378757941
microstructure_03289.npy,3822902866.9831576,0.17128876071351742
microstructure_06333.npy,1609108307.717178,0.18845266625690774
microstructure_07078.npy,3748718168.0491824,0.17086431274680208
microstructure_04604.npy,1868867011.645808,0.1914240573023244
microstructure_08515.npy,1665544832.2716484,0.19163238385408773
microstructure_01953.npy,1370225158.2643821,0.19900158969864182
microstructure_03212.npy,2874103603.11013,0.19378745665686817
microstructure_02083.npy,1765234091.9565568,0.19912198693418218
microstructure_00667.npy,1222681084.1316504,0.19521122144270053
microstructure_09379.npy,1945166048.3390553,0.19473144425688604
microstructure_08354.npy,2555521064.3833723,0.18780852433420336
microstructure_00226.npy,2301773274.5504317,0.18775508736071442
microstructure_01475.npy,1578634869.0341718,0.2036940682286318
microstructure_01464.npy,2731492968.048633,0.1817437818241549
microstructure_03355.npy,1990999296.7004766,0.20075955812755034
microstructure_04966.npy,4095692658.288551,0.1784621376525482
microstructure_05044.npy,4453831748.899912,0.18236180143695602
microstructure_02808.npy,1575010730.4631526,0.19523638254304954
microstructure_03711.npy,2659534485.450717,0.18166102190549097
microstructure_03062.npy,3460136910.8392897,0.18451010782319813
microstructure_00030.npy,1754060182.4520104,0.19613048729798133
microstructure_01879.npy,1193454183.1680534,0.1995386573420434
microstructure_08137.npy,2298572513.8403664,0.1793459307885387
microstructure_05251.npy,1834024909.7544518,0.1877034285734009
microstructure_03609.npy,1952580012.6739519,0.19274325746047713
microstructure_07506.npy,4234045365.591015,0.1752646907331168
microstructure_00595.npy,4677710551.565389,0.1778821424234403
microstructure_09326.npy,4129864360.240219,0.16922177293599625
microstructure_01684.npy,3599652511.469795,0.1812441422093714
microstructure_00411.npy,1572397953.4023793,0.18737956186172192
microstructure_07013.npy,4180282988.122435,0.17979658137054108
microstructure_00537.npy,3101199313.124297,0.1877439597071636
microstructure_07026.npy,3363718873.0179553,0.18962051653053913
microstructure_05120.npy,1276760423.2624357,0.20162419664415088
microstructure_09020.npy,3965766855.6021643,0.17782957765262805
microstructure_03278.npy,1794604263.4056826,0.19579372958203767
microstructure_03950.npy,3254713293.87454,0.1762302186703684
microstructure_02888.npy,1567923559.3107142,0.20975973660618058
microstructure_06573.npy,1375132262.5703914,0.1968339147092737
microstructure_01523.npy,2222368168.8694477,0.18108604270116418
microstructure_04670.npy,4149990363.5429926,0.1858031781911011
microstructure_08411.npy,1342116184.1064634,0.19882585646153045
microstructure_05097.npy,3960585908.8790984,0.1760935519442577
microstructure_03224.npy,1585584420.2253332,0.1821321984571371
microstructure_06933.npy,2892424447.035679,0.1771487465447179
microstructure_00914.npy,2492132703.869727,0.1887438076724024
microstructure_09412.npy,4108657509.5448318,0.1792184735244492
microstructure_02586.npy,2267355894.903278,0.17729422629943603
microstructure_02861.npy,4630186696.651815,0.1732947404671633
microstructure_07526.npy,1444633498.3531263,0.20506798130413054
microstructure_06829.npy,3371224971.0926394,0.18844913575424374
microstructure_01009.npy,3617966279.268485,0.1886093013603989
microstructure_02254.npy,4238372059.418087,0.19059895387132195
microstructure_03903.npy,3219316903.5860224,0.1622308850914174
microstructure_04823.npy,4226601202.8303843,0.18287756744663716
microstructure_01801.npy,3951903169.244331,0.1777569147312778
microstructure_01552.npy,1350326363.9571235,0.1968064453534736
microstructure_03979.npy,2147245209.0877829,0.18217746678491917
microstructure_05312.npy,4109857256.1840606,0.17608530675693293
microstructure_09921.npy,1438039907.2036436,0.18450970407909686
microstructure_05732.npy,3561744467.124289,0.17285995171693722
microstructure_01814.npy,4317792390.71591,0.17774603124495142
microstructure_01291.npy,2638918758.2226763,0.19365693682392127
microstructure_02418.npy,3282452031.0969543,0.17247786500983847
microstructure_00691.npy,1604992267.3559709,0.20626402527045068
microstructure_00995.npy,3449895237.3656397,0.18769449114323034
microstructure_05409.npy,1237235863.6984181,0.19138802683308062
microstructure_09035.npy,2045246130.3343606,0.19341828872072608
microstructure_09512.npy,3027120781.9251666,0.17952603595071379
microstructure_02852.npy,4063956079.6603355,0.18203514701222503
microstructure_05836.npy,3140894298.009396,0.19075498528214593
microstructure_00771.npy,3462829306.7364416,0.17736284632776542
microstructure_05077.npy,2750546006.382271,0.18219965408449798
microstructure_05971.npy,1293503271.4184089,0.19871777727220113
microstructure_05949.npy,3051849641.6878123,0.17723184464408273
microstructure_07400.npy,1331866267.5438254,0.20445874240307865
microstructure_00198.npy,2444797905.593302,0.19435735789425218
microstructure_09169.npy,1977391969.4397087,0.1964267975231837
microstructure_08581.npy,1189397666.8635445,0.20265163904167316
microstructure_00935.npy,1508698079.9971426,0.19367641384204867
microstructure_09225.npy,2776967226.9382772,0.18038591834652773
microstructure_09570.npy,1324022269.9550645,0.188134896603236
microstructure_07747.npy,3534917003.4908023,0.17890055500458305
microstructure_09351.npy,1477910542.1070726,0.1937732713029466
microstructure_08833.npy,1251378908.2156985,0.19679943615392673
microstructure_06917.npy,3778966313.2199235,0.18381803252316437
microstructure_03049.npy,4371308237.6266,0.1837080095774055
microstructure_04014.npy,1890571501.1102421,0.19710134352559314
microstructure_02723.npy,4440553608.512472,0.18333902062366092
microstructure_08881.npy,3511780046.5118356,0.18151243463633743
microstructure_07758.npy,2047842820.0916991,0.1743221798499785
microstructure_08719.npy,2671541575.073776,0.18819876714495634
microstructure_02382.npy,3458067967.7755303,0.19165434462951694
microstructure_04328.npy,4017891206.5936236,0.1784399340180622
microstructure_00948.npy,1528193906.7938635,0.20138015961235342
microstructure_09984.npy,1742126294.8428707,0.2118829934911671
microstructure_06852.npy,1999985768.0922287,0.19401218169627238
microstructure_02552.npy,2751162668.87262,0.1882817517260275
microstructure_07838.npy,1321499909.607307,0.19798424830128614
microstructure_04133.npy,4113969824.059331,0.1788570339581408
microstructure_03145.npy,1692157794.0907595,0.18732091999231715
microstructure_07285.npy,2541577536.9282827,0.18280204765368815
microstructure_04417.npy,2635890874.132262,0.1881142782933144
microstructure_04796.npy,2180605930.7084503,0.18909509884823034
microstructure_06785.npy,2056263290.7059991,0.1979969343822196
microstructure_00048.npy,1517054672.1576807,0.19432420636780268
microstructure_09939.npy,4285607802.7330484,0.18606039978665057
microstructure_08872.npy,1623939003.1030912,0.18336433709420047
microstructure_00422.npy,1214882908.592851,0.19651540446763574
microstructure_09099.npy,1174171115.2348883,0.20201579565408875
microstructure_05200.npy,4058559124.0835166,0.18202826372380088
microstructure_04707.npy,4625291273.726408,0.1724753210370351
microstructure_02775.npy,3767701634.9490204,0.176859401216177
microstructure_06227.npy,1750274196.344533,0.17608044889652297
microstructure_00959.npy,4362419240.385512,0.18365501523169706
microstructure_01346.npy,3257053408.92101,0.18228865335834635
microstructure_03880.npy,1230766145.6486816,0.20012435491125907
microstructure_09363.npy,4600768425.1216,0.17683358421846246
microstructure_04843.npy,4568558309.73792,0.1693438297865668
microstructure_09321.npy,1665784560.9803078,0.20304639440866354
microstructure_04632.npy,4609182716.31518,0.16719711816523447
microstructure_03755.npy,4302619506.286629,0.17570998924854073
microstructure_08384.npy,3704134094.2095685,0.17727504524825288
microstructure_05571.npy,2334864025.107676,0.19457888243044436
microstructure_02095.npy,2369799500.4206,0.19338066749505922
microstructure_07914.npy,1701094581.2005312,0.1954908269269428
microstructure_01251.npy,3279617082.1677127,0.18103263872328448
microstructure_00227.npy,4419928693.155819,0.18423951633684618
microstructure_07161.npy,1515734247.856473,0.18986740060773075
microstructure_02243.npy,3268475943.02202,0.18804914279596835
microstructure_02872.npy,2511206503.099566,0.18024077483849169
microstructure_09188.npy,1383001726.7539315,0.19635449968740945
microstructure_04657.npy,2005356996.4337392,0.1998888157135241
microstructure_09139.npy,1937137180.7636235,0.1969986400264068
microstructure_00191.npy,1255394033.5490258,0.20292077845853854
microstructure_02138.npy,1556971694.2942035,0.19906232016416575
microstructure_02089.npy,2141437821.0653267,0.19159900609035824
microstructure_01531.npy,2220391937.070909,0.18492494076281918
microstructure_05476.npy,2467607509.936543,0.19690834491774015
microstructure_08115.npy,3523128640.0663953,0.18862405948634617
microstructure_01027.npy,4242980296.6355085,0.1734984618383902
microstructure_05994.npy,1273998285.3613734,0.19750365440692313
microstructure_00546.npy,1394542059.7639904,0.1970874811982827
microstructure_01570.npy,2350852039.8123703,0.1857634458893085
microstructure_00728.npy,3800674867.6721087,0.18452904162165712
microstructure_05133.npy,4422094227.423998,0.18325695515021495
microstructure_01854.npy,1312899988.8480709,0.1984014001757263
microstructure_07104.npy,1281474018.0768275,0.1934368398901551
microstructure_00210.npy,3792403421.2410626,0.17866056694390803
microstructure_07508.npy,2647609281.7150474,0.18115710408756638
microstructure_01215.npy,4201293222.620724,0.17767520146999138
microstructure_03322.npy,4707675995.406417,0.18687262094319096
microstructure_02871.npy,3914326953.221322,0.17159080048276193
microstructure_07369.npy,1985387152.0243204,0.20793921477500688
microstructure_09202.npy,1696696390.4757123,0.19824525300598012
microstructure_06089.npy,1619063220.2774954,0.17970492258259962
microstructure_07811.npy,1199098300.68024,0.2021434245076246
microstructure_08866.npy,2629475164.7887936,0.1866395846840848
microstructure_00316.npy,5337720972.776791,0.18196031505574697
microstructure_03096.npy,3449824426.40474,0.16662002463673575
microstructure_06512.npy,3851402072.492907,0.18340411440492121
microstructure_08511.npy,1305991763.9654465,0.19629794820426127
microstructure_01188.npy,3964106766.464603,0.1587192683418535
microstructure_05918.npy,2676965875.989279,0.17600645337729123
microstructure_05501.npy,1380979675.6637118,0.19053058975327603
microstructure_09909.npy,4478882322.418537,0.1859513206134265
microstructure_03399.npy,3488776217.5263023,0.17792154772782814
microstructure_08987.npy,3188791802.8079367,0.17874125210367364
microstructure_05944.npy,2038078084.413898,0.17985325359859916
microstructure_02014.npy,1401313406.6670792,0.19994443926236258
microstructure_03405.npy,4167348712.7336984,0.18419917696866334
microstructure_09517.npy,2977197117.916955,0.17761180080002298
microstructure_04882.npy,4104382997.743093,0.17522320908273264
microstructure_04221.npy,2218996464.3289604,0.18514539327525517
microstructure_03840.npy,4580308659.511999,0.18200537355909685
microstructure_02940.npy,4099265209.651429,0.18670570453431523
microstructure_00544.npy,3811281903.029201,0.18055670849701191
microstructure_01583.npy,1468716913.5497582,0.19105660736739985
microstructure_06927.npy,1262485109.764475,0.1947222912084806
microstructure_07842.npy,2432339818.6403236,0.18872928018115856
microstructure_00222.npy,1977208166.4838743,0.18797344879624983
microstructure_01680.npy,2037772900.570316,0.19459311386153022
microstructure_01021.npy,3119178208.8703713,0.1728630951848761
microstructure_08538.npy,4678515072.314857,0.20113959585993135
microstructure_08042.npy,1305542774.6712863,0.18833257180006455
microstructure_00233.npy,2133001897.7374692,0.19597672451521128
microstructure_01097.npy,4844392346.964695,0.17062894002983328
microstructure_04606.npy,2136181225.2011626,0.185278672740614
microstructure_05424.npy,2274753468.651332,0.1928095709512642
microstructure_06213.npy,2808520556.3129377,0.1863821975794424
microstructure_06995.npy,4316940663.074696,0.17865708944174077
microstructure_08547.npy,3613092344.030558,0.17878001424433546
microstructure_04220.npy,4389469000.689952,0.17292990519547244
microstructure_03027.npy,2699040633.7145762,0.1900225465731101
microstructure_09538.npy,4703980604.302688,0.18432880777315158
microstructure_05462.npy,3517788082.6071157,0.1784743796379651
microstructure_02584.npy,2212761712.670576,0.18432143527018457
microstructure_01143.npy,2601991793.228909,0.17387544759936507
microstructure_09714.npy,1401127906.2072775,0.19340986295976462
microstructure_09248.npy,1249560598.6575255,0.19889186410392692
microstructure_03953.npy,3152652491.2073407,0.1863265598378547
microstructure_05106.npy,3859062527.6114893,0.17934275511331965
microstructure_00957.npy,3851533305.668527,0.1852218335274562
microstructure_05240.npy,3715215615.616102,0.18980147707027256
microstructure_05342.npy,4687178054.395304,0.17460878565489868
microstructure_07580.npy,1903411250.82987,0.19012693370258454
microstructure_09998.npy,1447837340.3852851,0.19909510654907686
microstructure_07375.npy,1685464064.9378266,0.19189037064080985
microstructure_07023.npy,1573099770.6989243,0.20207987971547636
microstructure_09001.npy,1665968026.690247,0.1896777885699495
microstructure_01970.npy,1572043271.1692228,0.1915164563009209
microstructure_00063.npy,4008912412.764521,0.17220160196457038
microstructure_00425.npy,2183542348.6512885,0.20423910405978257
microstructure_08694.npy,1559235524.1312406,0.20186392339847803
microstructure_09122.npy,3345670380.533382,0.1739080650396607
microstructure_06223.npy,3635225428.5441055,0.1754283169439935
microstructure_00192.npy,4167775201.4756107,0.19018564185687006
microstructure_04387.npy,1211628420.5742114,0.19663284761475575
microstructure_00401.npy,1750991885.52268,0.18052352944191719
microstructure_01938.npy,2032348901.5257194,0.19279205078836795
microstructure_04320.npy,1410556309.7026021,0.2026342300800209
microstructure_00463.npy,1700048851.3137662,0.2018560283410369
microstructure_09625.npy,3816399136.6165953,0.1772277727738899
microstructure_03265.npy,4477046709.613074,0.18227277305727915
microstructure_00375.npy,2129784519.0752714,0.18085086753617327
microstructure_04514.npy,2563659048.5054646,0.19015784199173197
microstructure_09797.npy,1426321768.4133942,0.2012093251536955
microstructure_07281.npy,4010643275.704361,0.17322309296011557
microstructure_06013.npy,3614916352.824135,0.17857791740147683
microstructure_03294.npy,2880040336.6359453,0.18461741445310068
microstructure_08190.npy,1309432158.188698,0.20169514037265834
microstructure_02998.npy,2373367792.561268,0.1885129151553925
microstructure_09742.npy,3417309779.2645273,0.17516214631488983
microstructure_09253.npy,1231491921.5448701,0.19531197867497052
microstructure_07880.npy,1669329780.604378,0.1947181191733254
microstructure_06534.npy,1222020753.2290187,0.20027874531467346
microstructure_04507.npy,1608123851.435597,0.20031149506263746
microstructure_01528.npy,4286205220.1369853,0.18283074805168137
microstructure_00344.npy,1285876352.3553998,0.20282603556452974
microstructure_04781.npy,2514663452.1981907,0.17893151559591675
microstructure_04515.npy,3623326478.6197815,0.18347750982544084
microstructure_06056.npy,3433018193.193492,0.18193680576576315
microstructure_01941.npy,4553883588.087975,0.17117530709067175
microstructure_08834.npy,3834763594.5447483,0.17942293216950053
microstructure_09871.npy,1247881355.0100214,0.19797613513712667
microstructure_06709.npy,2786618016.0540276,0.1753615667868481
microstructure_00808.npy,3566074692.120609,0.17972755182686526
microstructure_04584.npy,1872110563.766583,0.1875965646935995
microstructure_04335.npy,2273850271.134394,0.19284646725708082
microstructure_00418.npy,1978445997.2600381,0.18728126744530119
microstructure_01886.npy,1240195820.4411783,0.19808258691840477
microstructure_09550.npy,1427437809.3960667,0.19914765168408619
microstructure_06889.npy,3656013986.1115794,0.19212106003161555
microstructure_00019.npy,1559254061.73616,0.19517645230111072
microstructure_07934.npy,2406374141.828419,0.18326156526324544
microstructure_07645.npy,2227332450.781216,0.18797237602544825
microstructure_08386.npy,2166247043.2066126,0.19831095720851205
microstructure_03188.npy,2815180077.8443017,0.17187094176114295
microstructure_06514.npy,4726102947.6939335,0.1577841087636004
microstructure_08551.npy,4160754600.3923626,0.17785478189129356
microstructure_07479.npy,1786071213.5937414,0.19858010110442254
microstructure_04449.npy,3529352365.5201964,0.17607549076324402
microstructure_04169.npy,1259210518.4466162,0.20040296217905637
microstructure_02445.npy,1818665730.5093877,0.19833215130321655
microstructure_04913.npy,3492077703.226567,0.1725380338467331
microstructure_02827.npy,1434967268.0599055,0.20978475514912928
microstructure_03878.npy,1640995610.6719856,0.19724891154647115
microstructure_09481.npy,3879554095.346289,0.19156311712243243
microstructure_02513.npy,2666913913.074333,0.1788649421764704
microstructure_00165.npy,2167511220.8178806,0.1863849308842752
microstructure_00281.npy,2343105085.62533,0.192290522180327
microstructure_03515.npy,2588998985.492006,0.18082437277621358
microstructure_07353.npy,2164664062.00322,0.1939952533136629
microstructure_08473.npy,2314159689.0654917,0.19253286051030072
microstructure_03054.npy,3779968202.4056315,0.18851965469002355
microstructure_04230.npy,1423306171.42681,0.20043658427736918
microstructure_02057.npy,1313415551.9306245,0.20003860870181994
microstructure_09281.npy,3906841611.6671767,0.17314637251642825
microstructure_00431.npy,2232889564.254132,0.18810229442864076
microstructure_02317.npy,3733252613.423972,0.17017068057659654
microstructure_05505.npy,2049141206.6312423,0.1885741570237947
microstructure_05166.npy,2693965447.4052615,0.19573910854090462
microstructure_06071.npy,4086522937.101816,0.1784598733349459
microstructure_08985.npy,1343648962.659482,0.1978771160837597
microstructure_08735.npy,2851809311.504919,0.19162736309554348
microstructure_08084.npy,1783114180.7932544,0.19874482019175105
microstructure_00427.npy,3403387819.785376,0.1782417290682445
microstructure_07424.npy,4187971457.4015517,0.18134775617040624
microstructure_07805.npy,3938155675.4961624,0.16965279503248412
microstructure_09499.npy,3851795537.8254075,0.18156494845095614
microstructure_04958.npy,1204274057.0085783,0.2004031015752011
microstructure_06451.npy,1425161653.4733849,0.19650310572834712
microstructure_07022.npy,3787485699.3416514,0.18288743124305257
microstructure_09889.npy,1824093007.768561,0.18801135984464393
microstructure_02457.npy,1814782607.2986102,0.18965287809197898
microstructure_00923.npy,3024644755.7963657,0.18026681297578961
microstructure_04608.npy,3282552709.9771376,0.17380234742886216
microstructure_03197.npy,1785701249.8721128,0.20128288205919678
microstructure_01948.npy,1330575053.4768782,0.2023164600696083
microstructure_02424.npy,4455966074.434088,0.18477253763384285
microstructure_01726.npy,2200316817.445049,0.1788554833834258
microstructure_01385.npy,1752706341.296619,0.18896824673843834
microstructure_03217.npy,2029757552.4745357,0.18507669541372826
microstructure_01934.npy,1374765267.1194584,0.19132644377950156
microstructure_02811.npy,4296329060.716459,0.1880058484441564
microstructure_06994.npy,1899810529.88991,0.19914510474705238
microstructure_08467.npy,1186331577.1744466,0.1983675393433177
microstructure_06359.npy,1430114539.8922112,0.19982552667891562
microstructure_04090.npy,3799186749.1992574,0.18472412931017934
microstructure_05747.npy,4755164713.760668,0.17544562693316132
microstructure_05610.npy,4734076885.940592,0.17934708875338684
microstructure_03307.npy,3918472540.763502,0.18003979338556075
microstructure_00103.npy,1515682749.770329,0.19969613024224434
microstructure_02497.npy,2351732864.349975,0.18608763084516447
microstructure_05734.npy,5144931315.370921,0.1775058384682267
microstructure_07916.npy,3872987371.4432864,0.17481871733799528
microstructure_03890.npy,2797733232.1817527,0.18537496529527822
microstructure_05478.npy,2197342395.7607718,0.18974040607808518
microstructure_03622.npy,4274330873.2201157,0.17319991107976268
microstructure_09308.npy,4447744200.552188,0.18484906422515865
microstructure_02222.npy,3800957711.216854,0.18123801117571905
microstructure_09747.npy,2430651140.2674513,0.18957287478895335
microstructure_06637.npy,2536813652.457129,0.20023806251804094
microstructure_07785.npy,2591552520.8118563,0.18700178277476492
microstructure_08162.npy,2008886078.195252,0.19096869978295014
microstructure_06239.npy,1421250513.4575381,0.2035917298633625
microstructure_07408.npy,3794005721.8856087,0.1759681074875123
microstructure_08757.npy,2527810310.339199,0.17957960656396393
microstructure_08977.npy,3463436273.0713987,0.18702071737130224
microstructure_00930.npy,3484612326.6658363,0.1818475541164843
microstructure_05037.npy,2323292073.556996,0.18972974518030805
microstructure_04799.npy,2853810110.2223024,0.18699693834555342
microstructure_00581.npy,2229324017.6045156,0.19077566172500426
microstructure_00228.npy,1613402836.8924012,0.19093384995902685
microstructure_05349.npy,1817330719.8492653,0.18743584862883145
microstructure_03482.npy,2532057892.451899,0.1832687272036913
microstructure_09365.npy,3747078321.0298076,0.17792309482649152
microstructure_05813.npy,2633536714.033635,0.17762993880917244
microstructure_05850.npy,2115475401.5922546,0.19165915712678278
microstructure_07585.npy,1657674702.3005295,0.2006611643987692
microstructure_04197.npy,4405994365.92311,0.17533921423505278
microstructure_01190.npy,2077030186.7574615,0.15796162878627068
microstructure_00097.npy,4491534538.557752,0.19061109147393132
microstructure_09039.npy,4503132224.061411,0.16109163873859056
microstructure_04756.npy,2062819225.1104653,0.20040054887901182
microstructure_07174.npy,1605061318.4689448,0.19046521504393496
microstructure_06606.npy,4491589717.857258,0.18024350783159687
microstructure_04842.npy,3552216708.177855,0.17180143526295202
microstructure_08086.npy,2207508950.873685,0.18861316241097317
microstructure_07690.npy,2734294914.748324,0.17902540676506856
microstructure_00017.npy,2176126185.7980175,0.1909965205403152
microstructure_01377.npy,1265321785.5963492,0.2023054188035561
microstructure_06541.npy,3924669741.740893,0.17864071700254333
microstructure_09497.npy,1231491921.5448706,0.19531197867497044
microstructure_06178.npy,4149899525.501414,0.17953908774731928
microstructure_04533.npy,1323415734.4679143,0.19276328227516426
microstructure_00238.npy,2153158757.4082537,0.18210325309630537
microstructure_09374.npy,1816757464.523374,0.18979183600418184
microstructure_03708.npy,4158201444.206916,0.17974155949868872
microstructure_06675.npy,1600316224.576881,0.17785685971723939
microstructure_01287.npy,3849182401.132993,0.17771322266362016
microstructure_09411.npy,2586117263.448168,0.19260105011806666
microstructure_00347.npy,1764207785.0377815,0.19115284969761842
microstructure_05361.npy,1561993462.5563104,0.19790661699489814
microstructure_03651.npy,2279299892.85873,0.19214860038114756
microstructure_03909.npy,2348807330.077967,0.1882684946885179
microstructure_06691.npy,2478139813.7530327,0.19154743398815252
microstructure_08656.npy,1263540265.960323,0.19673079414567454
microstructure_07854.npy,4569446162.752076,0.18113786807917392
microstructure_00752.npy,1545498073.960024,0.17247028506354226
microstructure_09867.npy,2828052447.4407554,0.19731494746246697
microstructure_01951.npy,2899730534.3862925,0.18648001611470233
microstructure_06405.npy,1459104759.5977771,0.1967068107245726
microstructure_09925.npy,1370878547.5747087,0.19095304581734313
microstructure_09531.npy,1794142877.1274595,0.18328868831354667
microstructure_06332.npy,1464627302.58824,0.19293990334372432
microstructure_04668.npy,3707705604.7429495,0.17424660998037333
microstructure_06814.npy,2117626061.8746014,0.18894350143087002
microstructure_05020.npy,3077371521.3177733,0.18406169961410124
microstructure_02858.npy,3256315268.988213,0.18025399491716163
microstructure_05235.npy,1967780171.9741805,0.20073797848730707
microstructure_06733.npy,1626735660.3045137,0.19392213595703897
microstructure_00473.npy,2171793146.184232,0.19749984725008954
microstructure_01961.npy,2105476866.4606817,0.19030872602748755
microstructure_03073.npy,1689387474.846384,0.19675782726423724
microstructure_09975.npy,1226689334.823148,0.1954774707769239
microstructure_04404.npy,2710398869.023324,0.18959590449876287
microstructure_03965.npy,3682099007.534707,0.17626544957824486
microstructure_08180.npy,1427902543.290295,0.19342421179910227
microstructure_06599.npy,3153667838.3373113,0.18830898825296422
microstructure_00072.npy,2963098606.8280525,0.19225040182618697
microstructure_09461.npy,4551397761.911616,0.1802786868606054
microstructure_02929.npy,1324993099.9938781,0.20595396830666307
microstructure_04339.npy,1403448874.6304212,0.2061177827323616
microstructure_07570.npy,1255560544.2076948,0.19443059417144046
microstructure_05379.npy,3270664432.5276113,0.1601907279407361
microstructure_07750.npy,3874414828.8674145,0.17385351231474225
microstructure_03481.npy,2985696486.4719243,0.1787820162000857
microstructure_04264.npy,2449720479.4930334,0.18622508603831078
microstructure_01499.npy,3818204771.5612497,0.17583175025258044
microstructure_07498.npy,3715227842.759623,0.18242960884339848
microstructure_08733.npy,2917316241.5686555,0.17606559930940247
microstructure_00290.npy,1248275158.824015,0.20244095568634018
microstructure_04168.npy,2467108642.1184335,0.18332701597668077
microstructure_04305.npy,1427199406.150554,0.19229393256528288
microstructure_01378.npy,1443379126.3514967,0.19837320657448845
microstructure_04245.npy,4625679254.106228,0.18775981208817022
microstructure_05457.npy,1167588958.8385103,0.20243049686742653
microstructure_06471.npy,1571654745.7596252,0.1982978071163251
microstructure_09123.npy,1603981817.9210413,0.1870752067017778
microstructure_08202.npy,2027488320.1861184,0.1968873864182662
microstructure_04889.npy,1718156910.9908388,0.1910326213261043
microstructure_06047.npy,1501223816.7944145,0.2069573392544474
microstructure_09640.npy,1968389568.5874074,0.18352712139497965
microstructure_09894.npy,4198805005.2149835,0.18318737993358764
microstructure_01759.npy,3732187808.4564004,0.1840046704253686
microstructure_06270.npy,4124392962.5089927,0.16246459235699795
microstructure_09681.npy,2031059427.9149404,0.18988978388365133
microstructure_04440.npy,2781256958.559426,0.18255232589625378
microstructure_06290.npy,1764517783.5163028,0.1961703490016712
microstructure_03676.npy,3424415670.953361,0.19265799286002486
microstructure_09288.npy,3217036726.8849154,0.18143010981961827
microstructure_03575.npy,2664365443.2013373,0.18366965690917
microstructure_07823.npy,3292010429.857,0.17968752686716402
microstructure_08624.npy,1973686805.05616,0.1915919775622686
microstructure_00303.npy,4253970334.7546186,0.18070585888812774
microstructure_06486.npy,4181812289.4289207,0.1823946735931165
microstructure_08232.npy,3375841587.8256607,0.17726269442683412
microstructure_00084.npy,1524893784.3568754,0.1968084845605115
microstructure_02401.npy,3684260486.4657083,0.181706398301711
microstructure_04394.npy,3065599119.714055,0.17008434921933427
microstructure_07036.npy,2857402534.732403,0.18186416367181918
microstructure_06527.npy,2066080260.229108,0.18924518597322898
microstructure_08759.npy,1537873890.910396,0.19526410965583424
microstructure_04070.npy,2867509658.152805,0.19005747719006993
microstructure_05388.npy,2134934303.50926,0.18391802954458525
microstructure_05919.npy,2168874399.0371327,0.20094406807622797
microstructure_08077.npy,1302865590.6942644,0.1977780880542165
microstructure_00050.npy,1304585105.8479567,0.20452567077593606
microstructure_02379.npy,3855112935.818664,0.1755994482449374
microstructure_09216.npy,1296663402.5365756,0.19176847734348626
microstructure_04022.npy,1601774167.3404124,0.1898915317596446
microstructure_08144.npy,4387677584.809684,0.18179280620232163
microstructure_02216.npy,2892280104.0622163,0.169638769984644
microstructure_02012.npy,2549170401.051364,0.1747019733364043
microstructure_06479.npy,1286524556.6787336,0.20437538014947304
microstructure_02603.npy,2342292381.7908244,0.19519710245433425
microstructure_05432.npy,3781482124.501348,0.16976173224366672
microstructure_05373.npy,1805036082.0236802,0.19500556045379147
microstructure_04189.npy,1457982010.2007716,0.19535238225182805
microstructure_06899.npy,4575460122.838967,0.18906277978779604
microstructure_03268.npy,2394548134.175808,0.19412619940865825
microstructure_01453.npy,3284923155.5616503,0.18707310930370055
microstructure_08329.npy,1587004366.0334582,0.20196877088793652
microstructure_09557.npy,3177977518.821525,0.17618283172942686
microstructure_03853.npy,2217961581.486758,0.1750753097083858
microstructure_05376.npy,2018951648.9548407,0.19185645545521754
microstructure_06313.npy,1889014206.674308,0.185467678967887
microstructure_03843.npy,4041671773.499355,0.18338757187131285
microstructure_09652.npy,1358112915.0821042,0.20061322232413653
microstructure_02875.npy,1213156202.7805424,0.20269172727564005
microstructure_06033.npy,2213222924.4043245,0.19103347967559697
microstructure_05675.npy,1729123987.350126,0.1927248251705009
microstructure_09802.npy,3973173309.067137,0.17513423941902878
microstructure_02661.npy,2546957768.633077,0.17962949971575562
microstructure_08988.npy,3709253540.4951706,0.18440627818450242
microstructure_00400.npy,4147166705.239897,0.18290625509188746
microstructure_07405.npy,3963876443.290573,0.18394091128512802
microstructure_02623.npy,3828061030.0998993,0.1771093590037458
microstructure_00268.npy,2333312025.6639633,0.20715636788825073
microstructure_03946.npy,1171611754.7497213,0.19920627834193463
microstructure_07906.npy,4093006847.731796,0.18683635137851407
microstructure_07441.npy,3246070481.23781,0.18257699624806042
microstructure_06009.npy,1285296816.6639996,0.20262822909320954
microstructure_01564.npy,3868715414.411221,0.1828233119202724
microstructure_09198.npy,2390197641.114413,0.19471292423776965
microstructure_06975.npy,3219325398.5138516,0.1913995232306151
microstructure_00239.npy,3037771643.7911296,0.19276724664349595
microstructure_00617.npy,4162095682.3887715,0.1792706214190352
microstructure_07109.npy,3651600447.9336524,0.17322039268300152
microstructure_04798.npy,3434504312.8064604,0.18161370676786853
microstructure_00442.npy,3920602869.5987787,0.1904799724188622
microstructure_08465.npy,2348013600.5209956,0.18444202641963645
microstructure_01992.npy,3904272593.804823,0.16805247715861957
microstructure_04609.npy,3866430719.2363772,0.18790953056645093
microstructure_06888.npy,2004172473.3372846,0.18889370286091195
microstructure_03838.npy,4032612474.6241565,0.1761581189275417
microstructure_07475.npy,4036477390.929368,0.17799369723152794
microstructure_09229.npy,4496332189.742021,0.18167115228519923
microstructure_00086.npy,1425118770.598575,0.19042225049805314
microstructure_05705.npy,4721413160.133281,0.1797570525053381
microstructure_08604.npy,1723690007.0570028,0.17999918807821808
microstructure_07927.npy,4011183814.0660853,0.1857290392508342
microstructure_03846.npy,1286063182.0497975,0.19987059310483665
microstructure_02647.npy,1394727441.0557415,0.18767940973974892
microstructure_04437.npy,1424001978.2495766,0.19828908156647862
microstructure_06036.npy,1788836281.4753656,0.19488508755628153
microstructure_03169.npy,3477145375.7116666,0.18561823413285508
microstructure_08291.npy,1468478882.929977,0.1950015017596169
microstructure_00712.npy,1444292279.840827,0.19185722868779642
microstructure_02234.npy,1362391026.9421735,0.20905497560464456
microstructure_00366.npy,3219651773.568096,0.17847270300378182
microstructure_04240.npy,2271006700.810719,0.18832679085239667
microstructure_00990.npy,1343539686.8364868,0.19939290370149892
microstructure_06464.npy,1328251997.4529111,0.19333659144090717
microstructure_03621.npy,3402629956.1165714,0.16940771371519106
microstructure_08554.npy,3310735687.7382946,0.18715371487956686
microstructure_08690.npy,3889576583.9090133,0.18591110310977702
microstructure_07416.npy,1260472852.4956892,0.19281968696025018
microstructure_08325.npy,3972587253.629266,0.17778967828819242
microstructure_05858.npy,4105014039.899487,0.18232133100846007
microstructure_03812.npy,2197259863.149205,0.19675217279291002
microstructure_09636.npy,3968434375.951501,0.19267941100624744
microstructure_08747.npy,4243863953.7147393,0.17643906830799608
microstructure_01572.npy,1753291730.7377453,0.20112207191101597
microstructure_04917.npy,2713841804.849477,0.18122431772578826
microstructure_02645.npy,3526012697.2768774,0.18144184338188765
microstructure_08544.npy,4504943514.403958,0.1882714712407239
microstructure_00981.npy,2487084962.0755887,0.19195121915384367
microstructure_08815.npy,1533635307.097343,0.1952257101358489
microstructure_09130.npy,3874749539.3038716,0.1831601868418796
microstructure_07147.npy,3810034969.740319,0.17296949871993963
microstructure_02174.npy,3747852743.9970307,0.18013666243624016
microstructure_00828.npy,2922515065.07488,0.1809109630400491
microstructure_01064.npy,1501613901.2270882,0.19469123922952536
microstructure_01742.npy,3416640202.051267,0.1713202791363528
microstructure_01057.npy,2286761201.105935,0.18397912228340083
microstructure_01178.npy,1391121407.634385,0.19809721254592005
microstructure_06146.npy,4094015876.653985,0.1733462427766152
microstructure_08203.npy,1405505275.5495682,0.18837120017080367
microstructure_03051.npy,1731563291.7725875,0.2016472204111877
microstructure_08851.npy,1558963460.0049694,0.20080509628047896
microstructure_01131.npy,1336319761.0464694,0.19062189003474805
microstructure_00950.npy,3731141218.0510664,0.1888746573112855
microstructure_03157.npy,4207190706.2940826,0.18290047717586796
microstructure_00622.npy,2745655706.408252,0.18474003874551773
microstructure_06309.npy,3801135933.890886,0.17921401696555175
microstructure_04840.npy,3725653192.8858423,0.1877465553352553
microstructure_09834.npy,4167829190.2666435,0.18564697464155822
microstructure_09844.npy,4293636174.9345407,0.18274418444396498
microstructure_05766.npy,1653823062.6705852,0.19772235374805042
microstructure_07768.npy,3002243869.62604,0.17342526420418955
microstructure_09910.npy,3692305464.7134795,0.1703870361635007
microstructure_05025.npy,3472449482.0875697,0.1748581294193132
microstructure_02548.npy,2035988699.542925,0.1940721361507142
microstructure_07582.npy,2565975403.2504845,0.18650074922071885
microstructure_09666.npy,1992585099.4012358,0.18528505438732995
microstructure_04164.npy,1818357726.2839785,0.19806772760186667
microstructure_06024.npy,2130729374.4506962,0.193693457066282
microstructure_06849.npy,1751752294.5479224,0.19378390356354935
microstructure_06304.npy,1332555817.0951295,0.19531727956685982
microstructure_08269.npy,4098887041.580294,0.17912443581699627
microstructure_09406.npy,4227551666.8000913,0.18140422312899854
microstructure_04623.npy,4101765104.402401,0.17099165560154395
microstructure_02668.npy,1465683255.675134,0.18882770236337823
microstructure_03233.npy,4362376035.660455,0.16967231870621294
microstructure_04472.npy,3249327449.9818215,0.17992480237022365
microstructure_07386.npy,2839053458.093012,0.19414572238724523
microstructure_06302.npy,2952244683.746556,0.17382188146421926
microstructure_07946.npy,4312726349.358132,0.17679119709410243
microstructure_06773.npy,1842235310.3095028,0.16651815345933052
microstructure_00606.npy,3832378807.2216454,0.16785517248192397
microstructure_05344.npy,2418345488.1041756,0.19688888877615857
microstructure_07734.npy,1175852193.5324357,0.20253088643622058
microstructure_09491.npy,4463722180.5557575,0.1735165664884891
microstructure_08700.npy,4293474367.870731,0.18296680747436694
microstructure_00826.npy,2383871747.8328724,0.18842697254927882
microstructure_03189.npy,2328634289.5946717,0.18589356760063092
microstructure_02891.npy,1616841068.7447479,0.17685221873224788
microstructure_04864.npy,2853086784.155086,0.18000460989326983
microstructure_00364.npy,3785762672.068823,0.1710956399676586
microstructure_05773.npy,3544113998.6229916,0.17687061431155307
microstructure_00603.npy,2285386396.497623,0.19189081807698505
microstructure_00306.npy,2838379405.546266,0.1785764219748112
microstructure_09938.npy,1851759236.5738628,0.1885572660948546
microstructure_08674.npy,3971538100.614645,0.18224312069304077
microstructure_05977.npy,4142829612.468918,0.18567544171198494
microstructure_05627.npy,2265647231.536915,0.1924880360375996
microstructure_05341.npy,3905813616.434316,0.1788048876352003
microstructure_02643.npy,3185956479.5699277,0.20767382733183193
microstructure_07795.npy,1797320160.971351,0.19592070827826286
microstructure_03190.npy,2124998636.3130212,0.1825773315612355
microstructure_02473.npy,3226968232.0500927,0.17518155330827428
microstructure_06522.npy,2664744780.0370817,0.18970095540057802
microstructure_04862.npy,4676557850.989801,0.186156631760557
microstructure_03370.npy,1781431709.3260102,0.1829450056812328
microstructure_02606.npy,1359730822.699547,0.1969589524614156
microstructure_06575.npy,3194043755.4601264,0.17881749691497473
microstructure_04710.npy,1286524820.5279298,0.20213828432102907
microstructure_05624.npy,4169681147.0906997,0.16741911854417219
microstructure_08794.npy,1672836048.409499,0.20045247840043687
microstructure_05607.npy,4166431176.6255097,0.1882567990928318
microstructure_03369.npy,1579980378.1280985,0.1916663143110541
microstructure_04743.npy,2561273650.2525563,0.1829864281593742
microstructure_08211.npy,4181221764.4984365,0.18597328224302245
microstructure_02795.npy,4010956768.597559,0.17432772914312708
microstructure_05297.npy,1894498080.8022568,0.18015600594114306
microstructure_09478.npy,2942281819.5413637,0.18153625453189148
microstructure_02072.npy,4352411546.584556,0.18765996762676626
microstructure_02894.npy,2750783822.7867312,0.17115314907825152
microstructure_01488.npy,4227214427.4275856,0.18861231495071307
microstructure_02467.npy,1305853253.5088909,0.1944943102878296
microstructure_04109.npy,3318893646.424197,0.18366140298064293
microstructure_05237.npy,2863207840.352482,0.1796749056961611
microstructure_01826.npy,4038324097.6934686,0.18526651945447095
microstructure_03806.npy,1618086984.3467681,0.2033076247009851
microstructure_01125.npy,4644881455.497202,0.16697717270049423
microstructure_01070.npy,1869418251.8574882,0.1897659241690379
microstructure_01323.npy,2380612039.8351,0.1828187510197601
microstructure_08813.npy,4255585933.090776,0.17372070427471215
microstructure_07500.npy,2626332957.0019817,0.18434240900388937
microstructure_03809.npy,2061812177.3619998,0.17468609549884856
microstructure_01078.npy,3385105516.2123127,0.17390700213949703
microstructure_01819.npy,1194354526.1819725,0.20355853326689374
microstructure_06919.npy,2177291366.662908,0.18030991991703016
microstructure_03014.npy,1377342084.4249623,0.1990584395008282
microstructure_05827.npy,1564776801.623746,0.18480332052709436
microstructure_05255.npy,3706595175.9486003,0.17371295299714332
microstructure_09264.npy,1957780897.0979612,0.19768028651922723
microstructure_03543.npy,3582276879.897177,0.17954530369269717
microstructure_08765.npy,3975331721.68824,0.17585568993387135
microstructure_04219.npy,1378280735.489833,0.19688547276544122
microstructure_04561.npy,1792025744.743674,0.19255838853235366
microstructure_04788.npy,3314851083.188769,0.1878906862074112
microstructure_03780.npy,1360204978.3976269,0.20534239161433807
microstructure_02282.npy,4176175322.8216486,0.17688103127174537
microstructure_03414.npy,1448632477.9584787,0.1998568444111199
microstructure_02639.npy,1852627973.1956904,0.198427782428306
microstructure_05581.npy,3761729295.981217,0.18168621585118622
microstructure_00075.npy,1818339230.4472034,0.20616349910165171
microstructure_08500.npy,3513482493.989322,0.1744542207455729
microstructure_04885.npy,3027430759.665244,0.18940453436155164
microstructure_09484.npy,3861472206.463746,0.17737740721907905
microstructure_09840.npy,4111436377.8552094,0.17190330844253351
microstructure_00026.npy,1839671742.252946,0.1836622556148756
microstructure_04847.npy,2230947248.8460484,0.19296291336911242
microstructure_01348.npy,4500903283.290481,0.1748474004345483
microstructure_06958.npy,3930528529.854048,0.17617344002727378
microstructure_05090.npy,3561044211.1121497,0.18620191563519242
microstructure_00385.npy,2735346953.1592484,0.17582889258075418
microstructure_05348.npy,1917805101.3067245,0.1979674532564613
microstructure_07774.npy,3120793812.8139167,0.16690256969459236
microstructure_04314.npy,3073546991.5496054,0.18250819989921505
microstructure_00559.npy,2344834676.662185,0.18411719683876682
microstructure_07185.npy,1405505275.5495677,0.18837120017080372
microstructure_07170.npy,1821782214.0290642,0.19833095605185416
microstructure_03467.npy,3758760392.3764114,0.18768820621468962
microstructure_03196.npy,3822769212.9220014,0.17264771519729816
microstructure_02259.npy,3906982521.033036,0.18181538181439189
microstructure_08740.npy,2314696579.777554,0.1892983146303691
microstructure_01517.npy,1826377080.2621987,0.19575961060615144
microstructure_02304.npy,3179105070.270605,0.1889832564083543
microstructure_07835.npy,2256958100.502994,0.1861222082015817
microstructure_09356.npy,3963337819.2026615,0.18710506181629835
microstructure_06562.npy,3840618839.593004,0.18429661599329836
microstructure_03378.npy,1354405133.9861937,0.19895357628745405
microstructure_08254.npy,1421737991.9356978,0.18713795164780206
microstructure_01309.npy,2247275371.44419,0.19429735085397848
microstructure_09913.npy,5069299903.780479,0.18268452349431957
microstructure_07032.npy,2200652612.811382,0.17891839578928675
microstructure_08285.npy,3205727815.9761386,0.17685156238997252
microstructure_09523.npy,4642667334.708747,0.17870452946126222
microstructure_08182.npy,1560902097.2149324,0.19951605219004898
microstructure_00185.npy,4038708059.2840133,0.18034845332366942
microstructure_02970.npy,1688747041.261753,0.20118473765882772
microstructure_03580.npy,3190839799.503507,0.16191333078397674
microstructure_00993.npy,2004918942.302923,0.19527120157971845
microstructure_02785.npy,2902503518.0005703,0.18214640153423886
microstructure_01927.npy,3594144276.7910748,0.18093222741682094
microstructure_06106.npy,3577996008.7204876,0.19023409787693835
microstructure_01812.npy,2718232168.5725846,0.19237276010737095
microstructure_05614.npy,2433047192.718142,0.18938183827580718
microstructure_09192.npy,1530323959.6391506,0.18039863113771584
microstructure_05496.npy,2738994320.174913,0.1758940342459054
microstructure_01649.npy,2465534620.4963174,0.1847993073281826
microstructure_04389.npy,1853696570.5086987,0.1920892995731004
microstructure_03450.npy,3690135285.2996497,0.19133086592881374
microstructure_02079.npy,1268686448.5286245,0.19869105304229265
microstructure_00145.npy,2415094895.386077,0.18057242655660202
microstructure_04601.npy,4173291359.1651297,0.17040363389451094
microstructure_04271.npy,3725431917.1121063,0.16484030401250188
microstructure_01360.npy,4216842853.5002985,0.17494236640110206
microstructure_01387.npy,1446214675.8154027,0.19970830019820915
microstructure_05829.npy,1383252455.0195785,0.18348393164132154
microstructure_07396.npy,2499199563.02887,0.18742987238249026
microstructure_02320.npy,3273397059.6189404,0.16941958171216126
microstructure_06055.npy,4208316540.1803427,0.17936802798379056
microstructure_07912.npy,4266895533.5608373,0.18703602857241897
microstructure_08450.npy,1232804195.0634432,0.1980252393577601
microstructure_01586.npy,4173008672.271329,0.16859063575673794
microstructure_08288.npy,1173150582.2565572,0.1989317813017216
microstructure_04650.npy,3366225412.0187397,0.17738428848597598
microstructure_09496.npy,4688016802.75963,0.1747399671132154
microstructure_09043.npy,3221965843.4324827,0.1828323512598275
microstructure_08018.npy,1804907860.063465,0.18068635808045522
microstructure_05743.npy,2515395666.3872743,0.18193295999536385
microstructure_03887.npy,2056359049.3589928,0.1969193538990714
microstructure_03960.npy,3369142859.1063437,0.18031596401688718
microstructure_04667.npy,1713243420.292952,0.19623334807510698
microstructure_02563.npy,3807000687.2556553,0.1875799949690793
microstructure_06656.npy,4321075113.477888,0.18838387008229912
microstructure_05358.npy,3259640890.96314,0.1722176161744905
microstructure_07414.npy,3150001102.156366,0.18108292448017357
microstructure_02043.npy,2372167375.757067,0.16768716009977852
microstructure_05618.npy,4268701760.2499223,0.18951514757160304
microstructure_04229.npy,1284597987.4947288,0.20133007994635232
microstructure_04972.npy,1405505275.549568,0.18837120017080375
microstructure_05902.npy,1248592403.7383442,0.20234558095300523
microstructure_06592.npy,2084463407.1417851,0.19624767414313898
microstructure_06399.npy,2514329143.1824017,0.1832506718940761
microstructure_01068.npy,1937305339.2739851,0.17534353945067954
microstructure_03981.npy,2708832467.9549804,0.19064143116251334
microstructure_08502.npy,1986326705.4543989,0.2058266856600273
microstructure_05104.npy,1334198253.0041735,0.19724913572370278
microstructure_07581.npy,1415573962.7037585,0.19904660581778286
microstructure_05434.npy,3587885215.6941237,0.18663698602955192
microstructure_04829.npy,4553167902.654735,0.1807648818990406
microstructure_02442.npy,3575374716.822799,0.1825900197741548
microstructure_02973.npy,4746607246.388021,0.18113656259328942
microstructure_01026.npy,2082863528.9656196,0.20733720326700844
microstructure_06420.npy,1643437001.9507217,0.19426828137958382
microstructure_09647.npy,4149646260.993435,0.16943151852674412
microstructure_05461.npy,4263030555.242067,0.17733233756600558
microstructure_09155.npy,4452488995.246902,0.17888848230697027
microstructure_01374.npy,2325029980.730238,0.19133980069835305
microstructure_08738.npy,2224264702.1225295,0.1879743027559045
microstructure_05834.npy,4301931434.730325,0.1871225821054969
microstructure_06175.npy,2044386579.1944926,0.19974528056630145
microstructure_01691.npy,3740765855.8340144,0.17715125774206736
microstructure_02503.npy,1253998375.6844416,0.19843886660562363
microstructure_05350.npy,2142726139.8857179,0.20495417130986712
microstructure_03971.npy,4478683242.08642,0.1829300998853215
microstructure_06835.npy,3918453711.5403614,0.1783556673300932
microstructure_05934.npy,2634128095.9559674,0.17790266508507477
microstructure_03108.npy,4027138245.6533217,0.18566311979791003
microstructure_04087.npy,3340721626.813325,0.18466350271288826
microstructure_01654.npy,2479722921.601394,0.19143120781417736
microstructure_01638.npy,1675777254.8480725,0.2013037428457603
microstructure_02685.npy,1393675404.6356668,0.1915215465373342
microstructure_06546.npy,1265646667.0147808,0.2023048887530018
microstructure_08633.npy,1908503385.3321252,0.20357802850159012
microstructure_04563.npy,3524416119.083433,0.18357953932740328
microstructure_06413.npy,2301749683.312741,0.19070547679303151
microstructure_09442.npy,2425500811.825736,0.2008202180283077
microstructure_02941.npy,1630992305.1360986,0.1987684057265344
microstructure_08481.npy,4201847140.178495,0.1812875749858054
microstructure_05112.npy,1848356175.9702153,0.1935250899199978
microstructure_09808.npy,3818706096.483635,0.17131432638940725
microstructure_00818.npy,3616009527.714046,0.18127388515930706
microstructure_01364.npy,1680905330.2315097,0.202588356512804
microstructure_04118.npy,1557365545.5372343,0.19844483960441534
microstructure_04309.npy,4349407613.989946,0.17345697768093696
microstructure_05536.npy,1288754593.3736324,0.19816726126880596
microstructure_04393.npy,1954581216.0837662,0.17632618436978598
microstructure_05570.npy,1730594714.8393013,0.19023027860600314
microstructure_03320.npy,3634764875.6013923,0.188248405657955
microstructure_06205.npy,3931176528.694462,0.17895273039375084
microstructure_07781.npy,1431962060.7891238,0.2012355648769515
microstructure_01136.npy,1400296834.5796657,0.1925029228978201
microstructure_07021.npy,2749485947.2605386,0.18568095421708175
microstructure_06568.npy,3330596593.8824835,0.1747628197957465
microstructure_00280.npy,4107162512.4306397,0.17980463506731068
microstructure_09765.npy,2423030633.1356673,0.18753630516001144
microstructure_09142.npy,1455456260.4227653,0.2001727824075695
microstructure_00633.npy,3578112037.691794,0.1874736481526933
microstructure_07875.npy,4502184373.834267,0.1858136750172476
microstructure_06235.npy,4100116179.841073,0.17893938446945873
microstructure_07060.npy,3837821289.169318,0.18214785152014903
microstructure_05115.npy,1263926845.134448,0.20643182438541122
microstructure_02149.npy,3341818036.146749,0.1814033786171026
microstructure_04395.npy,3020256471.2598386,0.17416262352633105
microstructure_06438.npy,3879956769.269469,0.18809683616425618
microstructure_06297.npy,4398748173.095739,0.17850339449820174
microstructure_04182.npy,1498161097.592643,0.18035379306951532
microstructure_02886.npy,1617586012.3839417,0.19345595576384675
microstructure_09553.npy,1264496375.6128457,0.19963427309271145
microstructure_06255.npy,4386127955.064972,0.17723313168779503
microstructure_07545.npy,2284625167.4674067,0.1835213890891861
microstructure_07684.npy,3610021870.7264624,0.17817763501679587
microstructure_06626.npy,3983600206.3830333,0.17433035332283903
microstructure_01986.npy,1240278906.1494634,0.1955673207968593
microstructure_07197.npy,2723384807.2054796,0.18359669883296692
microstructure_02906.npy,1964026937.9667974,0.19113101619225853
microstructure_04329.npy,3505082565.766046,0.17909770129928734
microstructure_00414.npy,2313311434.6943107,0.21038331538883187
microstructure_00173.npy,1271501860.2631664,0.20249221770570594
microstructure_01960.npy,4124942138.3405046,0.174965452178406
microstructure_00334.npy,4458508299.708673,0.1907806863658271
microstructure_09781.npy,3871117888.7482805,0.17881393649223187
microstructure_09644.npy,3854427761.1260586,0.17104417894218327
microstructure_09104.npy,4959307217.394823,0.17414822980806036
microstructure_09444.npy,1366225552.7460675,0.1989885707252842
microstructure_03774.npy,1645103972.890673,0.18939606900325787
microstructure_06951.npy,1887694066.0392783,0.19794702209856094
microstructure_05390.npy,1801953694.6865997,0.18998470392938868
microstructure_08905.npy,1652399993.4836764,0.18554555995685074
microstructure_06937.npy,1291844233.2722175,0.20279277431861875
microstructure_02093.npy,3145998728.8085794,0.1802061508594362
microstructure_07611.npy,3705632377.910941,0.1710945951257718
microstructure_01423.npy,2951412775.6340938,0.17912038979033318
microstructure_09302.npy,4533822147.683257,0.17938355364105857
microstructure_02840.npy,3633345175.5734205,0.18928199336925733
microstructure_05549.npy,1688393099.5710757,0.20022233238657824
microstructure_00890.npy,2277056432.428397,0.1826630422991127
microstructure_01507.npy,3509537944.067586,0.17927232990914133
microstructure_07198.npy,1359157538.2104623,0.19000430353132508
microstructure_03675.npy,1455594008.4718297,0.19384649617995084
microstructure_00370.npy,1571362192.1806023,0.20367354122757914
microstructure_05291.npy,3976341344.2885585,0.18049023362302002
microstructure_07718.npy,2515534788.2303023,0.17871848305757093
microstructure_02569.npy,1272663868.8387377,0.20454700115453206
microstructure_08901.npy,4048064857.7741823,0.17782156500763444
microstructure_00368.npy,1388067864.7137835,0.19532625747436
microstructure_07977.npy,4947753913.917147,0.17265181513796082
microstructure_07214.npy,1924635247.132018,0.17605414004311476
microstructure_05647.npy,3557313617.1615,0.18002215324185583
microstructure_05620.npy,4420779096.973229,0.1820723355889928
microstructure_02653.npy,4004128064.019631,0.1725117808778449
microstructure_03295.npy,1760034040.5994146,0.20661610574006875
microstructure_00164.npy,1947672087.175446,0.18483907731568855
microstructure_00642.npy,1177866431.1908135,0.2001093517516312
microstructure_05055.npy,2381695071.1830006,0.18545552342608818
microstructure_04278.npy,1500022584.6935494,0.1968058530493982
microstructure_06517.npy,1783005185.357131,0.18791345015125963
microstructure_01857.npy,3791986731.0817795,0.1779249777656165
microstructure_09050.npy,3851127872.3076534,0.17629389933471504
microstructure_05599.npy,1823679289.0364091,0.19389963645556643
microstructure_05040.npy,2695848717.277209,0.18799727109633343
microstructure_09831.npy,1804511663.9676015,0.19839856790193994
microstructure_00117.npy,1651936370.025512,0.2004096130433614
microstructure_06662.npy,2886590415.3633685,0.18660866672682547
microstructure_01501.npy,2334167928.3875623,0.15630534668942683
microstructure_06854.npy,2500554251.5262394,0.19552168728854413
microstructure_00751.npy,2661649945.510022,0.17010478170914073
microstructure_09551.npy,2236853283.48573,0.2052908960947053
microstructure_07829.npy,1613497142.082275,0.19537173881260284
microstructure_07924.npy,4209363769.9621067,0.1711621398722365
microstructure_03478.npy,1318907937.3356183,0.1929243136874388
microstructure_04187.npy,1512663733.9803545,0.1808309513557022
microstructure_05666.npy,2417676217.6911187,0.22571564517364165
microstructure_05846.npy,3521329339.6193967,0.19398810852397055
microstructure_04868.npy,4222429189.8383656,0.18496628155307118
microstructure_05894.npy,1768353389.5490613,0.19750783021545948
microstructure_08300.npy,3681190715.8601723,0.1794322036489844
microstructure_07460.npy,3164525968.685731,0.17702029618785134
microstructure_03984.npy,3734631203.2320232,0.183865799812296
microstructure_02080.npy,4273042504.619172,0.17920553542202383
microstructure_09926.npy,1725396814.651547,0.19455175233460495
microstructure_09080.npy,2121816763.8789485,0.18577125170742317
microstructure_03772.npy,2056636525.1015108,0.19638010830949354
microstructure_03684.npy,2128867320.6137393,0.1910476766917067
microstructure_06993.npy,1215409276.8171806,0.2023429790394013
microstructure_00309.npy,2292151614.7500043,0.1836522421498884
microstructure_07079.npy,3209307127.3650455,0.1741961137291519
microstructure_09810.npy,4410905034.464938,0.17820831425809677
microstructure_06531.npy,3797661901.071341,0.1882404041990446
microstructure_05574.npy,3938156353.2807155,0.18238128069003096
microstructure_08960.npy,2447420337.890621,0.19354956024285075
microstructure_00612.npy,2205674355.4783907,0.19008513838851165
microstructure_00296.npy,1633089644.2398977,0.19750588924605922
microstructure_03432.npy,3997895398.657629,0.18065276183593887
microstructure_05428.npy,3681449504.4338984,0.18346270242425392
microstructure_07366.npy,3825550255.2592516,0.18677914004113874
microstructure_08478.npy,1642657241.0150056,0.18063558318888484
microstructure_01618.npy,1301694089.2029514,0.20273789502072825
microstructure_03093.npy,2703940911.071219,0.19903544574975618
microstructure_04288.npy,4535348918.337865,0.1832141790116339
microstructure_05401.npy,4382103297.240212,0.18682215859189538
microstructure_05680.npy,2045897354.3828447,0.16394631851219607
microstructure_08280.npy,3220747126.51234,0.1768516445916205
microstructure_08359.npy,1855256903.936862,0.18390502778217743
microstructure_06801.npy,1292307372.9564683,0.19857557038261334
microstructure_09505.npy,3798330352.0689344,0.1769084640713237
microstructure_00887.npy,3118743850.429059,0.17685769044856828
microstructure_07858.npy,1201860391.7181356,0.20001351863876998
microstructure_05067.npy,1636137350.1988814,0.19728161026931004
microstructure_06640.npy,4222872686.4682236,0.1603118114356125
microstructure_07666.npy,2778906138.639225,0.18633111379544726
microstructure_04682.npy,1427775802.9019659,0.19907523568376434
microstructure_09857.npy,3460288190.863184,0.1809287052096792
microstructure_04595.npy,4214365975.981905,0.1793901573373351
microstructure_05105.npy,2457575677.9844217,0.18139592953589223
microstructure_06964.npy,1305815922.5736663,0.19583281054829887
microstructure_06383.npy,3478078441.9941854,0.1831668548162221
microstructure_02395.npy,1450956772.5875165,0.1908131016142706
microstructure_06745.npy,1941451419.4334927,0.18925059603007735
microstructure_03499.npy,1165451376.704096,0.20359299925435978
microstructure_04728.npy,1546403937.1620557,0.20458803794555788
microstructure_05372.npy,3559982332.590817,0.18668137640067953
microstructure_00319.npy,1451240910.1224773,0.20346826632874168
microstructure_07955.npy,1520702946.493206,0.19600337975260745
microstructure_00409.npy,1508942714.2770405,0.2036497175651158
microstructure_01185.npy,2623833650.546357,0.17864057966332264
microstructure_04072.npy,3492467542.3763027,0.17074390081342503
microstructure_01094.npy,3488874589.727731,0.1837058279917487
microstructure_01878.npy,3580842025.068336,0.1720185160083437
microstructure_06700.npy,2866164657.877261,0.19173806144408653
microstructure_00328.npy,4085268774.170441,0.18076726616270483
microstructure_07634.npy,3300544281.0354795,0.18611063714023385
microstructure_02335.npy,4121370993.688614,0.17681342233315858
microstructure_02121.npy,1787843508.7255774,0.20240718806296965
microstructure_01153.npy,3725508861.4876714,0.178144459432598
microstructure_01033.npy,3665753272.5872703,0.16215439010194999
microstructure_01647.npy,1678126675.8190162,0.19256664236024937
microstructure_02740.npy,4566414720.506122,0.17836805364987388
microstructure_06457.npy,3071716026.9084253,0.18411818778867683
microstructure_08479.npy,2010205424.0138094,0.19363816382712326
microstructure_03912.npy,3648608821.961225,0.15891384998491126
microstructure_06048.npy,4705422515.684109,0.17922916282324203
microstructure_00379.npy,1492432172.1274781,0.19075502550442291
microstructure_04946.npy,1603693194.3216586,0.19873775458414092
microstructure_03132.npy,1641335777.7800968,0.204808618774368
microstructure_01172.npy,1215487939.6940238,0.1999746295184755
microstructure_04299.npy,1469882539.884552,0.20676430816666272
microstructure_04071.npy,1367952340.8494792,0.2065486983693858
microstructure_09591.npy,1547782391.3329496,0.20338634307343925
microstructure_04571.npy,2456728330.2744308,0.1894959803638082
microstructure_07960.npy,2797177432.7069426,0.18360056583663
microstructure_01162.npy,2046993399.1869943,0.1932467693058093
microstructure_06190.npy,1419062200.3459406,0.19851806693575433
microstructure_01681.npy,1275935618.3405707,0.20335386110423642
microstructure_06742.npy,3641348487.5092483,0.1867531452778516
microstructure_07380.npy,1731961205.6811166,0.18800876415046833
microstructure_01048.npy,3304120956.341819,0.1781650947477123
microstructure_05950.npy,1813316197.1757064,0.18474211851585934
microstructure_09861.npy,4139197272.508083,0.1680248151741739
microstructure_01607.npy,4007468013.0098023,0.17978154231258267
microstructure_08732.npy,4328905219.4730015,0.15800689073676005
microstructure_07685.npy,4755800523.251289,0.17561794177005985
microstructure_03150.npy,3682068374.530139,0.17484795507095777
microstructure_09585.npy,4097558128.6626244,0.18335265719627988
microstructure_03117.npy,2312067021.121403,0.18542508041514325
microstructure_03254.npy,3571818718.642099,0.18956571547745926
microstructure_02675.npy,1472649193.1505356,0.19189251973045054
microstructure_00283.npy,1357087456.994192,0.19893029374506746
microstructure_09849.npy,1925898452.4655864,0.19617875214870437
microstructure_08375.npy,1417431588.2433488,0.18917659513347895
microstructure_04000.npy,2459364777.240758,0.18190257558540313
microstructure_02498.npy,3215412557.2367835,0.183166102748236
microstructure_03771.npy,2707485502.0250845,0.17778176619538866
microstructure_01723.npy,3512314103.2232013,0.16504981009691502
microstructure_07058.npy,1576803629.2874095,0.2025093389752057
microstructure_08814.npy,2005494963.5267005,0.17566399986459463
microstructure_03994.npy,1479054095.9741964,0.202500504063059
microstructure_03057.npy,1471104100.194468,0.1855766507505178
microstructure_01341.npy,2270264490.2481604,0.19459520507511993
microstructure_03319.npy,1882542827.0891006,0.18861690203281856
microstructure_00841.npy,2972325882.423257,0.1694660357764137
microstructure_01718.npy,3619948773.423185,0.1711224021482499
microstructure_07844.npy,1805194323.1873415,0.2002997344204614
microstructure_00219.npy,3663821402.643266,0.18083012062481388
microstructure_04686.npy,2289205769.4751287,0.19722020463140708
microstructure_02919.npy,1209062917.7704911,0.1961038897558268
microstructure_02547.npy,2365130245.966038,0.19396190180572864
microstructure_03747.npy,1774069220.5229177,0.19970162015462267
microstructure_03723.npy,2704631084.9351273,0.1846154792233196
microstructure_08304.npy,3776856431.252158,0.18652705440792544
microstructure_06206.npy,2723743928.1847544,0.19503364189019884
microstructure_01924.npy,4388444254.2861395,0.18366860120617118
microstructure_04801.npy,1465813701.66654,0.19094140586200226
microstructure_03988.npy,3678051181.120556,0.18423855897743127
microstructure_09173.npy,1545585475.7298608,0.16980184915309077
microstructure_08636.npy,1698287337.267595,0.1965074394896149
microstructure_04184.npy,1860087056.7984846,0.18610636787942986
microstructure_06351.npy,2341842364.5066676,0.1849924220123785
microstructure_02764.npy,1553809196.8901677,0.19390238152841405
microstructure_02495.npy,1297350547.9230337,0.19747088487184863
microstructure_07759.npy,3083337399.970226,0.17376655623776635
microstructure_06879.npy,4752219700.457162,0.18644775552101664
microstructure_04863.npy,1558072864.288983,0.1919117274371356
microstructure_06784.npy,1686368314.08047,0.19483118228839896
microstructure_04633.npy,1327409613.6476517,0.20172273686562062
microstructure_03005.npy,3837713577.0843616,0.17606936063049713
microstructure_03490.npy,4398372051.035897,0.17708087766140623
microstructure_03296.npy,1453213563.634835,0.19232207205068952
microstructure_07540.npy,1374780400.793307,0.20668934091897415
microstructure_06529.npy,1546416098.5421896,0.19653515471002705
microstructure_07312.npy,3640105952.9990053,0.1751502595916083
microstructure_02388.npy,1568501806.1122031,0.19319406844701711
microstructure_00971.npy,4692854196.937466,0.19187628757528943
microstructure_00156.npy,3989755337.6838465,0.1761470720617196
microstructure_05038.npy,1250215493.7069488,0.19683138589795426
microstructure_00932.npy,2503073692.56419,0.18656708763243218
microstructure_03567.npy,1245594226.1498735,0.19715519477336982
microstructure_04313.npy,3051984627.4786654,0.18290341953983147
microstructure_06081.npy,1647702262.5582032,0.1831865241550925
microstructure_08557.npy,1262509011.983237,0.18829590865187734
microstructure_04293.npy,4430361272.766363,0.1790411238533029
microstructure_06952.npy,2215597455.239649,0.1876421838681615
microstructure_01709.npy,1798244430.9636817,0.19773517522646777
microstructure_06080.npy,3864039082.2962976,0.17498904039204144
microstructure_01121.npy,3682054056.5789948,0.18466768803099634
microstructure_09874.npy,4149356429.2814407,0.1757814476632939
microstructure_01337.npy,1943027277.5963619,0.18575100894626645
microstructure_01333.npy,3000012522.381209,0.18440109520249354
microstructure_05823.npy,4052455601.340442,0.18271225512499378
microstructure_09639.npy,1553637302.022124,0.20203474837686122
microstructure_00761.npy,3975962898.788404,0.1664441231676162
microstructure_04951.npy,2580840599.8382273,0.17652582040689777
microstructure_03410.npy,3097860901.585725,0.1809051798181085
microstructure_09533.npy,2693570841.737416,0.14053738947891678
microstructure_09710.npy,1396340619.082098,0.20469052176553484
microstructure_08156.npy,3304167173.6192484,0.18087761888851467
microstructure_01994.npy,1486752816.0218983,0.18450951180043867
microstructure_03982.npy,1531908633.3236175,0.19386026282402732
microstructure_00079.npy,2503154815.321663,0.1947345021483681
microstructure_09054.npy,2230574572.693112,0.16684757037597212
microstructure_05140.npy,4142328531.5992312,0.18258983313018168
microstructure_09790.npy,2919574347.0311537,0.19671552868109857
microstructure_02148.npy,3551225204.480022,0.17495662244595253
microstructure_04888.npy,1595889392.792186,0.20341297765514146
microstructure_09231.npy,3503028198.360336,0.1827527268238151
microstructure_07483.npy,2415678956.796368,0.19453629686481932
microstructure_07450.npy,4800167589.977463,0.15644574761950494
microstructure_04134.npy,1214717021.4486861,0.2016726067552304
microstructure_00831.npy,3881986328.6575394,0.1794722438832491
microstructure_07699.npy,1831522329.8900917,0.182714836323058
microstructure_05491.npy,2109588073.9667463,0.18718447966128443
microstructure_02904.npy,3812193171.754065,0.18179446389921022
microstructure_06997.npy,4000244919.0858946,0.1750469929276288
microstructure_08471.npy,3213215885.9692516,0.19265860606134064
microstructure_05290.npy,1727529892.2760396,0.18895165031485392
microstructure_05857.npy,1800491046.3235192,0.1986528952859568
microstructure_09803.npy,3663287863.262891,0.1857860136364287
microstructure_01713.npy,4625951984.73518,0.17257709264955168
microstructure_03561.npy,3921177720.009279,0.18171961181275526
microstructure_08787.npy,3245669415.7475786,0.18298257011910643
microstructure_07568.npy,2819413929.2950144,0.18826060721047952
microstructure_08965.npy,2159207751.07255,0.18983263212203694
microstructure_04490.npy,3979705373.150303,0.19080396470246583
microstructure_03863.npy,2694773682.620229,0.19229207111316884
microstructure_05129.npy,2937361208.4227996,0.1774684231576846
microstructure_06293.npy,1805238095.7028742,0.19397109513875438
microstructure_03736.npy,3476386008.9781322,0.16764378476984904
microstructure_00297.npy,1763433282.4761434,0.19328518549923512
microstructure_08795.npy,1644069748.2626247,0.1929480811485687
microstructure_08840.npy,2246204016.988647,0.20290953215576993
microstructure_09293.npy,2910828580.0331535,0.19665678057440547
microstructure_05854.npy,4073085023.2191157,0.1760940789352721
microstructure_03395.npy,1866534346.3061407,0.18889031560853167
microstructure_02300.npy,3588670441.680372,0.18403314820559974
microstructure_03899.npy,4028110580.240156,0.17149122765716376
microstructure_09236.npy,4553670398.086442,0.17602232488245784
microstructure_06988.npy,2579028265.241676,0.19099294770163194
microstructure_00451.npy,4223654958.5797057,0.17512849583964019
microstructure_06462.npy,1747951578.6812658,0.19986136472112564
microstructure_03302.npy,1668024820.2101374,0.1850017646584019
microstructure_01859.npy,2782200389.8933215,0.17640582547897293
microstructure_01463.npy,3231540608.750255,0.1806662526314951
microstructure_06520.npy,4460127169.673641,0.17665704123303755
microstructure_01355.npy,2812512195.921703,0.19222906587720176
microstructure_02600.npy,3050238981.058604,0.18213468585591513
microstructure_08267.npy,1557733852.2994628,0.19552099565631864
microstructure_03511.npy,3289726974.4044967,0.19389054983397544
microstructure_07485.npy,4017146526.59749,0.1671275529837064
microstructure_05811.npy,1969138394.011022,0.19366941192481907
microstructure_07404.npy,2680209474.593571,0.18713971463889673
microstructure_01546.npy,3623950512.285481,0.17707716046001115
microstructure_04757.npy,3510869481.6606965,0.18834793471078795
microstructure_03668.npy,2369906852.800919,0.17118701660886018
microstructure_02508.npy,1606419868.3893359,0.1817500061937446
microstructure_01250.npy,2869492888.0255294,0.17813450800113556
microstructure_02277.npy,4396892729.195067,0.17983991743080913
microstructure_05477.npy,2095032431.4586215,0.19147454002111997
microstructure_03664.npy,1715316974.000201,0.18509190821124177
microstructure_08971.npy,1956041271.5109835,0.2059436957137749
microstructure_03365.npy,1787420972.4666276,0.1881781853126955
microstructure_00685.npy,4771194658.591086,0.17985770809018786
microstructure_08216.npy,4839259347.573064,0.18109523333384858
microstructure_00895.npy,1794137477.2054725,0.1859061814642167
microstructure_07031.npy,2479758346.355636,0.19557771176700636
microstructure_00696.npy,1234470192.3641365,0.20161258060877243
microstructure_02819.npy,3892083401.189216,0.1893103851579932
microstructure_05399.npy,2883397700.6317782,0.17737721017124222
microstructure_00033.npy,3039689022.9645166,0.18315573316168438
microstructure_04976.npy,3841415990.3625655,0.17216459225744937
microstructure_02224.npy,3712160266.7917447,0.1774198920649252
microstructure_07090.npy,1371806291.4030674,0.20610897186495686
microstructure_07239.npy,2559081826.330322,0.19140583693232985
microstructure_03074.npy,4154849832.6735168,0.1866946069086279
microstructure_09716.npy,3330728729.491049,0.18070867180692962
microstructure_04199.npy,3857376409.5877924,0.18268873885699516
microstructure_09103.npy,1735333560.502514,0.1917790104793054
microstructure_05284.npy,3964263615.7469244,0.18437053156249983
microstructure_07865.npy,1536394366.3842206,0.18525560538188537
microstructure_08545.npy,3466584184.9816465,0.18280040632262534
microstructure_07324.npy,4204956242.5618596,0.16848878630887137
microstructure_08353.npy,2072022292.8991177,0.2041079500611491
microstructure_02954.npy,3921628480.039959,0.1717915828479001
microstructure_00719.npy,3633119454.379983,0.17276129880474883
microstructure_04761.npy,4223656375.696389,0.17060936276463595
microstructure_06376.npy,1422348934.524128,0.21144453343867436
microstructure_09964.npy,1455620247.2417471,0.19380976119265092
microstructure_05052.npy,1841490560.282183,0.19838128586945
microstructure_04927.npy,3273840677.0920935,0.18606428562890123
microstructure_01734.npy,1362444802.3550205,0.19401753345360184
microstructure_02084.npy,1754694968.6119409,0.18875363833813008
microstructure_00345.npy,1444482253.5096617,0.19943146152291585
microstructure_02923.npy,1569509384.789982,0.1929898372119121
microstructure_04523.npy,1200453161.8316615,0.19878477638691386
microstructure_04880.npy,3027141908.006327,0.18597526744363455
microstructure_05387.npy,4028279204.3943505,0.17265952004872034
microstructure_07274.npy,1516939411.1926792,0.19259079033618684
microstructure_09398.npy,4351616853.927226,0.17829842172959356
microstructure_09708.npy,2030092102.6061773,0.18909080360564626
microstructure_02522.npy,1442316274.6452851,0.18682109063471025
microstructure_06085.npy,3268179975.2482786,0.1863598317518368
microstructure_08227.npy,1406501368.640129,0.1974787306021334
microstructure_00650.npy,3829371879.292337,0.18604110905774415
microstructure_01442.npy,4240197681.841189,0.17649269389178074
microstructure_02349.npy,4047974084.6201725,0.17808799441336629
microstructure_05792.npy,1306581332.61404,0.2048957129494332
microstructure_03614.npy,1604869606.3062544,0.19377833068024894
microstructure_08495.npy,2174854223.2035885,0.19659815102692613
microstructure_08118.npy,3080953016.10545,0.17826845820095633
microstructure_04600.npy,2061040608.2166982,0.17029200471073708
microstructure_02877.npy,3827868670.1285458,0.18258138047146305
microstructure_05594.npy,1607723727.5742826,0.19562300890778447
microstructure_01750.npy,1218411628.7209263,0.20099128941672975
microstructure_01440.npy,3194523376.533791,0.1885644701971346
microstructure_06246.npy,2155213565.8577456,0.1841322112681588
microstructure_04367.npy,4344969055.473744,0.1810505328942769
microstructure_03447.npy,3442355165.5269656,0.1784384988955863
microstructure_02217.npy,1667519328.0648503,0.1825988344875332
microstructure_07532.npy,2125411060.0877728,0.2038221076015825
microstructure_05061.npy,3787795447.4910483,0.17855494397655586
microstructure_01115.npy,3994403918.765937,0.17849376206864412
microstructure_00965.npy,3123769042.6946425,0.18727504567145714
microstructure_07081.npy,3635917566.418283,0.1718894522188381
microstructure_00660.npy,4901705598.898267,0.17428474184241102
microstructure_02801.npy,3318342640.564286,0.18850344127501062
microstructure_04193.npy,1662030979.0044212,0.17204629553910322
microstructure_01112.npy,2685993362.387374,0.18756930378756087
microstructure_05282.npy,1879121772.7483842,0.18921558756347032
microstructure_07840.npy,3784550207.6635723,0.17391311750843347
microstructure_06446.npy,2929679671.504012,0.17651984592238235
microstructure_04646.npy,2545672262.21444,0.17850458106237335
microstructure_00726.npy,4141981371.5078554,0.1880219871319671
microstructure_02402.npy,2090117131.2097828,0.19182653269640973
microstructure_07987.npy,4892650006.590969,0.18259631760646466
microstructure_05065.npy,4421439036.098943,0.1869233169600338
microstructure_04096.npy,4248491529.323097,0.1828977919507519
microstructure_03553.npy,1973878846.5364206,0.19606549889307742
microstructure_07222.npy,1747841942.2398074,0.19303876603323053
microstructure_05558.npy,1837226131.0244641,0.17087514296670475
microstructure_01755.npy,1842770259.2210333,0.2044936004353858
microstructure_03751.npy,2769928791.502846,0.19566281728790239
microstructure_01693.npy,1320698738.7903414,0.19743208037483206
microstructure_03243.npy,1199989592.8719244,0.20133301498782705
microstructure_05412.npy,1379142756.322846,0.19987020498864175
microstructure_08843.npy,3749768163.586917,0.1789587275588409
microstructure_06950.npy,1529098751.932489,0.2031566030813598
microstructure_02208.npy,3400746240.19799,0.1698916469013918
microstructure_05914.npy,2527533803.696984,0.18970835719171739
microstructure_01149.npy,3751559281.1321187,0.18578520043169147
microstructure_06871.npy,3910370378.1595035,0.1821892182121755
microstructure_06981.npy,2466646990.069277,0.193576030459185
microstructure_00355.npy,3465123773.7501545,0.18089405400810007
microstructure_00487.npy,2006426661.9196181,0.20256860702046625
microstructure_01921.npy,3779260869.9446044,0.17746429087546944
microstructure_05247.npy,3584651603.2736287,0.1759828973749429
microstructure_03260.npy,1854797458.1112757,0.19476755834176088
microstructure_01396.npy,3515082639.851267,0.1821128988733836
microstructure_06262.npy,1512649901.076494,0.18760772931074604
microstructure_05113.npy,4380555835.03222,0.18371433207809656
microstructure_06713.npy,2103731432.8129406,0.1925134668090777
microstructure_06497.npy,3581521058.491193,0.17081518144300725
microstructure_06406.npy,2494479169.278999,0.18841051623029342
microstructure_03184.npy,2904040538.875986,0.17841308608537862
microstructure_07373.npy,3114644605.0630236,0.17850343198153573
microstructure_02734.npy,3546518197.5022054,0.2001680871809567
microstructure_01539.npy,1328442498.363211,0.2028834157715219
microstructure_06336.npy,3426325177.469412,0.18845006180181742
microstructure_09063.npy,1419841674.9009168,0.19754720623695793
microstructure_08268.npy,2448331395.5537605,0.19648529301775408
microstructure_08543.npy,1646366287.1201665,0.1888500485220561
microstructure_06381.npy,3802594286.012296,0.1772959883163541
microstructure_04703.npy,2032725208.2976964,0.19562645246330504
microstructure_06281.npy,2373146965.514872,0.18869123395582396
microstructure_07008.npy,1246439873.441665,0.20173533592645188
microstructure_05173.npy,1588966780.0609417,0.19954557143878912
microstructure_08555.npy,3741247353.594822,0.17198148378720424
microstructure_08278.npy,3763643786.154149,0.1777608264207026
microstructure_01911.npy,1549845336.2257864,0.20069726377121783
microstructure_07153.npy,2623136288.4609957,0.19637102858372832
microstructure_03665.npy,3874313750.4494,0.17646000890503108
microstructure_09275.npy,3950298438.4939203,0.18980340393783507
microstructure_07054.npy,2099766239.7538207,0.19047456063131024
microstructure_02484.npy,2239600472.4924703,0.19895453762708087
microstructure_01975.npy,1896439615.982925,0.19401735031614473
microstructure_00294.npy,3931270484.5274777,0.18297777888291175
microstructure_05283.npy,1515220275.515978,0.19383236900585676
microstructure_02186.npy,3915967342.758923,0.19589442396777698
microstructure_05535.npy,3958458584.5238814,0.1811359738695186
microstructure_01366.npy,3532998945.146405,0.17710566118269105
microstructure_05899.npy,1846230018.6027396,0.17565350545937547
microstructure_09259.npy,1896540452.1050377,0.18956957435895683
microstructure_05779.npy,3713961859.68496,0.17600519997472117
microstructure_02067.npy,1466609629.3701243,0.19088752574729242
microstructure_04936.npy,1311546046.5309682,0.20311521292750848
microstructure_07534.npy,3572235352.9742513,0.18248616607962195
microstructure_03937.npy,2089147605.2028196,0.1994163065845019
microstructure_04059.npy,2567480871.762726,0.1753503331697462
microstructure_07348.npy,1354582457.6056361,0.20670428291551268
microstructure_07072.npy,4083626197.4505877,0.17694318086475846
microstructure_08883.npy,2327032455.7698784,0.18818445918750132
microstructure_03833.npy,1308110716.4526703,0.2053440811401747
microstructure_06037.npy,3665873960.3165274,0.17524685764006115
microstructure_02750.npy,1380432386.6137192,0.19696682635384993
microstructure_03631.npy,1756359985.0127156,0.20336150236748712
microstructure_01925.npy,1575880760.7454567,0.19972635857107351
microstructure_09069.npy,1243479261.9375477,0.19883407185235083
microstructure_07744.npy,3814941238.740119,0.17916600332327245
microstructure_09908.npy,3553235977.424826,0.18403008152046202
microstructure_05518.npy,1802717839.1979318,0.1848462979817927
microstructure_02693.npy,3517013108.3608394,0.18011968541144202
microstructure_09511.npy,2223943037.744308,0.18895930897975283
microstructure_06069.npy,3562727393.812663,0.1842081130598999
microstructure_04069.npy,4599797687.825671,0.18190903752209553
microstructure_03079.npy,2952695881.8139353,0.18946258243717687
microstructure_04598.npy,1759631278.3560834,0.1886296290616576
microstructure_07620.npy,4068948247.969573,0.17075427298624243
microstructure_09273.npy,1264960763.8214478,0.19779735769808393
microstructure_07740.npy,4196762890.4083743,0.17452724107367137
microstructure_04167.npy,3622762145.3524585,0.1795559580504028
microstructure_08705.npy,3849682186.8025045,0.18495849619412116
microstructure_07080.npy,2446647658.987978,0.19004422698609708
microstructure_04030.npy,4340257553.112796,0.18060929470372108
microstructure_04873.npy,2859695887.3727455,0.18653336969609768
microstructure_06876.npy,1402479788.714528,0.2022104511622835
microstructure_06821.npy,1452794531.0804977,0.20064218541491988
microstructure_08969.npy,2113774360.036876,0.19508215478916632
microstructure_08159.npy,3603484644.3182697,0.15389172147281263
microstructure_05562.npy,1686049944.9964306,0.1898176149789487
microstructure_08432.npy,3950256218.0904837,0.18946007902209352
microstructure_09772.npy,1627242470.2329953,0.20428402480757205
microstructure_07163.npy,3479819920.143252,0.18630389712912584
microstructure_01508.npy,2225855320.639202,0.18755766588670247
microstructure_01962.npy,2574502514.987345,0.1887434482518326
microstructure_00988.npy,3333166976.7585983,0.17787180594168767
microstructure_02753.npy,3743674329.071134,0.18045287858741987
microstructure_08932.npy,3572023194.308283,0.18350707002208236
microstructure_09704.npy,4149647268.8109107,0.1928893730623455
microstructure_02420.npy,1610375135.677895,0.19941664256353542
microstructure_01055.npy,1468133847.8027806,0.19904626042979448
microstructure_01073.npy,2809205312.278285,0.1852755281161168
microstructure_02921.npy,1889974034.3899062,0.18743508822500624
microstructure_00394.npy,1235737179.9318228,0.19925418378723905
microstructure_03932.npy,2835613394.846139,0.17923573316975966
microstructure_02818.npy,3967546320.1381364,0.17899034770306269
microstructure_00071.npy,1615286813.279948,0.1817109990068686
microstructure_07323.npy,1786311670.4098094,0.1831521840605657
microstructure_06044.npy,3520014564.7072396,0.17549370749593526
microstructure_04452.npy,1511608565.133853,0.2005641390270704
microstructure_07638.npy,1309252685.9105074,0.19234470088665295
microstructure_02501.npy,1405823504.1759174,0.204135799185546
microstructure_05494.npy,1836910715.72073,0.18114183139195653
microstructure_06176.npy,1777719378.230914,0.19836903062652855
microstructure_06440.npy,2726385752.534424,0.17046770186790333
microstructure_02698.npy,1756558530.8364263,0.198909897073613
microstructure_09307.npy,1378106030.1617892,0.19531902518694969
microstructure_02950.npy,1610885617.7496107,0.18405224620702268
microstructure_09095.npy,3813157014.7757225,0.17836549251266973
microstructure_05714.npy,4274510566.358093,0.1768704258724802
microstructure_09516.npy,3337530273.29843,0.18645573640824756
microstructure_06475.npy,4274547953.504077,0.17159362535978076
microstructure_03528.npy,1812930761.5836365,0.19215742219019719
microstructure_03952.npy,1834707050.4569814,0.17749045443811656
microstructure_06360.npy,3325286065.9987946,0.17600398788283003
microstructure_04771.npy,2255783886.914987,0.18909586384241775
microstructure_05521.npy,2948444734.1221094,0.1840257982196622
microstructure_06948.npy,4346516253.651129,0.1887944769269084
microstructure_04653.npy,1778930243.0848615,0.20235283946571922
microstructure_03149.npy,4683865147.927301,0.17525977751148086
microstructure_06053.npy,1588181753.2425635,0.1956727995439995
microstructure_08917.npy,1437286594.3601205,0.1814430448653218
microstructure_02165.npy,1190970742.7466009,0.20135377070393304
microstructure_06387.npy,1512924118.4094427,0.18778643700329486
microstructure_01906.npy,3709371430.8494987,0.17590032023490249
microstructure_09923.npy,2349172470.2254257,0.1939554499678713
microstructure_07248.npy,1394507663.6430986,0.19745746089894087
microstructure_01254.npy,3801578036.031521,0.17517797498641466
microstructure_06587.npy,2557857309.1410995,0.18630192010223356
microstructure_01028.npy,3187739630.7175016,0.185378364832282
microstructure_06362.npy,1431618139.2724357,0.20278800967233437
microstructure_08638.npy,3898635814.785204,0.1503093373293363
microstructure_02275.npy,3143913604.510539,0.1969380717268038
microstructure_00132.npy,1866880627.3660464,0.1944876208239133
microstructure_01024.npy,2757933571.928417,0.1765996576337907
microstructure_00677.npy,4020664376.078633,0.18612876669818296
microstructure_04649.npy,1920164134.4960623,0.1925647021371367
microstructure_01610.npy,3909486501.9869533,0.1774478847265524
microstructure_07310.npy,4744527455.784369,0.1917760640668733
microstructure_07712.npy,1406521431.5060709,0.20006940424158592
microstructure_03661.npy,1538381827.123947,0.2054195706950397
microstructure_01758.npy,2394634973.527592,0.18632773508552247
microstructure_09298.npy,4833600784.107812,0.17840070529091873
microstructure_02009.npy,4166100766.073375,0.18968813616323538
microstructure_08264.npy,1218700089.412932,0.19690342691033522
microstructure_07347.npy,2049111570.6547055,0.18355716563684285
microstructure_09224.npy,2866045989.162104,0.1960936221319338
microstructure_00119.npy,1445588285.4146342,0.20093650104091887
microstructure_05451.npy,3693770390.45295,0.17746554753712923
microstructure_02524.npy,1505826706.741191,0.19528836537078487
microstructure_04003.npy,2668626375.7912545,0.17833149588834246
microstructure_01295.npy,1688416894.2461426,0.19057206894255654
microstructure_03696.npy,2347837705.475474,0.16429333259216547
microstructure_07636.npy,1296721486.2514849,0.20193702818818712
microstructure_01060.npy,2211275154.349732,0.1860285549935753
microstructure_09101.npy,1735432324.6585276,0.19441243592858015
microstructure_05456.npy,1261521970.2032013,0.2019393049283847
microstructure_00614.npy,4201766674.195206,0.18111814714191482
microstructure_01943.npy,4225546080.601292,0.1786636900297556
microstructure_02294.npy,3661166148.0122643,0.1729597424330255
microstructure_05703.npy,4328438002.859475,0.1800471062389852
microstructure_01582.npy,1326987674.977312,0.2059362262444615
microstructure_00261.npy,4099174081.807812,0.17982865373880003
microstructure_08943.npy,1737267942.372808,0.18034106900044328
microstructure_05324.npy,1576407925.092515,0.19181586890402857
microstructure_05530.npy,1368331965.298985,0.20077734570254926
microstructure_08682.npy,1667321355.4440584,0.19493836817784696
microstructure_00012.npy,2188194711.062324,0.17844460220165972
microstructure_02862.npy,3480410763.674167,0.17670232327871604
microstructure_07892.npy,1355553684.4047766,0.19886425497875643
microstructure_01444.npy,3032960009.9622736,0.18195635257109455
microstructure_02650.npy,4644471555.875316,0.17909997460351904
microstructure_09097.npy,4387857192.276269,0.1678675024195785
microstructure_03559.npy,4253068930.5629015,0.18441662306028267
microstructure_01642.npy,2208462758.3005576,0.16986759650375408
microstructure_05168.npy,1335900981.3139646,0.19150770634175648
microstructure_00492.npy,1390944521.8903763,0.20416155973008374
microstructure_05711.npy,1801277402.6908562,0.19304146936418953
microstructure_01689.npy,1209062917.7704911,0.1961038897558267
microstructure_05467.npy,3382079282.037696,0.17639910485981836
microstructure_04491.npy,3009684158.25537,0.18003031126923508
microstructure_04115.npy,2393559294.88588,0.18703353260787772
microstructure_01559.npy,1825009966.8879783,0.192340075514704
microstructure_09086.npy,2282032948.084628,0.1840825053920181
microstructure_03662.npy,3813390229.2072244,0.17671443267140574
microstructure_00318.npy,3373289189.7914305,0.18647427568376362
microstructure_06770.npy,1720795650.9280672,0.18472752983490803
microstructure_04711.npy,2060812179.9761395,0.18931118354680562
microstructure_06128.npy,2296736325.6499753,0.18985412594761794
microstructure_05193.npy,2745939440.9413166,0.18350584384044527
microstructure_06138.npy,4113828626.7744493,0.17084665572962662
microstructure_05063.npy,3972357812.3401403,0.1760461386114765
microstructure_08764.npy,4296562524.128652,0.1820341102555444
microstructure_08608.npy,1530301929.3279727,0.20102029598160126
microstructure_08854.npy,4426045534.361568,0.17822354859795592
microstructure_00946.npy,3246572718.664523,0.18821320148515244
microstructure_00445.npy,1905290181.3407252,0.18830105337168188
microstructure_09943.npy,4263820927.987702,0.17434053859559082
microstructure_00245.npy,4645923979.34546,0.18345135431231696
microstructure_04439.npy,1862062308.463805,0.20760611121349348
microstructure_02183.npy,1602145818.1238027,0.1866895326267971
microstructure_03637.npy,3555545825.818682,0.17266961267458783
microstructure_00852.npy,2434026609.808138,0.18807631912875364
microstructure_03458.npy,1766869182.562984,0.16472881303511597
microstructure_07929.npy,3466382635.927503,0.17781392883389013
microstructure_00124.npy,3656168742.9067826,0.18991085654814546
microstructure_09862.npy,2660038416.5760083,0.19122054355938514
microstructure_08335.npy,1907307012.319743,0.18582525780240713
microstructure_05287.npy,1551024769.3275461,0.20256725007147777
microstructure_06042.npy,2136420370.7675772,0.18701419862250904
microstructure_03070.npy,2010952174.8783858,0.20814797156621065
microstructure_03783.npy,2821999397.9090185,0.18822173927147998
microstructure_02711.npy,1581065972.0706382,0.20202292533732316
microstructure_05504.npy,1868548243.1258464,0.18728033073470896
microstructure_01563.npy,2163429930.6948833,0.1966631227263605
microstructure_04935.npy,3502909880.8739886,0.17741657690708432
microstructure_02927.npy,2411455154.056728,0.18339553429105468
microstructure_05867.npy,1197472628.9645495,0.199485746300305
microstructure_08642.npy,1208948061.1052477,0.19910521635602588
microstructure_07689.npy,3136653975.554178,0.1772210852318323
microstructure_02971.npy,3688600692.3583922,0.18670619309579745
microstructure_05932.npy,1193375151.9620636,0.2033083272427189
microstructure_05778.npy,3010305943.235302,0.18799369474656866
microstructure_01307.npy,1381836552.4209487,0.1908589802361659
microstructure_03635.npy,1556902432.1236143,0.1910135350461348
microstructure_00410.npy,3448966471.1427374,0.18247883865135367
microstructure_06978.npy,2182150131.8000875,0.1969849476103793
microstructure_00679.npy,3561169478.6145754,0.17167218506262924
microstructure_06810.npy,1321560647.7182217,0.19494015244222107
microstructure_09194.npy,1597792343.2441547,0.18799095190595086
microstructure_03523.npy,4601224855.613567,0.18633304701704598
microstructure_04603.npy,1723318882.489987,0.20133014092901963
microstructure_02010.npy,4572398438.171674,0.18689631916244712
microstructure_08948.npy,4690517618.51946,0.17885312186976757
microstructure_05722.npy,1645408595.9932084,0.18733510417776514
microstructure_06301.npy,3193912605.649191,0.18462577650916887
microstructure_03832.npy,2059526431.8671834,0.1969904608462308
microstructure_06353.npy,3148993015.5504427,0.1796180733959416
microstructure_07672.npy,1964224686.1855285,0.2016336626356325
microstructure_01536.npy,1443899573.744017,0.19377572797228984
microstructure_06972.npy,1448079970.38182,0.18832610652207749
microstructure_00032.npy,2134696166.773916,0.17800589377257253
microstructure_09016.npy,1194924011.605996,0.20103828412599078
microstructure_08527.npy,3893815355.7322416,0.1895693991410935
microstructure_00413.npy,4238577924.396307,0.1799244940891773
microstructure_06240.npy,1305211635.1356037,0.19975424680490547
microstructure_05340.npy,2788766094.4217677,0.176805209365292
microstructure_08189.npy,1471806133.3821833,0.20476650553166742
microstructure_05629.npy,3347780550.5892453,0.16839842064358834
microstructure_08645.npy,3666544395.0340075,0.16925917043966762
microstructure_08358.npy,2448081996.3547893,0.19338992507143393
microstructure_04812.npy,1323704154.2779975,0.20411310689571463
microstructure_08685.npy,4026245412.996787,0.17410127053937394
microstructure_09055.npy,1201254470.3781724,0.19532103190400602
microstructure_00632.npy,4443329952.794528,0.19121981850533395
microstructure_07116.npy,3224104652.7284293,0.18476602162094738
microstructure_09257.npy,2163709969.149711,0.19092283120778336
microstructure_00856.npy,3147304843.4623013,0.17810398466423089
microstructure_09730.npy,1945979525.8340175,0.18637066878999825
microstructure_02496.npy,4072403604.4582872,0.1823530817815802
microstructure_08667.npy,1481764152.4173334,0.19405661128298876
microstructure_06245.npy,2699101149.2750955,0.1773929625317046
microstructure_07827.npy,1484873378.0681558,0.19496238564950535
microstructure_06883.npy,1869450072.5897973,0.19575035425053203
microstructure_00057.npy,4287199537.456836,0.18024137505550278
microstructure_06549.npy,3277306528.152572,0.183968529574226
microstructure_00244.npy,4481089440.247141,0.1721267857391507
microstructure_01579.npy,1284577429.7828333,0.19893751502097454
microstructure_02358.npy,1362455857.2644956,0.20108771166583814
microstructure_00480.npy,3321089866.560364,0.17869189748293468
microstructure_08170.npy,1543731936.4914248,0.1928748007166377
microstructure_03541.npy,1781740711.8889167,0.1930639199931458
microstructure_07940.npy,3936446726.855247,0.18426001377160478
microstructure_08364.npy,1389940716.9567957,0.20134469770306127
microstructure_02297.npy,1904642501.1411986,0.1916753375917854
microstructure_08967.npy,2322662399.7678056,0.1895853661565666
microstructure_03532.npy,2021969773.3247383,0.18567294692391234
microstructure_07522.npy,3754857324.2494783,0.19737534936360696
microstructure_01410.npy,2210223527.7174606,0.1773094616624248
microstructure_02377.npy,4494991675.421713,0.17990059966794883
microstructure_01177.npy,1852107456.8865137,0.19913079734660968
microstructure_01110.npy,4354473975.8366785,0.18432241805161925
microstructure_02464.npy,1730637751.2484636,0.18936716920090174
microstructure_06674.npy,1413665572.8582041,0.18679485048422317
microstructure_03822.npy,2024498204.7296808,0.18978595691924138
microstructure_07062.npy,3750688228.570018,0.18536309900220735
microstructure_05419.npy,1791838722.3436656,0.20624683288989856
microstructure_03600.npy,1384084587.9371955,0.1906115944083947
microstructure_05801.npy,2911257475.8309803,0.18445695410366514
microstructure_01937.npy,2082353465.4368682,0.19626848098148372
microstructure_03110.npy,3510215467.909308,0.1704235295295083
microstructure_00794.npy,4261991230.898878,0.16970174897463247
microstructure_04527.npy,4245417546.9655647,0.169413114672879
microstructure_00114.npy,1538312115.1080334,0.19675465804530173
microstructure_05812.npy,2105206426.2599416,0.17516304095127486
microstructure_09474.npy,2132390702.155385,0.18616866217203265
microstructure_07516.npy,1927193098.5559042,0.19608685999090422
microstructure_09992.npy,1181343721.2800915,0.19961063865536824
microstructure_06957.npy,3594988232.3398294,0.18346338505047555
microstructure_03733.npy,1949616509.7255993,0.19643557695615288
microstructure_09241.npy,1583199384.5828938,0.20495964101704595
microstructure_03502.npy,3893086640.1979957,0.17668614321739953
microstructure_04285.npy,2338921660.1191845,0.18079757891885673
microstructure_09211.npy,1673322771.8397212,0.20329789193966982
microstructure_07096.npy,2563615100.968138,0.18834886730918032
microstructure_03279.npy,1404077299.05956,0.19989002618910953
microstructure_04396.npy,2242719028.7610188,0.18989443350336146
microstructure_08142.npy,4382457889.456795,0.17784610872700413
microstructure_06820.npy,2880556365.086123,0.18409605561450493
microstructure_01450.npy,3178860907.060199,0.1773373996575539
microstructure_03791.npy,3276017796.027969,0.1775411737234461
microstructure_05901.npy,1441673575.6774592,0.19756849689698563
microstructure_02448.npy,1405633336.4523282,0.19704456179509994
microstructure_03768.npy,1582934300.4038599,0.201231600897985
microstructure_00607.npy,1267176083.8014739,0.19985586033215758
microstructure_08650.npy,3656208190.8070807,0.18337389029223852
microstructure_05360.npy,4205056785.51806,0.1873770471759347
microstructure_09028.npy,1342817690.9886334,0.2021871837293699
microstructure_06001.npy,3372157332.466074,0.172986080019929
microstructure_04658.npy,2504525528.6292057,0.18227053630154874
microstructure_01513.npy,1375545461.9549189,0.19565303125909053
microstructure_06460.npy,1632332016.7392936,0.19448473576630215
microstructure_05304.npy,1672772646.6376634,0.19621632345029022
microstructure_00107.npy,4369653819.871389,0.1740640564709055
microstructure_02190.npy,4372429930.413938,0.17825052841249048
microstructure_09624.npy,2015370189.3194127,0.19379339153131966
microstructure_08594.npy,1907031546.7471273,0.1984028805622163
microstructure_08861.npy,2143133801.2165315,0.1826814006700574
microstructure_01955.npy,3674974653.880009,0.18676870803634993
microstructure_07260.npy,3066394192.288576,0.18829603515349738
microstructure_03382.npy,1699019619.0239184,0.20489009683882492
microstructure_02640.npy,4081466878.289507,0.17630621506526722
microstructure_05183.npy,2816165465.2856574,0.16681813710597793
microstructure_08772.npy,4547277326.291817,0.1771529043344754
microstructure_02648.npy,1241767910.0366364,0.19565253420057857
microstructure_09011.npy,4310425031.288899,0.17912081889915185
microstructure_07142.npy,1792355587.5529025,0.19483589149825611
microstructure_08251.npy,1253849838.7677557,0.20168658490223085
microstructure_07626.npy,3995731204.1915827,0.17115871413467368
microstructure_02472.npy,3605368506.8434887,0.1807215598666593
microstructure_07595.npy,2930394232.655863,0.17040648807914358
microstructure_09806.npy,2891564498.2672696,0.1877979181973375
microstructure_04718.npy,3985386616.7070823,0.1832399853844258
microstructure_05691.npy,2321135769.1596665,0.1997015216932529
microstructure_03116.npy,4663734368.919538,0.18324215207124
microstructure_08572.npy,3100324361.9330335,0.17948177986005698
microstructure_08038.npy,1879281542.2047815,0.19289805085808628
microstructure_07359.npy,3673364987.6533923,0.18914543804679612
microstructure_04078.npy,3452122311.5362525,0.17182265072384909
microstructure_01912.npy,1958514383.1692827,0.18497273054851332
microstructure_01077.npy,3749352836.4430456,0.17795647758902866
microstructure_07374.npy,1508236006.9852486,0.2050332611505919
microstructure_01043.npy,1216956700.1404667,0.1977269189899239
microstructure_03440.npy,1224064846.7158098,0.19897922432941637
microstructure_04235.npy,1754689147.282853,0.18424430473374442
microstructure_08469.npy,2886752079.152636,0.18347216899025523
microstructure_00304.npy,3211956850.9368706,0.18869155640218988
microstructure_07771.npy,2953780376.3401413,0.17739593488605748
microstructure_02844.npy,3370513201.206725,0.185163429336657
microstructure_05056.npy,1193365917.0372221,0.20137547177529935
microstructure_05619.npy,2564086606.52019,0.18633988374528593
microstructure_08711.npy,3267446738.0284686,0.1709802361341088
microstructure_08919.npy,1780506545.985207,0.1921472180265459
microstructure_08020.npy,3643729761.7902894,0.1789995190135546
microstructure_06772.npy,3425623141.8193903,0.1812952926792593
microstructure_05755.npy,1542166818.314421,0.19179314320375615
microstructure_02966.npy,2624697161.0829873,0.1780537463479808
microstructure_00162.npy,2337832279.120903,0.19437115474893976
microstructure_05580.npy,1469234360.8332262,0.19803397013000792
microstructure_09741.npy,1876625835.3121717,0.19003009927129302
microstructure_09664.npy,1581430618.8881068,0.20408853281647094
microstructure_02667.npy,1187953371.9628382,0.20050496672368448
microstructure_07910.npy,3899118024.398577,0.18471710199992972
microstructure_01590.npy,3609167363.8210135,0.16963706964365552
microstructure_09960.npy,2123907492.9655201,0.1865098523563043
microstructure_04324.npy,4157976181.7889123,0.18312434787076368
microstructure_02598.npy,2012336071.2569463,0.1957136438793562
microstructure_05423.npy,2325206379.5246615,0.19157822102389213
microstructure_07338.npy,1583969896.8948202,0.19856942343392348
microstructure_07848.npy,1237261631.310153,0.19837935945418056
microstructure_04850.npy,2117364894.0009313,0.18735123794132527
microstructure_01352.npy,2012641746.1436527,0.20430769904384932
microstructure_07278.npy,2428033100.623118,0.1943533970018372
microstructure_02143.npy,1841334068.9121218,0.18300052393400637
microstructure_02126.npy,1413942402.5829606,0.1879791239651531
microstructure_05908.npy,2646633897.9454007,0.18183557942369635
microstructure_05737.npy,3140511650.7218413,0.18023568688651892
microstructure_05564.npy,2011328970.9532037,0.1885745140462215
microstructure_08779.npy,2726988250.407848,0.1853301646255622
microstructure_02469.npy,3650945351.495549,0.1859065996382141
microstructure_06422.npy,2222542813.325715,0.1908512915784644
microstructure_01860.npy,1406762450.6850767,0.20295076331951556
microstructure_06550.npy,2037948077.3455713,0.18374230694196822
microstructure_09084.npy,4268886048.673157,0.18080342535807398
microstructure_04410.npy,1483697228.3524635,0.19749131737917391
microstructure_01646.npy,3909795838.025675,0.18547121403336012
microstructure_02674.npy,1291563326.4226427,0.19730258286178656
microstructure_01660.npy,3995912177.790651,0.17992967384849212
microstructure_08677.npy,1223971769.1687942,0.19869544795523356
microstructure_00439.npy,2615411594.9813313,0.18580434660134992
microstructure_00864.npy,2427145087.2856455,0.1882460477809692
microstructure_07093.npy,2634607387.4666142,0.17386290717104202
microstructure_02802.npy,1711770473.9482257,0.19844114439551083
microstructure_08242.npy,1829317718.706638,0.20163888795710325
microstructure_05903.npy,4630598127.173834,0.18490343959719918
microstructure_08124.npy,3963913689.2308307,0.17775288258736316
microstructure_00966.npy,2214393291.7814336,0.19220832842218422
microstructure_00423.npy,2282527131.46998,0.18537616087845646
microstructure_07419.npy,3220976229.9352403,0.18655915971722456
microstructure_02200.npy,3305586914.8485765,0.17728166775561574
microstructure_08970.npy,2338204248.0911875,0.19459825918426799
microstructure_00363.npy,3004818182.5308623,0.18713627992772777
microstructure_03916.npy,4618944808.772092,0.1801383831211037
microstructure_08398.npy,1377069266.520028,0.20834030223112068
microstructure_09942.npy,3895983425.065195,0.17052563068962182
microstructure_03701.npy,1432084531.4436636,0.19866006572972345
microstructure_04554.npy,1596999265.554206,0.19709728345183478
microstructure_04497.npy,1530423487.6616867,0.19275543732444114
microstructure_06938.npy,4101114074.6937094,0.1753585078862929
microstructure_03509.npy,1257580150.1194563,0.19782145048923183
microstructure_06050.npy,4101446609.923334,0.16843662562943293
microstructure_08989.npy,3997736776.310268,0.1786023348969642
microstructure_04625.npy,1349858605.3102083,0.19999850957838394
microstructure_02909.npy,1335811527.1803813,0.20823252921540475
microstructure_06831.npy,2127686250.083994,0.2022852215614346
microstructure_03640.npy,3521275894.5622096,0.17955849161295373
microstructure_07802.npy,4882931753.676596,0.17002933771800294
microstructure_07127.npy,1219500524.1455154,0.19852198846626196
microstructure_07546.npy,3658519853.8925776,0.18026534477412592
microstructure_05171.npy,4825688503.051535,0.1787996068983841
microstructure_00695.npy,2734007169.0201516,0.18440559237643322
microstructure_07307.npy,1418468853.4714468,0.20489618856314237
microstructure_07204.npy,1185016711.6229756,0.20223015630497335
microstructure_09918.npy,3576673825.822663,0.18099879271576566
microstructure_05003.npy,4152705303.631559,0.17328804599130035
microstructure_06874.npy,1778729037.4936135,0.20170002737539153
microstructure_07850.npy,1681889135.9941597,0.19635610484755264
microstructure_02876.npy,1878630785.9986322,0.1941915944834586
microstructure_03375.npy,2442550378.196313,0.1873063848877713
microstructure_05267.npy,1180873559.7389233,0.2008493460570726
microstructure_05697.npy,4275669522.1351204,0.17924372673870298
microstructure_03786.npy,1892956326.9245172,0.19204754038731148
microstructure_04697.npy,3912108322.4185443,0.18726665918170338
microstructure_03067.npy,1428613421.0723598,0.19968302146046918
microstructure_00232.npy,1407108881.1356037,0.19921983010265748
microstructure_05906.npy,1403383111.194607,0.20095364141585093
microstructure_05993.npy,1382610459.8443077,0.20205125125008447
microstructure_06148.npy,1527265176.1691895,0.19450779611291935
microstructure_03449.npy,2932710415.5080857,0.1806482250987414
microstructure_05831.npy,3568547264.711383,0.18362700017248407
microstructure_07201.npy,1355931109.07596,0.1966896221872718
microstructure_02905.npy,4040763001.9631906,0.16857676912444475
microstructure_04026.npy,2099542638.50734,0.1894200147727576
microstructure_05122.npy,3546979922.572107,0.18381283309549004
microstructure_07790.npy,4598334704.099086,0.18056223704665642
microstructure_01336.npy,1357200986.9827354,0.1948667021217267
microstructure_00247.npy,2677968456.2573075,0.18865979068392139
microstructure_03773.npy,2650049259.6818323,0.1898363766240163
microstructure_01743.npy,3186595199.5299764,0.18123819373715114
microstructure_01578.npy,4369812593.367704,0.17469663091419294
microstructure_09203.npy,1669661520.1048994,0.193405597210598
microstructure_06365.npy,2514178489.5025535,0.1871257918860628
microstructure_03677.npy,3095422985.0232806,0.18323261118150247
microstructure_07140.npy,3743268581.3595695,0.16996299680775928
microstructure_08373.npy,2560997265.367662,0.1710466353036954
microstructure_09222.npy,1868845805.6272595,0.19390864503565292
microstructure_05684.npy,1232599700.7459214,0.20487224151497682
microstructure_02776.npy,3238568365.41102,0.17539646532666825
microstructure_03562.npy,2478103332.252497,0.16971883322953962
microstructure_02878.npy,2622563978.0705814,0.18225041925633856
microstructure_01988.npy,1165143074.5167434,0.20071161333900628
microstructure_08136.npy,2413929684.2560363,0.16550992744008594
microstructure_00420.npy,2314936180.817805,0.18679565983435967
microstructure_04789.npy,4449725695.389922,0.16820558066340643
microstructure_02476.npy,1370227708.150961,0.18718147734295038
microstructure_05402.npy,2717660784.3695383,0.1912183901116358
microstructure_00589.npy,1417180279.8358157,0.20043053514762188
microstructure_00286.npy,4195016672.2789493,0.18254595042766059
microstructure_09439.npy,3929723443.75234,0.1869568356670426
microstructure_03918.npy,3682918284.0209765,0.18471211272647178
microstructure_09157.npy,3662410823.651748,0.1643512685519133
microstructure_02771.npy,3949233097.3640842,0.17368932610742968
microstructure_05190.npy,1934961492.2143784,0.1928408418172549
microstructure_09436.npy,1421477736.3769531,0.20145781645373484
microstructure_07617.npy,4343821499.439918,0.17688706388801376
microstructure_08785.npy,3152209996.9246955,0.18666526228958125
microstructure_08145.npy,3177112699.04813,0.19053982086275723
microstructure_09290.npy,4353613911.687614,0.17775995424526303
microstructure_03555.npy,2971752807.0303426,0.17563948718835085
microstructure_00654.npy,1257178970.3161955,0.20076690843340278
microstructure_02269.npy,2557999070.462251,0.18506316144028526
microstructure_08926.npy,3328359795.5026627,0.17646596546443963
microstructure_00462.npy,3640559075.436295,0.1840148506930372
microstructure_07531.npy,2643947266.5282083,0.1943676822298064
microstructure_06941.npy,1808252604.9375088,0.1958255563897479
microstructure_03225.npy,3458156558.243495,0.18245541350921862
microstructure_07862.npy,2013418136.3312201,0.19302962882614616
microstructure_03484.npy,2338448075.001128,0.1725674826024684
microstructure_02221.npy,2175732179.0556417,0.19514853461842993
microstructure_01920.npy,3938380427.4572005,0.18137093202354224
microstructure_00302.npy,4148458034.2114916,0.1794607735726704
microstructure_08761.npy,4114310963.8438716,0.1801039988829974
microstructure_07296.npy,1395948359.0374265,0.19831070314090185
microstructure_02281.npy,3849737779.066868,0.17557495502720866
microstructure_00446.npy,3543926237.6726913,0.1816614096252973
microstructure_06232.npy,4316533406.300211,0.18197345809185025
microstructure_00104.npy,4170129824.918951,0.1742768410725284
microstructure_02164.npy,4140971217.6812825,0.1711673285440995
microstructure_02302.npy,1995302559.8635812,0.18736812202417746
microstructure_09755.npy,1523053243.59703,0.1972063140690919
microstructure_09144.npy,4640906250.47666,0.19480603870713256
microstructure_06693.npy,4121474938.522224,0.169210779226465
microstructure_05073.npy,2004864124.1905901,0.18141156718758647
microstructure_02939.npy,1467958556.4994152,0.19172772854412745
microstructure_05107.npy,3444675681.4403353,0.19786282323034698
microstructure_02733.npy,4375358817.962335,0.1782801653102431
microstructure_06014.npy,2945732768.694536,0.18607982737335566
microstructure_02454.npy,1645541895.9082725,0.20250684424710202
microstructure_03756.npy,2921891255.3740697,0.18444073599040853
microstructure_01542.npy,2149830169.767012,0.1803208983666503
microstructure_07514.npy,2348053405.5378346,0.1859321326174879
microstructure_05936.npy,5187869267.575933,0.17389011692330994
microstructure_03945.npy,2552975384.193515,0.1788452288259464
microstructure_08990.npy,4667698234.15696,0.16800908169044382
microstructure_05596.npy,1899802497.5754995,0.18577420082089782
microstructure_02728.npy,1353641720.0859883,0.19107278160101515
microstructure_05271.npy,2580751997.2039347,0.1842966659832049
microstructure_00483.npy,2364907719.736918,0.19320531175396286
microstructure_08427.npy,1373985647.8377192,0.19951491071110208
microstructure_07020.npy,2361398745.5879946,0.17673266658794248
microstructure_08662.npy,3227350201.6797395,0.1912674515367085
microstructure_02198.npy,1476957672.8368473,0.1782427020581857
microstructure_03223.npy,1856413021.3799343,0.18466000593485113
microstructure_02325.npy,3290782277.171374,0.18176782082863496
microstructure_02758.npy,2208834975.930255,0.183624521094274
microstructure_00656.npy,2854570049.610797,0.19374700592039373
microstructure_03867.npy,4267415022.3103385,0.1775920302997329
microstructure_03847.npy,1509132060.03931,0.1826565193589879
microstructure_05826.npy,2123619730.4264724,0.18822456113777264
microstructure_01380.npy,1421824320.5940168,0.19044861850035705
microstructure_00235.npy,4133118671.020195,0.17087707656138748
microstructure_01732.npy,1284238294.6729207,0.19491267078102323
microstructure_07316.npy,4672357384.310944,0.17932168158113823
microstructure_07952.npy,1847708031.7479315,0.19565121691229417
microstructure_00676.npy,1830565574.799961,0.20199450521538156
microstructure_09779.npy,1807905756.3453348,0.1908047227247071
microstructure_06417.npy,2120015940.3397267,0.1726773261854005
microstructure_04999.npy,2722239176.797332,0.17613817570459497
microstructure_09131.npy,2193203749.4525995,0.19934527342201142
microstructure_08001.npy,2658071199.352038,0.18727264747881428
microstructure_01648.npy,3957322620.155098,0.17172056441325698
microstructure_03830.npy,4120541411.8448234,0.18559306196610395
microstructure_03529.npy,1705285770.5016108,0.18369323104321408
microstructure_09322.npy,1904794810.2488332,0.194984033457228
microstructure_05698.npy,3967022716.893829,0.18435534842499612
microstructure_07477.npy,3932895621.3198366,0.18163306624926803
microstructure_00684.npy,2222481941.1264324,0.17976433749536447
microstructure_07763.npy,2831528292.2955184,0.18000484632248043
microstructure_05853.npy,3904107995.052415,0.18464323834027146
microstructure_06528.npy,1699936327.3303292,0.19527939514744722
microstructure_00919.npy,1344768620.4438846,0.1932067768777591
microstructure_06967.npy,1910890398.2545102,0.1846746451042334
microstructure_09972.npy,1633782179.8981173,0.21100548744484937
microstructure_02837.npy,1387910960.593698,0.19808116067033515
microstructure_03094.npy,4160150102.5926504,0.18542872919579886
microstructure_09112.npy,3083634991.1124334,0.1889024097732983
microstructure_00561.npy,2408045517.4548197,0.1881305421192885
microstructure_07391.npy,2132082658.211327,0.1815059747567455
microstructure_07949.npy,1660845201.9186714,0.19448881626488815
microstructure_08133.npy,3817891420.52344,0.17472851257973926
microstructure_09825.npy,1299470755.092325,0.20099062872002854
microstructure_07511.npy,4183508654.713744,0.1727864166518314
microstructure_07277.npy,1330066042.1848037,0.20354195007792664
microstructure_04867.npy,2419604815.4673243,0.16570307579892912
microstructure_00773.npy,4409994859.225903,0.17804837723755065
microstructure_08475.npy,2451048110.513284,0.18710076380973517
microstructure_06608.npy,4518146485.176381,0.1701606418391985
microstructure_02636.npy,1433350765.667036,0.19676860942459934
microstructure_05942.npy,4244428324.566531,0.18319796986244208
microstructure_06101.npy,1929734888.9808934,0.18904905263869753
microstructure_03633.npy,3577798495.467748,0.17332202873843036
microstructure_00924.npy,3215162109.6575747,0.18505436100867245
microstructure_03425.npy,1577512767.738274,0.19849893354492507
microstructure_01386.npy,1676604921.8614836,0.19413817812716694
microstructure_01129.npy,1348150475.6011615,0.20046835969434834
microstructure_02249.npy,1528320738.1354575,0.20061503270923622
microstructure_06561.npy,3374777784.7725067,0.17615775865678612
microstructure_00511.npy,1250290693.478001,0.20054292706272467
microstructure_09384.npy,1195387086.0019002,0.20005996357787328
microstructure_04959.npy,2346897315.4652653,0.19793214296718528
microstructure_09136.npy,3240178699.1807346,0.18310580094428722
microstructure_00179.npy,1770363776.371557,0.19352998559525758
microstructure_06433.npy,2093059050.7561688,0.17931377605342966
microstructure_05782.npy,3608346886.948189,0.178674281774346
microstructure_06221.npy,2139038419.4382658,0.18639722220862404
microstructure_07069.npy,1507472268.6669328,0.1903317167142858
microstructure_08499.npy,1231491921.544871,0.19531197867497044
microstructure_01651.npy,1584230414.7633564,0.20552916367386584
microstructure_03158.npy,3804893546.0450478,0.18228406706144754
microstructure_09132.npy,4039978126.0466056,0.16796122137987093
microstructure_08032.npy,1668983560.2711911,0.1819131588482207
microstructure_08514.npy,1284923274.8568902,0.19745760941176732
microstructure_04797.npy,3395702766.939744,0.1811438847923906
microstructure_08729.npy,2911397781.0873094,0.18591997042122926
microstructure_07290.npy,3220901545.990704,0.16622641037940297
microstructure_05923.npy,3461553002.0095572,0.18004173439820548
microstructure_04363.npy,4758212275.717503,0.17801426580350221
microstructure_05929.npy,1492368906.1147141,0.19913521710459856
microstructure_04508.npy,1506392986.5138376,0.19541733353699667
microstructure_09775.npy,4424614332.338794,0.17998373466706055
microstructure_02239.npy,3886906563.5469737,0.18566444251946349
microstructure_02621.npy,2880501450.9826813,0.18123826063815737
microstructure_05537.npy,1616333700.6388972,0.19210663427342198
microstructure_05416.npy,2288895444.1407485,0.19630415924703382
microstructure_09719.npy,1998612028.4863017,0.19283488153192288
microstructure_09304.npy,3812756926.6297417,0.18043031474944654
microstructure_09783.npy,5348793916.520283,0.1864531903206278
microstructure_01160.npy,1630587034.5865953,0.19157579059998142
microstructure_07736.npy,1853467797.116263,0.19630737622253008
microstructure_06155.npy,2043827749.420369,0.18746762722585367
microstructure_09489.npy,2157969895.4487047,0.18096190297655348
microstructure_04260.npy,2065960440.2094903,0.1879358478842871
microstructure_06749.npy,4085997428.260335,0.17264482022069885
microstructure_09898.npy,1207295129.7541435,0.20428408804337786
microstructure_04287.npy,1922712671.3407826,0.1873722636627749
microstructure_03646.npy,3278233464.0484033,0.1755471436698019
microstructure_00956.npy,3665367105.7043195,0.17788497589863267
microstructure_09296.npy,2516186961.6212664,0.18144242931803428
microstructure_02176.npy,1662342337.1328359,0.1805979727032607
microstructure_09454.npy,1336444339.1878126,0.2029472293373455
microstructure_05648.npy,2615002470.896839,0.19794283319730652
microstructure_06905.npy,2228393905.7747607,0.19228038042736453
microstructure_06103.npy,1228181369.062633,0.2040409077371638
microstructure_02103.npy,3990626747.56133,0.18490780099879764
microstructure_06098.npy,3867733881.6392465,0.17467685836006255
microstructure_06620.npy,3164061809.632567,0.18200651673524149
microstructure_01662.npy,3805391635.7714896,0.1856003927389717
microstructure_07189.npy,4456234320.156709,0.1725913137804779
microstructure_07122.npy,1455225851.635372,0.1844663857268896
microstructure_07304.npy,2439121105.9233418,0.19162231848491232
microstructure_00340.npy,2856738597.4200697,0.18947488304959814
microstructure_04957.npy,1443580895.1282556,0.18429000174591473
microstructure_03906.npy,2238226584.4356184,0.18092757320099473
microstructure_03098.npy,4273594833.8098836,0.17546764160038422
microstructure_00337.npy,4563576235.449683,0.18625378520616878
microstructure_03455.npy,1321798333.0388832,0.2053125986878865
microstructure_09245.npy,2892862540.5219407,0.18265994749683456
microstructure_03114.npy,1639314076.4915078,0.2062493265630446
microstructure_08568.npy,1313607622.1977875,0.2010405804756977
microstructure_09929.npy,1200442976.736527,0.1994641297324969
microstructure_03650.npy,2835098963.142412,0.18550465978669803
microstructure_09629.npy,2604075424.4480224,0.17312659893828855
microstructure_00015.npy,1488914424.3319838,0.19356228843789353
microstructure_04242.npy,3382217026.05356,0.17349347405473936
microstructure_08385.npy,2396464365.112619,0.1852780994251327
microstructure_08148.npy,3022530225.8235235,0.20096922973368034
microstructure_08128.npy,4518062537.392329,0.17399572514231249
microstructure_03408.npy,1692696170.616905,0.18388999434192616
microstructure_07237.npy,3642560054.718906,0.1817165772205113
microstructure_00521.npy,1910447383.7854102,0.18924976696685
microstructure_06473.npy,3328932433.8383884,0.17361935004406784
microstructure_07110.npy,2239254031.665248,0.20045187876836676
microstructure_04528.npy,4209423764.733257,0.1774353500725291
microstructure_09927.npy,4782532844.411474,0.18333574780763873
microstructure_04729.npy,3764760385.6783156,0.18576536869547436
microstructure_06083.npy,1251618903.8167133,0.20171106606212505
microstructure_06539.npy,4750502599.66149,0.17259913079469003
microstructure_05877.npy,2381365804.480568,0.20021472017604636
microstructure_03208.npy,1487316353.3638806,0.19613064963247237
microstructure_08194.npy,3580541152.9786086,0.17894143847731872
microstructure_07193.npy,2641341106.43216,0.19568917875582897
microstructure_01965.npy,1425223632.394146,0.18470622420137067
microstructure_08235.npy,1316766560.913605,0.19675467815032088
microstructure_03844.npy,2308225514.8801007,0.18413731501034877
microstructure_09917.npy,1607028342.3347547,0.18193594354021447
microstructure_07890.npy,3754156423.583563,0.1718307122830679
microstructure_08808.npy,3900045981.8386593,0.18466977466868645
microstructure_06665.npy,3795651301.5867643,0.18769156867567888
microstructure_05086.npy,3435713308.7746954,0.2005424214416498
microstructure_06076.npy,1722227719.1799123,0.1995613554478091
microstructure_03153.npy,1536729599.3168304,0.20489147624347762
microstructure_06337.npy,3941073301.100423,0.17972397996349496
microstructure_08249.npy,1424467413.3223667,0.1979307040423578
microstructure_00714.npy,1246153541.6231651,0.2015579036180361
microstructure_00493.npy,4825015295.950985,0.18246669937434792
microstructure_05435.npy,2146571415.2711563,0.18638388804078268
microstructure_06789.npy,1924894105.4993777,0.18459997606842743
microstructure_06781.npy,1398910846.3160627,0.19577506184283475
microstructure_09978.npy,4163279264.8256893,0.17826279685021104
microstructure_03797.npy,1233948284.0926762,0.19934714151022123
microstructure_00447.npy,1669398188.8228886,0.1783726787393681
microstructure_06714.npy,3913831403.646714,0.1817229992203565
microstructure_08997.npy,3318486644.8094463,0.19746217472817515
microstructure_02098.npy,1911312634.7867613,0.1910208671744527
microstructure_06698.npy,1902567670.4590037,0.18191998841603405
microstructure_00844.npy,4124219929.9353,0.1769781584193584
microstructure_04948.npy,1312727920.4819572,0.19690303505923248
microstructure_05209.npy,4104967765.7594705,0.18114506294012017
microstructure_04735.npy,2690742144.8492565,0.18838919432306284
microstructure_04046.npy,3637668052.4173803,0.17310844107424495
microstructure_02577.npy,1999128488.0368714,0.19257736955019678
microstructure_03594.npy,3944891133.8163095,0.18699229352593588
microstructure_03009.npy,1415247733.7802339,0.19811622901019613
microstructure_08466.npy,1357139781.450704,0.19347227912847034
microstructure_08953.npy,2857182200.2568974,0.1857506771442261
microstructure_07297.npy,1549150934.4985769,0.1924613767825609
microstructure_02322.npy,3145787390.759488,0.1687911469335744
microstructure_05704.npy,2009058694.4952805,0.18939391968701294
microstructure_03471.npy,1439654649.048998,0.19472376217288162
microstructure_03798.npy,2797443173.4341207,0.18427993160467324
microstructure_07487.npy,3635315192.69339,0.18387154698897118
microstructure_03570.npy,2256830113.2196536,0.17592601428260535
microstructure_01699.npy,4924061925.874079,0.1641531478954232
microstructure_07719.npy,1379382050.8515558,0.2013439434484356
microstructure_03720.npy,2050943135.4745119,0.1875627861983043
microstructure_04257.npy,2156874021.901286,0.18797386739248798
microstructure_05791.npy,3744487811.896246,0.18882050408819534
microstructure_06016.npy,2820641091.9241676,0.18719215225566208
microstructure_09111.npy,3288243626.5615535,0.1785515962829055
microstructure_03348.npy,3928585670.140111,0.17439443196074267
microstructure_01639.npy,3404365356.4631195,0.18455585473412225
microstructure_06753.npy,3961812742.618219,0.17569340852239673
microstructure_00029.npy,1827211476.4320123,0.1953435663046343
microstructure_08727.npy,4681782637.266283,0.18142189882006823
microstructure_01858.npy,2878853611.3634195,0.17918673803711913
microstructure_02911.npy,3891247641.088843,0.18355879636683914
microstructure_01156.npy,1832093725.4982636,0.18835239738514048
microstructure_07947.npy,3194991224.213155,0.1854596199915734
microstructure_02073.npy,4429757920.254475,0.18274001621071068
microstructure_07991.npy,1528099286.8972173,0.19909613757642305
microstructure_00673.npy,4374115314.059027,0.1791103134697457
microstructure_00270.npy,2324115448.972292,0.17332668987013325
microstructure_05249.npy,2106533990.3421524,0.19403171882491901
microstructure_09006.npy,1900158627.1382632,0.18886067805455067
microstructure_07138.npy,1659356501.8781579,0.19376048438281818
microstructure_08107.npy,1457317408.161093,0.19273800031791152
microstructure_00241.npy,4406856051.236519,0.19019457189752795
microstructure_09691.npy,1351274365.0898895,0.20344815080212736
microstructure_01441.npy,4291145421.7070556,0.18311480296774166
microstructure_02754.npy,2425623901.473336,0.18340888521833207
microstructure_01016.npy,2442695107.3136344,0.1952723174440327
microstructure_09367.npy,3573652618.0674796,0.17926709720594358
microstructure_03066.npy,3044076562.473795,0.18301908418986707
microstructure_03327.npy,1600750845.9922829,0.19770060078295093
microstructure_08324.npy,1685347360.0439413,0.19249093822727173
microstructure_09338.npy,3340388988.903475,0.18100080659390283
microstructure_00664.npy,1958131410.006832,0.2102377089430303
microstructure_08228.npy,2330356185.277508,0.19526832246540146
microstructure_08346.npy,4102589773.6867547,0.18507180930997466
microstructure_05805.npy,4088542343.282697,0.17404224077595795
microstructure_05588.npy,4079798720.273615,0.1778824017870268
microstructure_04094.npy,2328454989.57574,0.17414781086893644
microstructure_02264.npy,2824972252.7568345,0.18700841554465164
microstructure_03270.npy,1703458700.0630813,0.19251099710218184
microstructure_09547.npy,4550115572.696404,0.18032372729184193
microstructure_09976.npy,3319996940.669419,0.1798080797231768
microstructure_05788.npy,2711005217.635782,0.18674319894500765
microstructure_02054.npy,1316591531.3529754,0.196536796873086
microstructure_06639.npy,1771812458.8760207,0.19762086332543807
microstructure_06389.npy,2497400035.7754755,0.1654679831942572
microstructure_05547.npy,1425932859.3796358,0.20107038508900224
microstructure_09819.npy,1255560544.2076952,0.19443059417144032
microstructure_08243.npy,3722664840.7630687,0.1693046739286934
microstructure_08598.npy,2796149192.9055743,0.17824408178503728
microstructure_04303.npy,2381232719.2038035,0.1880162218031813
microstructure_08421.npy,3524388626.4246335,0.17025009809249747
microstructure_02407.npy,3649714826.4676323,0.17820153798590063
microstructure_00569.npy,3008199718.9711165,0.18468725400717723
microstructure_05845.npy,2919664086.2965274,0.18840977217444432
microstructure_05403.npy,2011916256.0888765,0.17505342214738018
microstructure_05517.npy,1457489274.0389667,0.19496273654920335
microstructure_01863.npy,2813023249.756874,0.18002730103756429
microstructure_08026.npy,4371519808.4658785,0.17940169380202337
microstructure_00710.npy,1438851570.718581,0.20125494404212615
microstructure_00792.npy,1742960323.2806227,0.20305970111593022
microstructure_02295.npy,1703097837.4035754,0.18927579681207052
microstructure_03784.npy,1676978261.9539413,0.20237619826989872
microstructure_09811.npy,2011108846.4678159,0.19012224050858698
microstructure_02853.npy,3990873826.0845265,0.17540056269504173
microstructure_09968.npy,3561704436.901347,0.17690022387749174
microstructure_09008.npy,1453876844.0474696,0.19839799715382186
microstructure_01208.npy,4147895140.627924,0.18303468121275793
microstructure_06782.npy,3286404014.7166276,0.18644636913290422
microstructure_09108.npy,1676113134.246522,0.1935400200629346
microstructure_06704.npy,1601560018.8653839,0.1960770157851382
microstructure_03801.npy,1592838965.7800279,0.2038787552199913
microstructure_08949.npy,3227404935.0332737,0.18491762079193055
microstructure_06018.npy,1678640408.7744853,0.19433256787367134
microstructure_05246.npy,1240200156.0006413,0.198425974341986
microstructure_02116.npy,1966506085.5888774,0.19109686632455192
microstructure_00821.npy,3603750198.2622867,0.1732799236862949
microstructure_06897.npy,1287364205.9904783,0.1957822246165339
microstructure_07603.npy,3839438824.2606816,0.18117835023040565
microstructure_02659.npy,4121358265.7349358,0.1828096038710595
microstructure_05984.npy,1874517434.8260362,0.18903203453160858
microstructure_06209.npy,3131046924.9286,0.17560665665181346
microstructure_02884.npy,2377609269.3092346,0.17995490299574066
microstructure_08058.npy,4482000450.354546,0.16098809859645455
microstructure_06904.npy,2392226358.516551,0.18373436008410204
microstructure_01469.npy,1810471750.866601,0.20461950294724054
microstructure_01777.npy,1229707773.2272053,0.19701959666629895
microstructure_02363.npy,3702948266.2370996,0.18602460019821562
microstructure_07893.npy,2303475210.257603,0.19653119797421859
microstructure_08043.npy,3107670172.2731705,0.17919175548543925
microstructure_09643.npy,1315046250.4113705,0.20326552454692529
microstructure_03010.npy,3056731724.211169,0.20041140197988055
microstructure_09899.npy,1651295487.6001916,0.19666593376647915
microstructure_03527.npy,3883010437.7719755,0.18410742481856357
microstructure_01673.npy,1300080564.952468,0.19994250048637352
microstructure_02664.npy,4058905231.197509,0.17691941265041317
microstructure_08896.npy,4360103646.190822,0.17546069691776284
microstructure_06867.npy,2538978794.33027,0.18717133185187967
microstructure_04276.npy,3947562428.99086,0.1794887477280263
microstructure_00327.npy,2784438150.168946,0.17102138252107277
microstructure_03888.npy,3387475010.4923162,0.17485121002228257
microstructure_02214.npy,2127432835.6278427,0.19285995930815117
microstructure_00378.npy,2043368054.996922,0.19203222293795646
microstructure_03193.npy,2180223966.0796413,0.19813519779165076
microstructure_09723.npy,2715993819.9313912,0.17991841453732776
microstructure_00906.npy,2357380457.122862,0.19567510515258524
microstructure_05103.npy,1841921670.7176116,0.1895688552487689
microstructure_03397.npy,3020113439.7909937,0.18211784075554327
microstructure_07291.npy,2795244667.427903,0.18320525557927764
microstructure_04974.npy,3167572279.9752555,0.18032601541434434
microstructure_07614.npy,2587520038.5406976,0.18768231295312368
microstructure_01771.npy,3027167350.3061037,0.18359563387909764
microstructure_00488.npy,2747927921.808911,0.18752250039844715
microstructure_05343.npy,3532901116.4166503,0.17477179228713238
microstructure_01356.npy,2115297880.1628256,0.19185666053490028
microstructure_07388.npy,3429033993.4406943,0.1859912289105691
microstructure_06028.npy,3732321461.848307,0.16441986333529013
microstructure_01591.npy,1809482489.0985332,0.18791522365703547
microstructure_03238.npy,1891298676.3046622,0.22142709807298588
microstructure_03235.npy,1823348067.7182908,0.20401741203253881
microstructure_06039.npy,4628838752.638585,0.1837507093764062
microstructure_03776.npy,1498747530.7732146,0.20119052964453724
microstructure_06169.npy,4570634752.06528,0.17912741063918516
microstructure_01881.npy,2531646242.825377,0.19538103383989497
microstructure_03764.npy,3528348396.3979316,0.1811259868515143
microstructure_06437.npy,4115235759.32779,0.17938056440118474
microstructure_03928.npy,2855634532.6710987,0.18797340425538425
microstructure_07541.npy,4891016687.437205,0.17678275031613308
microstructure_04098.npy,1564686199.3186903,0.19479987399867418
microstructure_03782.npy,1288181149.0905583,0.19946740316976974
microstructure_00746.npy,1256717563.9560568,0.20449954394877867
microstructure_04906.npy,1581064775.5532908,0.2022785660050379
microstructure_04080.npy,1654345579.4056833,0.2013804816805211
microstructure_03618.npy,1646915181.9043133,0.19368273501226796
microstructure_05727.npy,1601186438.9007533,0.1928465844357667
microstructure_09066.npy,1499759445.0508182,0.1934458479867594
microstructure_01445.npy,1477331505.325742,0.19885691100507707
microstructure_02964.npy,1511721366.8390677,0.20221763881725294
microstructure_07103.npy,2298633514.188212,0.19024016270681338
microstructure_00360.npy,1237464071.0221267,0.19505495989719993
microstructure_01569.npy,1948927411.5085335,0.1879421090110786
microstructure_00031.npy,3466275569.7325583,0.17367973199274084
microstructure_07173.npy,4249265132.260684,0.1809077378063387
microstructure_00259.npy,1611264787.2679436,0.19052827491818267
microstructure_00964.npy,3873743888.413528,0.190813149200083
microstructure_03710.npy,2096266346.1496902,0.20007253049979234
microstructure_09121.npy,3028647830.100174,0.1733741547960804
microstructure_04173.npy,1737169323.651535,0.20051112639471153
microstructure_08050.npy,3900616118.82071,0.17246962101900046
microstructure_07171.npy,4004727998.8403907,0.1812774198522774
microstructure_03435.npy,4196867320.87522,0.18576383993165455
microstructure_08517.npy,2030060075.4342577,0.18738354656462558
microstructure_06590.npy,4122200912.888613,0.1725534051357999
microstructure_08862.npy,2532600397.742541,0.17865278752352184
microstructure_06163.npy,1636703619.4501474,0.1925909864018198
microstructure_04832.npy,2044574195.1724772,0.17968704377175176
microstructure_09359.npy,2373647206.391625,0.1832156077769189
microstructure_08686.npy,2372454300.458676,0.18167482508701727
microstructure_03674.npy,3905625162.204063,0.1662521108322496
microstructure_03781.npy,1383327331.8566678,0.19208178261133832
microstructure_03820.npy,2825855819.586988,0.17268535355626
microstructure_01031.npy,1224430001.4524963,0.19864179933559642
microstructure_03358.npy,4052158612.049277,0.18152176475984425
microstructure_08847.npy,4461356294.337718,0.1734748984416346
microstructure_05651.npy,2549494893.2546024,0.19920678830404054
microstructure_05793.npy,4205626104.9735136,0.17381199254707716
microstructure_01029.npy,2437789613.954399,0.18232757295455168
microstructure_02800.npy,1960905554.9197695,0.18396353718879974
microstructure_03342.npy,2411589282.2391877,0.1765890589492503
microstructure_08399.npy,2124157993.8164425,0.1770190310542468
microstructure_07057.npy,1807732141.7868025,0.19787971238637414
microstructure_04732.npy,2624761445.070263,0.18456702883816506
microstructure_00193.npy,3094230877.6584496,0.18641221907394698
microstructure_02045.npy,3864169418.6829824,0.18005922627870694
microstructure_09397.npy,4412161643.927767,0.18066355014689278
microstructure_03195.npy,1499894967.3791788,0.19738233894015708
microstructure_05024.npy,1638793057.3482428,0.1931386310257224
microstructure_08878.npy,1558785968.4934525,0.20483718845490828
microstructure_01608.npy,4475816894.189289,0.1782211205065152
microstructure_02831.npy,3628087945.734514,0.18201973633211838
microstructure_08641.npy,3733135611.827917,0.18668636559346674
microstructure_02447.npy,1353047645.6071212,0.19545075375424806
microstructure_07868.npy,1792083889.3798783,0.1916298859852527
microstructure_03607.npy,4265833487.792193,0.1760933247021898
microstructure_07038.npy,3513324750.5845013,0.167188229267582
microstructure_06010.npy,4360168747.559987,0.19638096689647572
microstructure_03901.npy,1817419472.9064207,0.1703569544522566
microstructure_05963.npy,4383300360.339589,0.1804959456956451
microstructure_00027.npy,4260332451.5975504,0.1845015736416354
microstructure_03000.npy,1308472252.1496425,0.20341531984020766
microstructure_09736.npy,2572349646.0378933,0.18732159210277805
microstructure_00861.npy,1630058185.1097813,0.20129674283116247
microstructure_07592.npy,3452671631.475899,0.1707720316809773
microstructure_08630.npy,3753643912.197579,0.1830060406889991
microstructure_02965.npy,1874881058.2185214,0.19299977331032772
microstructure_02689.npy,1852392833.0841265,0.2033385910280145
microstructure_08097.npy,1501485409.7344303,0.18721334483648286
microstructure_00367.npy,1611157845.8804903,0.1963548662469102
microstructure_03983.npy,1450150340.543724,0.20208241223869908
microstructure_09005.npy,1184431916.540944,0.2017976900901965
microstructure_08296.npy,3084422914.0055737,0.19438922396398328
microstructure_07492.npy,4140388113.4447284,0.18016750798628506
microstructure_00807.npy,1352654071.9982033,0.19189248624769797
microstructure_02130.npy,2013459535.7162223,0.19681892127483075
microstructure_09391.npy,3214916856.273802,0.17278079165078014
microstructure_04833.npy,1205482901.8676903,0.20147561595772626
microstructure_03156.npy,3025189383.458954,0.1817127946504137
microstructure_03716.npy,2241873024.5022774,0.1751674729621911
microstructure_08983.npy,1642698705.877195,0.19315781168094953
microstructure_05728.npy,2305277637.853143,0.19519666439257874
microstructure_09413.npy,1954295964.26151,0.20676977545111666
microstructure_03413.npy,3062897474.0663924,0.1802536912134933
microstructure_05601.npy,1630364278.0934908,0.19688328627052712
microstructure_02258.npy,2377958639.53424,0.18739988199349666
microstructure_03058.npy,4772052536.043626,0.1844094151683786
microstructure_03861.npy,3130139210.1333904,0.1697287964308969
microstructure_04249.npy,4418250142.741004,0.17926160573283936
microstructure_02979.npy,2798637861.0511985,0.18011461983215818
microstructure_01166.npy,3310422212.3554673,0.17668538143482346
microstructure_02316.npy,3931193152.8690577,0.1700016961937261
microstructure_09548.npy,1658482581.5244207,0.21003392213231062
microstructure_00096.npy,1358277728.215453,0.19745625632702626
microstructure_03619.npy,1275685070.130977,0.19216307035792926
microstructure_02806.npy,3484450968.530079,0.17864288310362209
microstructure_08256.npy,3498964874.4980855,0.18313429172221896
microstructure_08396.npy,1748021497.1742864,0.19580876178273482
microstructure_01731.npy,1292469335.4478548,0.19468051840857376
microstructure_00772.npy,2976583772.878366,0.17253164938264887
microstructure_05809.npy,1505439585.5109262,0.1929378271730283
microstructure_00731.npy,3027843098.0410438,0.18359431612453292
microstructure_01611.npy,1380760740.1659927,0.19968135073088797
microstructure_04195.npy,2020881280.9595056,0.19413504570314483
microstructure_06243.npy,2624476316.973208,0.18783285277449185
microstructure_05550.npy,3448242174.4359164,0.17961720951045393
microstructure_09409.npy,4036402175.1889625,0.17349074005104387
microstructure_06328.npy,2238541993.230943,0.1936476198056332
microstructure_03198.npy,1275538202.2383068,0.20089976034098964
microstructure_04531.npy,1746902713.7602484,0.19849116178908446
microstructure_06119.npy,4338729197.6625,0.17953343811506914
microstructure_06127.npy,2737735079.1202116,0.18423616503372509
microstructure_04637.npy,2465111250.3776674,0.1827514017366507
microstructure_06850.npy,1274627127.0342338,0.20292374649189773
microstructure_02274.npy,1382743735.7693872,0.19560044720095893
microstructure_02486.npy,3983509621.6403112,0.17626035240700386
microstructure_04270.npy,3757988839.6924024,0.18551457779419023
microstructure_09788.npy,1395874574.662962,0.2044799258754167
microstructure_03522.npy,2569528028.2329197,0.1798738703893019
microstructure_05975.npy,1860479475.6020446,0.20486520568742653
microstructure_00790.npy,1631405004.5324247,0.1950726317197663
microstructure_01549.npy,1776747993.801228,0.19518224615032553
microstructure_02289.npy,1337910605.3484564,0.19590623287959086
microstructure_01722.npy,3977772384.352844,0.17713173197455695
microstructure_04308.npy,1338962175.5602076,0.19187316931025195
microstructure_08489.npy,3238203925.5813785,0.18298813710834788
microstructure_06030.npy,3277510315.4901495,0.1771876092703102
microstructure_02504.npy,3264802471.576973,0.19551705922795176
microstructure_00851.npy,1475566269.5941575,0.18696597145256902
microstructure_04019.npy,1458475497.99991,0.20280074584896132
microstructure_06780.npy,1975345793.9452941,0.18890005059206424
microstructure_01276.npy,2657080520.576828,0.18236031000190403
microstructure_01306.npy,3525539422.263208,0.1663512572841454
microstructure_07488.npy,1300437701.38979,0.20439749205497032
microstructure_09096.npy,4542201881.606394,0.18791979202976472
microstructure_07864.npy,1525264837.2255745,0.18495769559667624
microstructure_02867.npy,1947201708.6774385,0.19095231104789215
microstructure_07554.npy,2128133610.2860878,0.19237697725803737
microstructure_02245.npy,2530529353.8139133,0.1791091688898179
microstructure_07824.npy,1541738531.6439245,0.19364758443481045
microstructure_08167.npy,3414944289.2927175,0.1744795369892471
microstructure_04908.npy,1287686887.871898,0.1951684002060364
microstructure_03237.npy,2120445059.6703508,0.19196411391788723
microstructure_02272.npy,3392288978.418376,0.18065126663518583
microstructure_05939.npy,4460457850.996695,0.18698794287026008
microstructure_05018.npy,3357960076.3175664,0.1736652133743652
microstructure_07882.npy,2255507102.2461753,0.19559028058526756
microstructure_01698.npy,4004782277.0474796,0.18365032650772814
microstructure_07933.npy,2568448377.5793257,0.18048407405576614
microstructure_08041.npy,1451794089.0780265,0.20094879929914825
microstructure_05489.npy,4152506328.2348104,0.18292347605964773
microstructure_02479.npy,2480694960.131898,0.194841870687491
microstructure_00459.npy,2586320368.1372137,0.18914927783851773
microstructure_08044.npy,4553957316.788515,0.1713044458401114
microstructure_04993.npy,3536935283.8618884,0.1870316205746066
microstructure_06180.npy,3945893978.44166,0.17262454036240754
microstructure_04434.npy,2040342827.3750901,0.18550300370942793
microstructure_05329.npy,2392157852.2018695,0.15410363526681112
microstructure_01032.npy,3726786164.345289,0.1840599220567172
microstructure_05322.npy,4677624851.597735,0.18099076381222534
microstructure_08423.npy,1234938350.9307537,0.2013652057774062
microstructure_08282.npy,1496538706.1482205,0.19885087888281627
microstructure_01832.npy,3093070096.727268,0.18008575720625242
microstructure_08290.npy,2144812567.0923967,0.18808162647632745
microstructure_02343.npy,1326993585.5893452,0.19999422114208593
microstructure_04131.npy,3977128679.450772,0.1746978470931111
microstructure_06676.npy,1862525189.7690742,0.19203502185254892
microstructure_01394.npy,2221220698.5267177,0.17918189070487064
microstructure_02608.npy,3047161857.855361,0.19237540328569747
microstructure_03152.npy,4188224941.1025133,0.1840534381705719
microstructure_09924.npy,1344767306.0882227,0.18843083963968593
microstructure_05603.npy,2341253881.5628557,0.17512750763137544
microstructure_09823.npy,2422716561.2935586,0.18763894950150858
microstructure_03221.npy,3936134493.7749505,0.1795420076633129
microstructure_03730.npy,1638186792.8786507,0.21513339739640805
microstructure_02696.npy,1895644004.6820428,0.19135739849846226
microstructure_09515.npy,1181741662.298167,0.19943212237052693
microstructure_09684.npy,3986574157.3066344,0.1755371914458129
microstructure_06969.npy,3277574418.079482,0.1829724722230708
microstructure_08370.npy,1287838980.2013803,0.19785536345565458
microstructure_09137.npy,4132250438.177714,0.18100579420063082
microstructure_02018.npy,3173120895.3597956,0.1661327998691105
microstructure_05888.npy,1775306295.7148688,0.1856232832329633
microstructure_03107.npy,2051894928.4014359,0.19226496172697252
microstructure_05920.npy,1794501635.4913208,0.17974523399891545
microstructure_01041.npy,1519494238.833278,0.2039883784374688
microstructure_08415.npy,4251560000.0133333,0.18435730052410698
microstructure_03409.npy,1281464108.1151505,0.1997025910377497
microstructure_09995.npy,3737717355.4382577,0.18129363205866755
microstructure_06233.npy,2411536615.696324,0.18149154341470763
microstructure_09077.npy,1407301431.846822,0.2015912674964751
microstructure_09196.npy,4623605914.29858,0.18728244365673605
microstructure_03870.npy,4424310942.953716,0.16921793355955203
microstructure_03071.npy,3430665024.6189075,0.1818225406252089
microstructure_05760.npy,3483533691.363147,0.17135274116095664
microstructure_09479.npy,2456123158.037759,0.18035648204183125
microstructure_09974.npy,2367575105.891839,0.18954784072260175
microstructure_04238.npy,3129242653.20881,0.18841433907165797
microstructure_08210.npy,2924009468.828991,0.1724426622400797
microstructure_06234.npy,1949596818.821644,0.19200768674967605
microstructure_02131.npy,4385956700.256486,0.16443898130606668
microstructure_02846.npy,3727475455.3503647,0.1755127936602752
microstructure_00549.npy,3432443557.5773425,0.18993253213181907
microstructure_06851.npy,1894833640.2209926,0.19354453743247013
microstructure_00701.npy,1317583414.0502324,0.19061438962176086
microstructure_09777.npy,3932065801.1408987,0.17637650981892547
microstructure_08295.npy,1665141585.9910512,0.19170708466764871
microstructure_01321.npy,3694972954.8333287,0.18997350113026437
microstructure_02813.npy,1260397922.5219007,0.20325757109714807
microstructure_05292.npy,3001794569.0748105,0.1793771384382069
microstructure_04154.npy,1660428053.9618053,0.21202074585602051
microstructure_07365.npy,2448115909.3414836,0.19797573517931621
microstructure_09743.npy,4020640866.662496,0.1743775962320814
microstructure_02613.npy,1648953074.8695395,0.19081334147618648
microstructure_09593.npy,2343122858.8577313,0.16797974961571427
microstructure_01761.npy,2024866522.2628071,0.1971461867651487
microstructure_06983.npy,1370602950.527412,0.20098808165513568
microstructure_09024.npy,1552010039.679099,0.19448509803153974
microstructure_00504.npy,2642661806.925388,0.1864100036843611
microstructure_04360.npy,4190682748.308345,0.17840743421090788
microstructure_04939.npy,3987529559.954376,0.18620638102958267
microstructure_07244.npy,1488059008.984428,0.2041038247455851
microstructure_05540.npy,2114150698.0093176,0.18509519800215418
microstructure_07350.npy,2614937728.557483,0.195871824918035
microstructure_00637.npy,1810727975.9482071,0.19448753853758582
microstructure_05076.npy,2775460097.406675,0.18667204268245838
microstructure_01550.npy,1664226056.7067237,0.18814025790315986
microstructure_05446.npy,3847649586.5108185,0.17303212924424868
microstructure_04250.npy,1705679806.0280178,0.19104794646337053
microstructure_08610.npy,3010790385.572533,0.1758753033178397
microstructure_02975.npy,1649728235.972868,0.1960582908303205
microstructure_08209.npy,4481634488.996766,0.18188663201726507
microstructure_06898.npy,3880806112.5860343,0.17568800831495215
microstructure_01137.npy,1214362725.7386327,0.1992270075051818
microstructure_04504.npy,3556888310.693244,0.17740475672284806
microstructure_01781.npy,1468886430.766657,0.177445879008942
microstructure_01871.npy,2147503722.296865,0.19342235200339494
microstructure_07208.npy,2342408383.5179873,0.19738167342458046
microstructure_06702.npy,4615751614.7547865,0.1887521624129923
microstructure_05447.npy,1894757830.3857973,0.17735077697306764
microstructure_01245.npy,1290708148.1900792,0.19648901870068525
microstructure_00533.npy,4105579749.3544474,0.17304453240163162
microstructure_04904.npy,3475137607.712597,0.16665055781938465
microstructure_06653.npy,3111890243.115952,0.17988710163700905
microstructure_03796.npy,3059410010.857011,0.18939603942259597
microstructure_05263.npy,4584262735.333772,0.18329104296407173
microstructure_04406.npy,3587621170.0394473,0.18334885397407225
microstructure_02163.npy,1712965031.7425349,0.1755531719122866
microstructure_00833.npy,4251911933.791068,0.18579999950821008
microstructure_04475.npy,4102538604.7279186,0.18205676963948209
microstructure_09841.npy,1943422423.49858,0.18881883441298677
microstructure_08350.npy,1884432718.5359108,0.18582516341139724
microstructure_06377.npy,4072102426.488025,0.17809032877441422
microstructure_07035.npy,3906346231.454847,0.17045323294000272
microstructure_07852.npy,4005553657.164462,0.17739286757546746
microstructure_08100.npy,3794535030.0905013,0.18662158458581604
microstructure_06672.npy,1603083347.0323963,0.199945854571196
microstructure_07454.npy,3641381250.696874,0.1785607347911284
microstructure_01658.npy,4222034599.957091,0.17105585960276987
microstructure_03159.npy,4323611539.720867,0.1813642831157139
microstructure_00711.npy,1749836111.0570166,0.1922746218631292
microstructure_00593.npy,1979599298.651015,0.17167448487243658
microstructure_03026.npy,1958477777.979065,0.16791327110609905
microstructure_08928.npy,4054789029.009897,0.1765182297739871
microstructure_05544.npy,2554308684.13963,0.1888145129784323
microstructure_08143.npy,4210335693.225325,0.18440494604193794
microstructure_05074.npy,4135278887.061563,0.17890709776187494
microstructure_07832.npy,2393449171.6904616,0.1715145803903752
microstructure_04986.npy,1617425354.513779,0.20434363692618257
microstructure_09722.npy,3528267859.3648157,0.18372693744056875
microstructure_07770.npy,1630232145.8268604,0.1898660076388935
microstructure_02005.npy,2250903323.6092176,0.19336880394557404
microstructure_05585.npy,4326610595.947694,0.1706469623301604
microstructure_06424.npy,2034138703.1234083,0.19421086399978982
microstructure_08934.npy,3876527893.2791476,0.17266562548173955
microstructure_02627.npy,3457721414.401104,0.17140198891754171
microstructure_00138.npy,1656606770.1644216,0.19621615909345533
microstructure_08057.npy,1719575825.0495806,0.20148660629072618
microstructure_03186.npy,1357610329.709843,0.20535127851074553
microstructure_00803.npy,3546557330.8275704,0.1852852936717637
microstructure_07591.npy,2738733991.8370166,0.17490982404610902
microstructure_02694.npy,3022031659.6383777,0.1898798836161616
microstructure_02782.npy,4016321508.3241167,0.18181076536282884
microstructure_06588.npy,1211518539.2095978,0.19544532535215262
microstructure_05837.npy,2625372980.324495,0.1965041276463623
microstructure_00453.npy,1226167128.7795026,0.20396115670887371
microstructure_02895.npy,3719411822.108317,0.18249214005882816
microstructure_08217.npy,4103319323.8686113,0.16855784951660296
microstructure_03297.npy,2541543856.034566,0.1975077120447082
microstructure_03821.npy,3931142381.4771967,0.18724271887079885
microstructure_03737.npy,1394821857.8326263,0.19787266939804682
microstructure_02364.npy,1186384166.5146568,0.20210770408474424
microstructure_07162.npy,3533600118.897104,0.18350719332688453
microstructure_07990.npy,1879576667.6265097,0.19011216780498558
microstructure_08179.npy,4101082351.1446934,0.183301709516429
microstructure_01806.npy,2176324888.648028,0.1947091352669308
microstructure_06322.npy,1450996954.3346002,0.1963782501572851
microstructure_06159.npy,1833557411.7807543,0.18701082478865622
microstructure_00133.npy,2253562865.927733,0.1837090746733977
microstructure_09948.npy,1672680834.6500096,0.18933000234405487
microstructure_05776.npy,1504194767.2980788,0.20393683873228635
microstructure_00085.npy,3823408097.683701,0.1786901296748287
microstructure_06928.npy,2026552706.1296446,0.17524266291753024
microstructure_07287.npy,3732385292.013782,0.18805986115089993
microstructure_07286.npy,1398022855.9927006,0.19849454990042462
microstructure_01657.npy,1291582878.3764007,0.19892806819522257
microstructure_01176.npy,1894837919.5592203,0.19628908952318755
microstructure_02765.npy,4003635664.2141547,0.18483863831263767
microstructure_00560.npy,1705242289.7441208,0.2031235363030499
microstructure_01403.npy,1900997704.8080864,0.20407710576905372
microstructure_07431.npy,1496062507.8236632,0.1962869485486423
microstructure_09530.npy,3373710989.3288445,0.1789321616904399
microstructure_09440.npy,4194806033.3794956,0.1840334246816546
microstructure_01368.npy,4552365132.916785,0.18012553977807638
microstructure_01268.npy,1546683469.4832132,0.2095178825593895
microstructure_02284.npy,1655480724.0328262,0.19626033830698641
microstructure_05336.npy,4265888768.8062787,0.18605487479013222
microstructure_06020.npy,4991838724.396326,0.18580851346999006
microstructure_03898.npy,2989021562.725569,0.18292823731425753
microstructure_07415.npy,2952242477.4570932,0.18737715235449826
microstructure_00312.npy,1187300867.5283198,0.19762062088973734
microstructure_08433.npy,3076978528.3122716,0.1819912878680396
microstructure_02076.npy,2910782610.7242584,0.1937095569248854
microstructure_00799.npy,1804990099.289568,0.20459878331971398
microstructure_08208.npy,2254840412.6371593,0.18669728587860884
microstructure_01711.npy,4183903451.0876865,0.17627949783018035
microstructure_01062.npy,1448845630.3016286,0.19792394154619466
microstructure_07922.npy,4621610965.645019,0.176948546464992
microstructure_08798.npy,4039131649.944411,0.18094785368724853
microstructure_09073.npy,4110299712.8081365,0.1676041637167065
microstructure_01233.npy,3208862689.192685,0.18288574369654678
microstructure_06833.npy,2814346501.6582627,0.15944905446031307
microstructure_02591.npy,1486264825.2150767,0.20167961535507822
microstructure_07894.npy,3582315753.102963,0.19508122428325628
microstructure_06991.npy,1582617935.113957,0.1831857985176625
microstructure_09734.npy,1725908027.2190983,0.18984279948589625
microstructure_00323.npy,3660118284.3490615,0.17735764952036517
microstructure_09246.npy,4311218931.7065325,0.18730945028821733
microstructure_00891.npy,4261694145.284204,0.18698871443366108
microstructure_06110.npy,1582002093.5411732,0.20200148720624647
microstructure_06754.npy,1745549377.245305,0.19631247672112903
microstructure_05652.npy,3803350826.526335,0.18007951730100918
microstructure_04279.npy,3454139872.9551435,0.18224251459696197
microstructure_07743.npy,1600375737.6564157,0.19835657026856385
microstructure_02557.npy,3940927248.5372796,0.18407911280587355
microstructure_02641.npy,1634263190.955787,0.18534104944955251
microstructure_07482.npy,1755523798.4930248,0.18669140923739877
microstructure_09631.npy,1306489408.0657754,0.20257256117507236
microstructure_07873.npy,2221742136.6860166,0.18678918429482122
microstructure_06029.npy,4453831011.575387,0.17886218209995552
microstructure_04977.npy,1559331065.44344,0.20000611888137376
microstructure_01354.npy,4411837902.915585,0.18305594162242628
microstructure_09165.npy,1459369295.7219152,0.19526145063775283
microstructure_00314.npy,2913505278.69163,0.17840276272284947
microstructure_03022.npy,1680365589.6958494,0.20206444650948138
microstructure_02744.npy,1187979417.9174044,0.2013229732987127
microstructure_07665.npy,2182349888.696223,0.19631924464174888
microstructure_08449.npy,3772859561.488307,0.17384296177581515
microstructure_01482.npy,1776615712.543183,0.19389430226363527
microstructure_01947.npy,3267063296.2110023,0.18053758293002128
microstructure_08529.npy,2846679437.727487,0.1967925587744519
microstructure_05295.npy,2193456508.4286737,0.1827574993048667
microstructure_02530.npy,1396007035.9166594,0.19578435829380336
microstructure_07337.npy,2520530770.101619,0.18802339621099082
microstructure_02318.npy,1544122264.7231908,0.19411375997629274
microstructure_05383.npy,2368591767.253733,0.18833726855619554
microstructure_00597.npy,1400027733.20649,0.19470013387109023
microstructure_04124.npy,3788832441.746284,0.1814594799710017
microstructure_02393.npy,1986641066.0106916,0.17950356590637442
microstructure_05561.npy,3867315150.971234,0.1783844488746902
microstructure_08890.npy,1577170390.9375083,0.18877398509834292
microstructure_08321.npy,2754850695.8906546,0.1830207125327573
microstructure_07706.npy,3775067458.7173038,0.16578669064762644
microstructure_00091.npy,3769993667.0837235,0.1752368714687183
microstructure_07370.npy,1570867323.775693,0.1934095558861168
microstructure_08037.npy,2393199305.8008914,0.2075853877575554
microstructure_05927.npy,2531926954.9668283,0.18666889979399073
microstructure_03682.npy,1625768831.7879322,0.19658353366136044
microstructure_04432.npy,3688737396.6001077,0.17009025155102217
microstructure_00942.npy,1563636047.7248127,0.191715524121441
microstructure_05893.npy,1302788606.3305461,0.18865389837620827
microstructure_01297.npy,2057158952.3291454,0.1919143739513401
microstructure_00651.npy,2266946547.93091,0.19646591729120233
microstructure_04754.npy,1671667370.7184043,0.18286467721525718
microstructure_02523.npy,1329956840.5968504,0.20082524173706395
microstructure_02830.npy,2317167432.6751223,0.19365052684337003
microstructure_05611.npy,1293175897.3980315,0.20017988371197595
microstructure_01308.npy,2600349013.1373672,0.18853051668630844
microstructure_06717.npy,2304603940.640145,0.18449939576367178
microstructure_05152.npy,1421918649.9512699,0.19744978670750582
microstructure_01901.npy,2177150617.764594,0.17875112715246158
microstructure_07587.npy,2824878116.8132277,0.18889462771909343
microstructure_08673.npy,1245733933.1786442,0.1993162184059716
microstructure_07362.npy,4299563970.975526,0.17796433357807998
microstructure_05185.npy,2167839769.091564,0.19974707303537095
microstructure_08357.npy,4039785619.6416707,0.18177606899677692
microstructure_04621.npy,3902647336.674508,0.19084315741150884
microstructure_06824.npy,2017142127.0610793,0.18512685006407628
microstructure_09568.npy,3306184604.26803,0.18898350723790405
microstructure_03146.npy,4502154676.074843,0.16869156149441544
microstructure_06079.npy,3207296575.711727,0.1809583603648012
microstructure_04471.npy,1773231020.717939,0.19885648285726093
microstructure_03908.npy,1778291715.883571,0.20066471521359336
microstructure_05695.npy,1242027787.2489285,0.19914133159616532
microstructure_06708.npy,2644677032.425178,0.18172414970617443
microstructure_00523.npy,2525540172.2057486,0.1757284972487756
microstructure_05081.npy,4367247673.455653,0.1771553298832971
microstructure_07436.npy,2072083575.5645084,0.19627591098698896
microstructure_05582.npy,1327123446.7341964,0.19502195259631608
microstructure_06319.npy,1522663412.3747687,0.19649217200059335
microstructure_00101.npy,1301887026.6509676,0.19805023405268452
microstructure_09328.npy,1819439641.06456,0.18768051011204973
microstructure_06913.npy,4592384533.56673,0.19008427738019584
microstructure_04244.npy,3520224613.2366714,0.1871373043826987
microstructure_01785.npy,4033595718.211844,0.18104869041588095
microstructure_09922.npy,2833119185.7196226,0.1917785145066585
microstructure_01900.npy,2458346133.287983,0.19437171733510258
microstructure_01822.npy,2000373436.2372046,0.18613625054197042
microstructure_02732.npy,1309252685.910507,0.19234470088665298
microstructure_09364.npy,4726151299.289179,0.1833184563486248
microstructure_02270.npy,3980329533.0217614,0.17865738387378843
microstructure_00527.npy,1519903268.4260428,0.19370944877197527
microstructure_07627.npy,1316208457.5693972,0.18921863158398466
microstructure_04780.npy,3049900124.2893467,0.17889395564931854
microstructure_06977.npy,4324557698.01632,0.18842397111383255
microstructure_08762.npy,4504281982.246655,0.1830199919012099
microstructure_04060.npy,2766255468.5127025,0.1683010191777124
microstructure_05632.npy,1414370059.2809181,0.19912167211063214
microstructure_03038.npy,3698597477.779996,0.17663526433929883
microstructure_05490.npy,1872765272.8970227,0.20155046686048236
microstructure_01114.npy,2629507272.0665545,0.17608781106293397
microstructure_09498.npy,3802876126.0918097,0.18535091348649294
microstructure_01830.npy,1577130328.570636,0.19875035833823854
microstructure_01665.npy,2494363652.4832196,0.17533104321108497
microstructure_09839.npy,1898740414.2275364,0.19373266237469206
microstructure_09361.npy,1768179679.9256966,0.19523457114408277
microstructure_05642.npy,1244505710.668247,0.19778829071628898
microstructure_09457.npy,2029385848.5276117,0.20904581925973906
microstructure_08535.npy,2578728217.624735,0.17976195004986897
microstructure_05438.npy,2058324027.515077,0.19530226432243042
microstructure_04121.npy,2342952474.6005797,0.171688493585939
microstructure_02958.npy,2007820460.4391797,0.19477029656866
microstructure_07292.npy,1518528478.9129043,0.1850182477408716
microstructure_04370.npy,2835942103.7919707,0.1777281728530117
microstructure_08023.npy,4003747054.154946,0.1917948481932431
microstructure_00819.npy,3394372313.1394463,0.18306392616305212
microstructure_04597.npy,1220599951.0391273,0.1993749894725831
microstructure_03894.npy,4211875378.029006,0.1788979377460288
microstructure_06162.npy,3744908153.4688916,0.1839079852865691
microstructure_04677.npy,3855224965.525871,0.18144821057974939
microstructure_04463.npy,1480270024.5479524,0.1958271271757096
microstructure_02649.npy,3029382583.198149,0.16557006402065194
microstructure_02003.npy,3345534112.3692675,0.18086687568743526
microstructure_00377.npy,1206516425.6152675,0.20013724224986737
microstructure_07609.npy,3890606248.603681,0.17891710204020764
microstructure_05883.npy,3598959662.8752623,0.18137077605039847
microstructure_00112.npy,3952446237.887987,0.18599659333629653
microstructure_09434.npy,1921448392.11326,0.19659040228873542
microstructure_03576.npy,2471709215.436772,0.18295771025093227
microstructure_04052.npy,2941345786.729897,0.17735091382345997
microstructure_09983.npy,1230163772.6057267,0.20036022308408796
microstructure_00694.npy,4661888869.032462,0.1815953276194504
microstructure_06214.npy,1739861141.2587204,0.2001720297315317
microstructure_04575.npy,2062245066.6454785,0.17679680070436063
microstructure_03811.npy,2076831891.0426834,0.18935324415838137
microstructure_03501.npy,1829492386.5797536,0.20492643464231647
microstructure_02657.npy,2774532171.196243,0.18684169094538508
microstructure_03179.npy,1543059484.8746958,0.19020827496152617
microstructure_02446.npy,4142911664.860751,0.18451906385770633
microstructure_08141.npy,1317335518.1521904,0.1896902471284464
microstructure_09330.npy,4285083333.046474,0.180151972807043
microstructure_06623.npy,3414349716.0877213,0.1782806063265246
microstructure_07261.npy,2678914674.2838635,0.1913814944145215
microstructure_04097.npy,3960476989.6551785,0.17951214735854987
microstructure_07618.npy,2248298636.3778844,0.17644529784109528
microstructure_06104.npy,1353906949.1452768,0.19795573093988314
microstructure_08351.npy,2576989570.981554,0.1846989636226493
microstructure_06841.npy,1671765837.9343545,0.19330669300860523
microstructure_05161.npy,1936464763.0426002,0.19257759604384841
microstructure_01345.npy,1369674348.4017992,0.18868089923873174
microstructure_02922.npy,4243860286.6667767,0.1658455284770037
microstructure_07381.npy,3869756281.8898544,0.17917805604903891
microstructure_09600.npy,4714508367.815843,0.17282414624954281
microstructure_05030.npy,3912102892.3152313,0.18676193642579064
microstructure_02443.npy,1322343392.8368032,0.20055891307205445
microstructure_08683.npy,1224381767.0524852,0.19916912118008123
microstructure_07321.npy,2822576838.6086316,0.18107956931524122
microstructure_09667.npy,3921806640.524006,0.17837616734041525
microstructure_07720.npy,1490376499.9837682,0.1905122799302096
microstructure_07726.npy,4472397363.742569,0.1674918539216522
microstructure_01532.npy,1797380931.6269238,0.18910232624572484
microstructure_03092.npy,1445307619.5695305,0.19590626658036578
microstructure_06828.npy,1569496354.489727,0.20655244812545945
microstructure_06513.npy,2568441649.442822,0.18108282391354974
microstructure_03920.npy,4926041196.566436,0.18186056213138257
microstructure_08014.npy,1930522632.212027,0.19753332774336388
microstructure_08400.npy,2296708615.66697,0.19250573647634348
microstructure_08550.npy,1754443398.5463612,0.19418366324949535
microstructure_01217.npy,1473255057.5106704,0.18792726185129882
microstructure_02233.npy,2035654545.7393382,0.18931797808685336
microstructure_01963.npy,1748184055.4741373,0.1966980185801605
microstructure_00953.npy,4237604966.6745353,0.17434285060398896
microstructure_09727.npy,1593937595.370711,0.1797683079384165
microstructure_04157.npy,1439613681.1451883,0.1914711408593869
microstructure_03457.npy,2091940853.0939982,0.1872953370912766
microstructure_06793.npy,4509536234.690478,0.17282037715035992
microstructure_08611.npy,2804748485.5130577,0.17687500994376942
microstructure_04501.npy,3768895146.205711,0.18571392131890332
microstructure_06031.npy,4316874799.018858,0.1796810014151541
microstructure_03896.npy,4047976993.0950933,0.179169245058784
microstructure_08539.npy,2647910028.6960626,0.19294367067094226
microstructure_08312.npy,1371454186.5519214,0.19752920445601124
microstructure_08976.npy,2122853389.5368586,0.1893957156121508
microstructure_06727.npy,3772758724.41309,0.1761091969418017
microstructure_03095.npy,1279392623.0084224,0.2045751789498392
microstructure_07019.npy,2827481628.2613845,0.1799425843115287
microstructure_07155.npy,3874134631.2155437,0.17615050572240906
microstructure_05049.npy,3095266848.571037,0.18047187087993338
microstructure_09801.npy,1582494363.4504025,0.20180618885501142
microstructure_03052.npy,2629869300.082684,0.18365581791869093
microstructure_00742.npy,3906089467.2773385,0.1754389710543933
microstructure_05254.npy,1869471077.3775947,0.19447728624688856
microstructure_05909.npy,1907187136.8091102,0.18596109891701407
microstructure_06472.npy,1876169471.7728245,0.19500646450261105
microstructure_09893.npy,1788212248.9530792,0.1943340175970075
microstructure_08909.npy,4227319088.2179747,0.17500296690755643
microstructure_08429.npy,4216950109.218524,0.17289226910762845
microstructure_03727.npy,1408504085.183914,0.19747933931808836
microstructure_04851.npy,1869928101.0729842,0.19863404832279374
microstructure_01218.npy,1818060543.390594,0.19972180247733104
microstructure_03869.npy,2005963376.5564616,0.1883266955408863
microstructure_08680.npy,1404071031.865807,0.20120126004568914
microstructure_05762.npy,3966335654.5342827,0.17961785034333985
microstructure_09662.npy,2663098672.838205,0.18183081343331559
microstructure_08512.npy,1969239709.3898041,0.1747420205287784
microstructure_05450.npy,2609010293.5877814,0.17962035842577112
microstructure_02554.npy,4779758648.884783,0.1790990903229248
microstructure_03985.npy,3263937525.4523797,0.17027327301321055
microstructure_08068.npy,1702154065.6044943,0.18838711737742736
microstructure_06334.npy,4019117581.5740724,0.18544480197467358
microstructure_01485.npy,3959638809.122793,0.17858660600126897
microstructure_00073.npy,4060390779.764833,0.17382447590204475
microstructure_00820.npy,1945326045.656531,0.19408424096416715
microstructure_05631.npy,3665540562.4820356,0.1814343707989804
microstructure_00177.npy,1945370394.2137146,0.19035754819950418
microstructure_08870.npy,3671432328.9193845,0.1699946073702155
microstructure_03724.npy,2656428645.7251935,0.1877057617361206
microstructure_00897.npy,3587149245.5195665,0.18363625368875397
microstructure_01317.npy,2921296734.6798196,0.17870948265181996
microstructure_04016.npy,1588180578.0009608,0.19637688915623816
microstructure_07630.npy,4395046882.664911,0.1672912662026677
microstructure_04411.npy,2282933195.779696,0.2031488024671329
microstructure_04502.npy,3725811294.950178,0.1770361613580609
microstructure_09754.npy,2956476598.3626823,0.18341684725259302
microstructure_03277.npy,5325011614.085813,0.17087021256464396
microstructure_03883.npy,1232940883.9399881,0.1987535498401076
microstructure_00225.npy,1236432029.9007728,0.19372374792205166
microstructure_03215.npy,1335922049.5411623,0.20139006718943292
microstructure_02002.npy,3272395655.296786,0.18841930470634655
microstructure_05305.npy,2941113506.996315,0.1719512635717124
microstructure_07799.npy,1577889770.742456,0.19609236678777975
microstructure_00747.npy,1721453953.8474886,0.18752175894504336
microstructure_07622.npy,1811591876.1676667,0.1994546442885007
microstructure_02059.npy,3575281208.075225,0.17784678008196417
microstructure_07156.npy,2224186696.1176133,0.1865305341848149
microstructure_01580.npy,3158834863.7647424,0.18670603549431553
microstructure_01383.npy,1363582452.394467,0.19420430716056422
microstructure_09105.npy,1767156688.2498531,0.18203745857966394
microstructure_01596.npy,4113133263.2591987,0.17559504073756366
microstructure_00908.npy,2560613885.4499846,0.19450685374082408
microstructure_03424.npy,4068813055.8097568,0.18301579618727318
microstructure_05218.npy,2303294179.0839653,0.18119099325945237
microstructure_09501.npy,4279253914.6939836,0.18169675158088416
microstructure_02298.npy,1735677356.8778439,0.19222325708665824
microstructure_04890.npy,2431431993.077859,0.19146044128495857
microstructure_02704.npy,2402852433.8072357,0.1976948326032042
microstructure_04526.npy,1217273241.6422753,0.20222616026795923
microstructure_06870.npy,3694265340.0949087,0.17261775803724186
microstructure_05268.npy,2781780228.2148232,0.1864640377880573
microstructure_07070.npy,4207156162.9078536,0.17740127324828298
microstructure_06679.npy,4301456383.799279,0.18067040314597388
microstructure_04899.npy,2270788016.1849,0.18453787096030824
microstructure_00858.npy,3808410793.330183,0.17701322682380807
microstructure_07993.npy,4456073561.00115,0.17707611660078879
microstructure_05677.npy,2255521708.0987034,0.18987463563120782
microstructure_01187.npy,5192012214.284769,0.18268073344665584
microstructure_07335.npy,1321899081.1378243,0.19312056432470528
microstructure_09153.npy,3084262360.3519697,0.17812440237694277
microstructure_09890.npy,1208579620.8671505,0.19642840497697872
microstructure_04323.npy,2008736640.3452475,0.19149840186866965
microstructure_00552.npy,3968975076.82761,0.18178640106495317
microstructure_05436.npy,4021110708.0022073,0.1731490508050171
microstructure_03332.npy,3998877318.007412,0.1831227960451093
microstructure_08966.npy,1622899372.6542013,0.1979178528246904
microstructure_09737.npy,4244711234.755726,0.1909052375982071
microstructure_08342.npy,1319790002.7754002,0.19513943008643742
microstructure_04275.npy,4241309430.7366743,0.17685735270500025
microstructure_03993.npy,3277298667.280243,0.18811341210973667
microstructure_03871.npy,4186691155.1373153,0.18091564085507603
microstructure_00823.npy,4515752162.88412,0.18064518900484688
microstructure_07683.npy,3504540376.604234,0.18387639228971242
microstructure_07509.npy,3358235524.0967445,0.1779169536991815
microstructure_03393.npy,1650114672.648602,0.18605693197551862
microstructure_01456.npy,1708367521.9119534,0.20081138531108314
microstructure_07918.npy,3009474548.891249,0.18040218260995267
microstructure_00634.npy,1773036069.4856083,0.19504627642706823
microstructure_08721.npy,4118230010.4548464,0.18592575367517544
microstructure_03401.npy,2448677494.280427,0.19051845532114034
microstructure_03671.npy,3580119167.949635,0.17734879627592018
microstructure_06882.npy,3538689760.484507,0.1714803573255726
microstructure_00272.npy,1530137817.4265583,0.1903204967860157
microstructure_08710.npy,1496359186.5089924,0.19522537628486739
microstructure_05765.npy,3967572520.858574,0.18421928817016442
microstructure_01303.npy,1309252685.910507,0.19234470088665295
microstructure_05221.npy,2099338959.2122557,0.19150975737362314
microstructure_02334.npy,4203687327.2738533,0.18407652661093699
microstructure_05326.npy,1703859383.356977,0.20488138913055864
microstructure_09546.npy,3569985127.8102326,0.18897021715623097
microstructure_00476.npy,1669536343.251507,0.19053034875972355
microstructure_08061.npy,1744106226.3630595,0.19088253663674684
microstructure_01300.npy,1365486594.0756207,0.19857760984861741
microstructure_04431.npy,1740210582.9685783,0.20223820400629117
microstructure_07661.npy,1304445755.7800684,0.1967509404767311
microstructure_01391.npy,3806797594.9587245,0.18595223005452124
microstructure_00749.npy,2020835321.6898956,0.1980136554776419
microstructure_09166.npy,4120977960.3016825,0.18934068834075704
microstructure_00025.npy,1973219522.6077728,0.15845587189014576
microstructure_06902.npy,3275132144.465101,0.18490626919615247
microstructure_07033.npy,3180340295.1095304,0.17958485309375444
microstructure_08837.npy,4104219121.4714513,0.1757581269945123
microstructure_01263.npy,1479837187.0217457,0.1807698938510919
microstructure_00989.npy,1840089151.4585097,0.1776191038557066
microstructure_05799.npy,2148869448.3071175,0.18850075404014446
microstructure_01851.npy,1249279753.1999083,0.19952928431090605
microstructure_09521.npy,3578508927.7701693,0.16913964909474663
microstructure_06012.npy,2763858980.7587547,0.18925722116311758
microstructure_07459.npy,2168444518.8378477,0.2040352175692365
microstructure_05355.npy,3464645480.0206475,0.18029513486309476
microstructure_00796.npy,3955503347.348681,0.19153466981260858
microstructure_04371.npy,3677219098.5707064,0.17692507074965363
microstructure_07461.npy,4709962777.087252,0.18602029605768858
microstructure_09031.npy,1806614884.250809,0.19774282892311063
microstructure_09930.npy,1642795676.0788717,0.18780298348365293
microstructure_05655.npy,4607269734.612451,0.17761050347307206
microstructure_00369.npy,3776603622.333872,0.18211126949353712
microstructure_03249.npy,3397572317.0164266,0.1676796460061113
microstructure_08407.npy,4461195125.150628,0.17562090293725324
microstructure_04426.npy,2414352550.5768814,0.19295015896972076
microstructure_02139.npy,3780293932.6934595,0.18792300150037183
microstructure_03744.npy,3440837209.3559833,0.1709484233887704
microstructure_04455.npy,3176322507.8691106,0.18922693440104946
microstructure_04673.npy,1958865923.145028,0.1923870661524095
microstructure_05165.npy,2693873791.5661607,0.19747805274122118
microstructure_07326.npy,1571423453.0706234,0.20024797539034203
microstructure_00690.npy,2444297678.951137,0.17931373578202833
microstructure_05889.npy,1188860573.694777,0.2005772526307509
microstructure_03586.npy,3256508641.247745,0.17690363270557485
microstructure_07027.npy,1430298638.5488443,0.1964454676825037
microstructure_05333.npy,1664763520.0261016,0.1977570237387881
microstructure_05481.npy,4328451806.308782,0.17425743486086046
microstructure_08294.npy,1573916965.412123,0.19802483039591326
microstructure_03398.npy,2445603201.677177,0.17910572822999207
microstructure_02489.npy,3242887205.7637253,0.20085285727575694
microstructure_04083.npy,2393793832.740966,0.19337364492345124
microstructure_06421.npy,4327261144.005677,0.18348794760592946
microstructure_05816.npy,1436269090.9194736,0.20746488411583178
microstructure_09210.npy,3874050328.155761,0.17760783828806684
microstructure_02475.npy,2518099888.5653286,0.18776949673076707
microstructure_05953.npy,2156742811.41818,0.19619094765182415
microstructure_06519.npy,2637761752.446983,0.16806596200866863
microstructure_09672.npy,4006424581.240918,0.17149671582601847
microstructure_06358.npy,3861276670.5899897,0.1794691541865909
microstructure_07395.npy,4106258701.8975806,0.1756548686245423
microstructure_07471.npy,3847460156.2426176,0.1811977405109143
microstructure_07675.npy,2473606162.3378835,0.19715854061797036
microstructure_05473.npy,4359647956.9755125,0.17927044116233262
microstructure_00113.npy,2306848796.1261034,0.165380569898704
microstructure_05595.npy,4506613304.276697,0.1775899975537016
microstructure_08743.npy,2844413873.8347826,0.16226412206706212
microstructure_07944.npy,1337920675.5564868,0.18602667565247438
microstructure_04594.npy,2978244755.517359,0.1807995882809201
microstructure_04988.npy,1396474510.6663327,0.19688797077511988
microstructure_02889.npy,4576721220.484848,0.16880999649713807
microstructure_03452.npy,1291758035.764603,0.19881239787481192
microstructure_06286.npy,2179237557.650907,0.19578938002237226
microstructure_08873.npy,1995889794.3748105,0.19066124128180148
microstructure_06049.npy,1383708639.0156043,0.19314053550280263
microstructure_06787.npy,2599729051.8608365,0.1900705202191405
microstructure_05710.npy,1803055628.5814958,0.19031482472380537
microstructure_08333.npy,4144045939.130874,0.17747682524913921
microstructure_07349.npy,3883147012.4346404,0.19134714004751602
microstructure_08848.npy,2832356011.0767307,0.1854099827306695
microstructure_06330.npy,1879492753.32514,0.1906212712851662
microstructure_07429.npy,2354124391.522212,0.18530470565892823
microstructure_09828.npy,3992551613.6252728,0.18509871355994426
microstructure_01142.npy,2536944163.630994,0.17755102087232086
microstructure_06394.npy,1738329968.2622871,0.18486677606243496
microstructure_03837.npy,4239332347.8498435,0.174625069620754
microstructure_01985.npy,3368624034.780352,0.17139222045372648
microstructure_08556.npy,3876514188.240177,0.1844599256092686
microstructure_02665.npy,1339209690.4071946,0.1983342767946772
microstructure_02977.npy,4108483400.240083,0.18175686650975945
microstructure_06198.npy,4729676945.237195,0.1902898529167597
microstructure_04784.npy,4363241140.344522,0.17097117354393174
microstructure_03690.npy,2701329720.5239005,0.19473453312303862
microstructure_08698.npy,3843985100.517322,0.1763162700692397
microstructure_00594.npy,2143616066.569123,0.19154486326666875
microstructure_01265.npy,3776921744.275575,0.1768138038547961
microstructure_04223.npy,1503238569.9329085,0.20254505321489216
microstructure_09270.npy,3171342909.7663116,0.17932010530061251
microstructure_08912.npy,2297206497.8613014,0.19192928318810584
microstructure_08307.npy,1327251949.2367756,0.20106699584805385
microstructure_01411.npy,3852802324.5690627,0.17889067916904067
microstructure_00384.npy,3671493348.0317264,0.1818191090956506
microstructure_00619.npy,2160010445.272347,0.17838902970879675
microstructure_07649.npy,1910159451.7340412,0.19851704414815052
microstructure_02951.npy,4524156571.681064,0.16496532284036322
microstructure_06563.npy,1471596559.6097298,0.19837102333786852
microstructure_06595.npy,3359453312.032046,0.18247661404619578
microstructure_05699.npy,4230315498.918099,0.18292314208035224
microstructure_07305.npy,1529991521.0578814,0.19793343877436304
microstructure_09563.npy,4567571230.391474,0.17313414854019196
microstructure_07754.npy,4176958028.31542,0.1819607677107083
microstructure_07593.npy,1444698191.7915335,0.19781912466439627
microstructure_02748.npy,3848657540.5704765,0.18128395150845536
microstructure_08468.npy,2397838118.5633683,0.18530685359801935
microstructure_03200.npy,2508196121.025098,0.189054309316916
microstructure_02574.npy,1765758517.8862233,0.17663911626831674
microstructure_08588.npy,2222388607.450131,0.19622561759444776
microstructure_01547.npy,2342113419.370229,0.18341356425351
microstructure_03056.npy,3495468269.4744725,0.1740890242191684
microstructure_08586.npy,1713482647.1931458,0.198097699698891
microstructure_00877.npy,1658421444.384139,0.18315849616405047
microstructure_06699.npy,4122457435.89694,0.17978235912614857
microstructure_03636.npy,4454809302.892481,0.17271546342519806
microstructure_02553.npy,2290297168.7057815,0.19344200324736285
microstructure_03556.npy,1474383037.7031515,0.19279841442786327
microstructure_06373.npy,3714682833.682209,0.16209121493318415
microstructure_09381.npy,4322150487.00782,0.17422750624295646
microstructure_09396.npy,2329047133.242649,0.18825082139346386
microstructure_02290.npy,3425366743.279799,0.166168305087504
microstructure_08270.npy,1518323538.6055777,0.19838290225679248
microstructure_06277.npy,3302734841.726179,0.17171808570169728
microstructure_01634.npy,3681661120.4484076,0.16537261244351834
microstructure_08406.npy,2856238601.2955256,0.1767923883931653
microstructure_03099.npy,2692264552.8872375,0.18037858617460795
microstructure_06011.npy,4076065293.7051725,0.17456988852263006
microstructure_03800.npy,3558653107.519381,0.17084347012972406
microstructure_06661.npy,2562691341.6063814,0.18505907246795955
microstructure_09912.npy,1462312755.9038997,0.19524933647896156
microstructure_05551.npy,1817914637.4211485,0.1871122411636085
microstructure_08053.npy,3699765665.649145,0.16850405682065012
microstructure_08933.npy,3440769217.454782,0.17627743437859095
microstructure_01358.npy,3590740160.9760528,0.19272708429797047
microstructure_02512.npy,1549005292.152291,0.18987847241363148
microstructure_00737.npy,2267036236.6968575,0.19120101651459073
microstructure_07884.npy,3614250329.7508473,0.17630472997484348
microstructure_05202.npy,3289645670.315687,0.18330202443039276
microstructure_04883.npy,1550981683.4113162,0.19697685890315497
microstructure_08675.npy,2128013203.465631,0.20029128926700385
microstructure_07266.npy,2654671806.750427,0.19534379877233626
microstructure_00610.npy,3765008676.103702,0.17748165208724306
microstructure_01612.npy,1705635557.676804,0.18579810328988797
microstructure_04104.npy,3076279398.790273,0.18752968374673426
microstructure_08944.npy,3711249649.7272234,0.17790222823472596
microstructure_01502.npy,3270463526.383336,0.1760870348520992
microstructure_06132.npy,4589090181.473436,0.1798438430100687
microstructure_07478.npy,3749444202.2214513,0.1783705173692561
microstructure_04149.npy,1442087591.9984288,0.20162204888026747
microstructure_08030.npy,2827369309.853449,0.18557348348711225
microstructure_08320.npy,2402655399.071043,0.15671766124714953
microstructure_07133.npy,2092254074.8381062,0.19424049828642762
microstructure_00613.npy,1355739963.3496406,0.19145633521164934
microstructure_03166.npy,4084355108.9525366,0.16636771971176423
microstructure_02614.npy,4358888144.51511,0.1870937263231311
microstructure_04666.npy,1209020864.6376395,0.19804716376469086
microstructure_03035.npy,3659474163.182476,0.18002980315597863
microstructure_01141.npy,2299664151.7826333,0.1923959944206768
microstructure_02355.npy,1356078314.3654492,0.19699922200081768
microstructure_00618.npy,1373177844.5023465,0.1973926818110138
microstructure_09945.npy,1255560544.207695,0.19443059417144024
microstructure_09785.npy,1496803954.557596,0.2081034839256949
microstructure_02428.npy,4010120184.137571,0.18634713686800358
microstructure_05464.npy,4309225470.65828,0.18851101390116934
microstructure_09539.npy,3766896832.149539,0.17364212464689327
microstructure_07588.npy,3329448397.741912,0.18344314822260716
microstructure_06444.npy,1266992859.2096584,0.20673349731894794
microstructure_07242.npy,2563464375.274331,0.16584978715893708
microstructure_06825.npy,1465184536.9788446,0.19772249759991262
microstructure_00743.npy,2589462269.0306897,0.18446904191307706
microstructure_03349.npy,1310184195.9847503,0.20132563009203358
microstructure_08261.npy,4541287949.306287,0.16495854942852925
microstructure_00326.npy,1703317051.0158904,0.19511673716360697
microstructure_00151.npy,2805754324.7583323,0.18350886464170268
microstructure_04982.npy,2144867457.4176862,0.19166814579064437
microstructure_01918.npy,3065070976.8130217,0.18724769320236212
microstructure_07126.npy,1535638736.0965865,0.19656245387634474
microstructure_05108.npy,1821350156.6779032,0.17787999059742035
microstructure_09215.npy,4093686181.044789,0.17312898225807108
microstructure_04489.npy,3011196571.355726,0.17622492349642863
microstructure_08382.npy,2843816837.354786,0.1860021639343158
microstructure_05851.npy,2429563590.175258,0.1851381179121087
microstructure_06524.npy,4522723396.393154,0.18276246707481583
microstructure_02052.npy,3662971918.3610764,0.1715502502948041
microstructure_00502.npy,1450161733.5946999,0.20717839949198735
microstructure_00417.npy,3134567421.020728,0.1932609096737366
microstructure_07776.npy,1776725235.2972593,0.19320250887105458
microstructure_02914.npy,3215385875.0695477,0.1784152628193769
microstructure_07367.npy,4093018099.9500747,0.16968044245635808
microstructure_02897.npy,2879620778.828234,0.19365853143713715
microstructure_02990.npy,4017327457.723735,0.1802967037671593
microstructure_09739.npy,1898442793.5697255,0.18686990877136786
microstructure_06706.npy,1276777706.0318978,0.1961753751573998
microstructure_04987.npy,2640962386.382487,0.17682058062175396
microstructure_02527.npy,1230350002.885808,0.2028077418375111
microstructure_05487.npy,1270568508.547432,0.2010072165520105
microstructure_08117.npy,4254387744.2794485,0.1780260558490776
microstructure_07828.npy,1751413647.47239,0.19494852289296097
microstructure_08722.npy,4325531551.9138155,0.17857980790050884
microstructure_09904.npy,1575945514.8163369,0.19447132760192473
microstructure_00698.npy,4061768499.0563703,0.18217004828402786
microstructure_04979.npy,1253615161.6785228,0.20315171563695414
microstructure_03137.npy,3557538091.613953,0.18163203945377532
microstructure_05682.npy,1439638885.3892481,0.18674685212983239
microstructure_05440.npy,1519004275.5907495,0.19212664903599116
microstructure_03406.npy,4278023843.9213696,0.1841781482733736
microstructure_04541.npy,3660688697.2998657,0.1769387341290199
microstructure_08845.npy,1503008568.258529,0.19580345108923652
microstructure_00357.npy,4472366267.122266,0.18601441535475624
microstructure_05137.npy,1242782809.806195,0.201931650312744
microstructure_01002.npy,1568912259.3141837,0.1995399040336479
microstructure_02539.npy,1181168525.0281746,0.196093936878587
microstructure_06734.npy,2919105134.570141,0.18055887686849972
microstructure_01557.npy,1727224790.3400795,0.18035567421098095
microstructure_07679.npy,1730842751.192519,0.20160885327140574
microstructure_03642.npy,1338200000.2279966,0.19918026448911602
microstructure_08509.npy,3947328322.7632556,0.1656009228271736
microstructure_07923.npy,2114288444.7414856,0.18346072522838114
microstructure_06265.npy,2779856569.7031174,0.184358007367725
microstructure_05907.npy,1803082069.8891132,0.1961833288383021
microstructure_05688.npy,1808501154.6113567,0.1944337708497843
microstructure_01210.npy,3509830495.529966,0.17794250168325582
microstructure_00604.npy,3545177666.4391522,0.17912865343738552
microstructure_06976.npy,1422296625.2543259,0.19418684294935956
microstructure_09642.npy,1886662076.0741096,0.17983711672087344
microstructure_04856.npy,1852783148.2467747,0.19903869255053883
microstructure_06062.npy,3589878152.669027,0.17126345878863738
microstructure_04058.npy,3892945674.1666713,0.18532196625195155
microstructure_09418.npy,2293086155.870095,0.18136540245771043
microstructure_06416.npy,4008114446.490255,0.17411857340893142
microstructure_06244.npy,1769933689.4416213,0.19368436959718635
microstructure_06284.npy,1258851428.9214904,0.19266790366512226
microstructure_01567.npy,1672962329.1909266,0.19904085203495733
microstructure_08244.npy,2496633837.453074,0.18635973819451515
microstructure_06168.npy,3869112859.1910534,0.18240600694536147
microstructure_07389.npy,3821285125.4723477,0.1647782868585672
microstructure_06135.npy,1802768761.1151328,0.18117296703957472
microstructure_01950.npy,3467792768.934519,0.17877718077151258
microstructure_01405.npy,1563749541.089956,0.20068353489409826
microstructure_05300.npy,2197477085.1277103,0.19216248586611043
microstructure_02587.npy,2703269905.464642,0.18997201091645102
microstructure_02000.npy,2208330170.250063,0.17923393480667613
microstructure_04374.npy,4428539993.6671715,0.17965361077716932
microstructure_00088.npy,1806868284.2793758,0.19717484966907986
microstructure_09503.npy,2408093535.0247464,0.17793853928121273
microstructure_05966.npy,1348315590.1589427,0.2010357022648191
microstructure_05453.npy,2496850570.5085897,0.18316255626549924
microstructure_09820.npy,1508151337.4106631,0.19674820521947428
microstructure_02759.npy,3713677474.233253,0.17254511787532628
microstructure_03140.npy,2229422986.6391544,0.16623880093536653
microstructure_08731.npy,3577228333.410275,0.17149481913173276
microstructure_06724.npy,2074548011.5406528,0.18626079046054236
microstructure_03244.npy,2532476923.1833005,0.1908195874277876
microstructure_07843.npy,2007785189.2927668,0.1919736939652147
microstructure_04844.npy,2538236044.4386415,0.18820211377558996
microstructure_07623.npy,1486610813.5410113,0.20216587211963774
microstructure_01998.npy,1692173710.5307117,0.18934746801058477
microstructure_06483.npy,3909699963.464109,0.17461764915387135
microstructure_06088.npy,2357635471.9648776,0.19325968808377872
microstructure_09372.npy,4147847576.556353,0.17835418025889996
microstructure_09982.npy,2597574157.910661,0.20677573591117698
microstructure_09888.npy,2119840752.0097787,0.19952017737349492
microstructure_05066.npy,1584177609.8240538,0.19089725620210118
microstructure_09590.npy,3590668818.342445,0.189247053470948
microstructure_07088.npy,4640036555.505346,0.17892744541369968
microstructure_06922.npy,1346125902.8275402,0.20269882070429238
microstructure_01052.npy,2799409034.2402186,0.1895302357084892
microstructure_05739.npy,1648120502.5444255,0.2045192381428814
microstructure_01534.npy,3451190118.7300143,0.17086771413979032
microstructure_09408.npy,1523270320.615124,0.19163798924559178
microstructure_09116.npy,2110187662.6895232,0.2008048687382016
microstructure_06489.npy,3278153966.677432,0.1831738925085158
microstructure_08409.npy,3435581915.6734104,0.17807292837754204
microstructure_00553.npy,4576552296.102119,0.1796919422496982
microstructure_08962.npy,2722600689.5485687,0.16426534152094766
microstructure_01284.npy,1257795043.779706,0.1991058201436757
microstructure_02717.npy,1428647335.1534517,0.19428081379699527
microstructure_06249.npy,4219707209.081445,0.1808224191554397
microstructure_05718.npy,3520406390.7082567,0.1801741291418545
microstructure_06450.npy,2406036800.694471,0.18870687894778343
microstructure_06805.npy,4269579071.824116,0.1747581231909898
microstructure_08665.npy,2033155876.283553,0.17737360129761817
microstructure_04106.npy,1255560544.207695,0.19443059417144018
microstructure_02299.npy,2835660475.9042997,0.19143070111163965
microstructure_01389.npy,1928130459.4761398,0.18659108668927835
microstructure_05308.npy,2404625530.2616987,0.17467099952565432
microstructure_04684.npy,1588640124.75285,0.19832639049394846
microstructure_07577.npy,3848122109.1198297,0.17521617858735755
microstructure_07939.npy,1467919865.818555,0.19742877557854202
microstructure_09545.npy,3027549655.974247,0.17334295655385173
microstructure_01809.npy,4092620677.956011,0.18946768736844996
microstructure_02963.npy,1364297549.5012045,0.19102685393483224
microstructure_07264.npy,1967874849.6722963,0.19077056019545102
microstructure_06194.npy,2179761837.941574,0.18654544564443762
microstructure_03569.npy,4412767365.793635,0.1858533197085314
microstructure_09577.npy,4061821930.0409937,0.17848910053995243
microstructure_03209.npy,4588351503.867124,0.1833318688018692
microstructure_00949.npy,1413919109.9789395,0.20282183429355888
microstructure_01861.npy,3990385054.4834237,0.17551352044348195
microstructure_01548.npy,2160521599.517182,0.1909075990212063
microstructure_04383.npy,1950008799.7450333,0.19549671338628982
microstructure_08671.npy,3356962605.6666017,0.17549755591279098
microstructure_09041.npy,2797205343.250929,0.17753288975258696
microstructure_02887.npy,1736336690.9224598,0.18745840780709053
microstructure_05156.npy,3616917319.8303823,0.18280943431140836
microstructure_01645.npy,3847787890.658369,0.1887542319195735
microstructure_02933.npy,3017144610.5696335,0.1844374452505501
microstructure_02820.npy,3792513813.205407,0.18173872597132934
microstructure_04018.npy,2242959588.1481104,0.1653804929118822
microstructure_02265.npy,3248618773.490917,0.18011192742040574
microstructure_04127.npy,1542171872.904169,0.1910132481419902
microstructure_02133.npy,4132101327.029851,0.18345525423754613
microstructure_04942.npy,1295727310.6551652,0.19273238544729
microstructure_00000.npy,3477112148.1243544,0.17627416241175714
microstructure_09012.npy,3770046335.0877323,0.17636146547715212
microstructure_02772.npy,1397259602.6403596,0.19378828419482297
microstructure_09994.npy,3880404837.755446,0.1810107450540461
microstructure_04920.npy,1939605305.8883202,0.18682192182793825
microstructure_09615.npy,3462363782.1113677,0.15974400558311652
microstructure_05531.npy,4722200377.099505,0.18755925940189772
microstructure_07146.npy,4095055602.6941752,0.17942303024781214
microstructure_05191.npy,2292038151.7591085,0.1920544549556761
microstructure_07930.npy,1241514315.6945286,0.19873853480963805
microstructure_04558.npy,2945224865.1735415,0.1799377346634209
microstructure_06840.npy,4123105262.854888,0.17321031323812164
microstructure_00449.npy,3424855137.9331303,0.18941604807598242
microstructure_03229.npy,1805906041.4544795,0.19897299967299817
microstructure_00251.npy,3841206493.2452292,0.1743350434892681
microstructure_05479.npy,2178719079.992908,0.185330227465586
microstructure_07049.npy,4226768268.0308504,0.18392695629500433
microstructure_08913.npy,2674234708.1368346,0.1894233549088103
microstructure_06072.npy,1507101325.9282098,0.1873698738753302
microstructure_07216.npy,2579565296.2215786,0.18386017711046032
microstructure_07826.npy,3539786494.6360035,0.1851827946589497
microstructure_01606.npy,4085712198.101788,0.18139074037100464
microstructure_09311.npy,3900464385.8756595,0.17054769490230787
microstructure_08349.npy,3379249831.8592677,0.17628352167627115
microstructure_09487.npy,1922439249.7750793,0.20584433746567105
microstructure_00968.npy,1275195829.1198192,0.1922521760928416
microstructure_09262.npy,1377662117.3468018,0.19401296070535154
microstructure_06154.npy,3838344435.6052713,0.1800816145639149
microstructure_05015.npy,1717013963.4943323,0.18683257878807474
microstructure_01104.npy,3943463056.557969,0.1756529042141458
microstructure_06167.npy,4035342949.229932,0.1802376023958443
microstructure_00207.npy,2609423865.607047,0.2038072910057007
microstructure_02947.npy,2037088064.9123328,0.18809501826707375
microstructure_06311.npy,2634951789.6580706,0.203381836485558
microstructure_07358.npy,2133688431.1067224,0.1904548171506275
microstructure_02746.npy,2433287361.7921824,0.18302648057000268
microstructure_03356.npy,1416043345.7033658,0.1958189681748407
microstructure_05930.npy,2388141219.935936,0.1954323824623692
microstructure_03754.npy,1401090932.446308,0.1998698689626338
microstructure_03172.npy,1255560544.2076957,0.1944305941714403
microstructure_01852.npy,2503327315.4950814,0.1902026770666993
microstructure_07067.npy,1608855925.637274,0.19688986326867788
microstructure_05777.npy,1405505275.5495677,0.18837120017080378
microstructure_09433.npy,1780514462.907896,0.1954738130650128
microstructure_02535.npy,1476779194.2211025,0.19842476940205206
microstructure_03253.npy,3712978564.877978,0.17184509167139006
microstructure_04777.npy,1664454326.4543698,0.18884211605486775
microstructure_00064.npy,2107173202.9114904,0.19137851814066578
microstructure_00933.npy,3678582918.600144,0.18918407589096925
microstructure_02868.npy,1461017477.8431985,0.20138001214868298
microstructure_03591.npy,4462667833.685668,0.1855088574373301
microstructure_05320.npy,4020404862.1596313,0.17212992236874983
microstructure_05009.npy,4141031282.3936505,0.17687497352726392
microstructure_04853.npy,2771618677.9032173,0.19346330467941908
microstructure_04336.npy,4102592050.1881833,0.17446884149571718
microstructure_02953.npy,1276260157.9213,0.20239791885632122
microstructure_01457.npy,3756657442.4474583,0.18100144921364617
microstructure_05866.npy,1291246935.5777307,0.19090432460611223
microstructure_06813.npy,1285516726.4262874,0.2009692753859731
microstructure_04713.npy,3250493669.4860473,0.17147242407818764
microstructure_07778.npy,3698329545.9623094,0.17097458258348006
microstructure_06652.npy,1350675500.0705943,0.19780715095466472
microstructure_01891.npy,3323161894.814854,0.17363178041942692
microstructure_07950.npy,4725799732.279763,0.18373589669314538
microstructure_05931.npy,2105752470.3164895,0.19619331761126077
microstructure_04605.npy,3448687508.0294886,0.17859178197051734
microstructure_07671.npy,4898199561.413283,0.18474477177514947
microstructure_06762.npy,3146940928.2201743,0.18293592815091972
microstructure_03595.npy,1255679865.5429952,0.20002107913734468
microstructure_03748.npy,2544603996.2144694,0.19306196903078482
microstructure_00135.npy,1610565348.415298,0.19639056148448897
microstructure_02731.npy,4100603362.574131,0.1782012964429823
microstructure_06129.npy,4592375582.434661,0.17769526708607267
microstructure_08181.npy,1252744367.9681706,0.19633710689237205
microstructure_04392.npy,1281474018.076827,0.19343683989015517
microstructure_08979.npy,4013559956.3332214,0.18530782601850157
microstructure_03068.npy,2810898333.4523196,0.190118919427613
microstructure_05013.npy,4381368946.495158,0.18213827468303428
microstructure_02568.npy,4218812973.9738426,0.18244421137214845
microstructure_09000.npy,3492346310.428838,0.18208789950264534
microstructure_01995.npy,1397701381.859944,0.19820720713232334
microstructure_04217.npy,2077475066.9144328,0.15678850125964852
microstructure_02031.npy,4254181543.486137,0.17905071288174068
microstructure_04485.npy,4802889236.111641,0.1744671990284538
microstructure_02630.npy,2122819227.8772886,0.19259080853548785
microstructure_05806.npy,4359109514.005497,0.17817788776765675
microstructure_07702.npy,2068695441.0254116,0.18775723950048748
microstructure_02100.npy,1423898687.7201838,0.19841380616917972
microstructure_05758.npy,1405325073.6370747,0.19862664546583453
microstructure_05226.npy,1651142373.462562,0.1884870593796157
microstructure_05014.npy,2165835053.732616,0.18720371393954022
microstructure_02491.npy,1236240134.7303755,0.2005018001194428
microstructure_07130.npy,1468079483.7172627,0.19773359578840435
microstructure_07095.npy,3040686099.925542,0.1940221582245943
microstructure_06500.npy,2402995306.1820645,0.17520835992826306
microstructure_01880.npy,1859856663.2160132,0.19444417644500578
microstructure_01602.npy,3099978088.869617,0.18879754369560164
microstructure_02924.npy,2884981015.739473,0.18288660461927247
microstructure_00963.npy,3427117419.853455,0.185745568990848
microstructure_01620.npy,3498912164.2941985,0.17337923721854048
microstructure_03849.npy,2656812843.763625,0.17645819794481618
microstructure_04116.npy,3732890882.244781,0.17617497605784851
microstructure_09816.npy,2071863985.7877188,0.19702923076752668
microstructure_08774.npy,4107096391.5444527,0.1874689774711124
microstructure_04835.npy,1436537172.9598176,0.18474702807333154
microstructure_06112.npy,2507152716.7426696,0.17658775415075492
microstructure_05972.npy,1327698704.316439,0.20166740586785104
microstructure_09504.npy,3126520854.10763,0.17360945535714195
microstructure_00917.npy,3063366815.237136,0.18686912066836206
microstructure_02996.npy,3976675327.122995,0.17685507538939266
microstructure_08098.npy,3098381039.740843,0.1937849561556958
microstructure_01219.npy,1470437962.2518718,0.1974956921593084
microstructure_02520.npy,1912824409.610452,0.19195957326413243
microstructure_01791.npy,2951452041.485085,0.1844156268554208
microstructure_02223.npy,3309783178.8874884,0.18074364960894868
microstructure_09347.npy,4277923342.355212,0.18076688799195711
microstructure_07385.npy,3178539812.382598,0.18694509096448586
microstructure_02625.npy,2865164184.5503488,0.18648352816366276
microstructure_08313.npy,1591142867.1329243,0.2004964157183557
microstructure_07315.npy,3725531196.988673,0.18574451847843065
microstructure_00187.npy,5324780041.286308,0.19390484324821297
microstructure_04185.npy,1785120916.909028,0.19424911452456844
microstructure_09507.npy,1328356389.540146,0.20488467058140492
microstructure_05967.npy,1179244458.5571659,0.20186208283573798
microstructure_06893.npy,3915260284.955721,0.17289020035414598
microstructure_01280.npy,4115869651.198142,0.17323194632900996
microstructure_02797.npy,2174456141.453449,0.19145092869956237
microstructure_04506.npy,1832704250.558288,0.1729331240495063
microstructure_04262.npy,4117659311.202243,0.18355903913606345
microstructure_06914.npy,1464687340.9387696,0.21015579311801594
microstructure_01056.npy,1340774098.9267254,0.19198361470867228
microstructure_04943.npy,3956887897.401666,0.1817928158555836
microstructure_08339.npy,3800181374.591666,0.1956971596774926
microstructure_09443.npy,1706503695.1145117,0.18899590040718234
microstructure_06295.npy,3037897982.3797584,0.16481123717706953
microstructure_06458.npy,3530365320.7871437,0.17820180471536334
microstructure_07144.npy,2780227077.932072,0.17748099607734197
microstructure_06453.npy,3996043496.7150292,0.18185547443761316
microstructure_04141.npy,2062391228.9177248,0.18619903220432085
microstructure_02848.npy,1769741389.5349715,0.21064692009266875
microstructure_03760.npy,2579873130.4548845,0.18526611503860407
microstructure_00069.npy,1164268830.1063395,0.20061979452139225
microstructure_09373.npy,4121883010.2366595,0.16480349308503534
microstructure_04352.npy,3876331222.2632565,0.17633679575175001
microstructure_04356.npy,3896449092.6444073,0.18559285959154628
microstructure_05482.npy,4352449673.044828,0.1736582884840587
microstructure_06200.npy,3518164663.826019,0.1671775482268286
microstructure_05563.npy,2105042175.1543183,0.1935860653925609
microstructure_01990.npy,1551347645.7028213,0.19353579942850227
microstructure_03442.npy,1698193929.4766943,0.2002363508445264
microstructure_03011.npy,4125918159.0961003,0.186470444317419
microstructure_04647.npy,4555247641.905935,0.18530838020545085
microstructure_05935.npy,1465119875.9178464,0.21012367127902334
microstructure_00404.npy,2902973110.255548,0.18300585044967793
microstructure_00745.npy,3768530448.5876594,0.1790893883185672
microstructure_07076.npy,3702387877.5805492,0.17718376513917472
microstructure_04557.npy,2800613214.4957604,0.1855145936321077
microstructure_05555.npy,1709233540.7394958,0.1928110752352868
microstructure_08537.npy,4097508706.271861,0.18529933492838999
microstructure_05650.npy,2449480449.4366374,0.13908827174960814
microstructure_08245.npy,4215275319.9799957,0.18093472991244441
microstructure_08629.npy,1849371757.09118,0.18901040807303307
microstructure_08923.npy,2361400943.446548,0.19455149746386788
microstructure_01908.npy,1281474018.0768278,0.19343683989015512
microstructure_00960.npy,3865935262.387399,0.15160083926398535
microstructure_06372.npy,3856417107.4931927,0.1905592425755754
microstructure_09120.npy,3639862014.6550274,0.17939400104583023
microstructure_03230.npy,2392253153.5793405,0.1900230429497247
microstructure_08659.npy,4032631891.196889,0.18629663268930383
microstructure_00556.npy,1254754003.0055184,0.19942634132459655
microstructure_08524.npy,1418211464.0169423,0.1880368833683885
microstructure_08935.npy,1495265305.3862112,0.18870270882332119
microstructure_04587.npy,3945395792.6515627,0.1806674896643534
microstructure_03318.npy,2372678687.206545,0.19251167148094842
microstructure_02533.npy,3640863024.5354204,0.1866704223989364
microstructure_00641.npy,3241266038.3897576,0.19055604120881098
microstructure_07851.npy,4833074379.560815,0.17570526589424618
microstructure_00605.npy,2655071472.0240974,0.18466580799871848
microstructure_09970.npy,1548725778.4548106,0.19072153096658861
microstructure_08326.npy,1217210377.8239539,0.19218885837857194
microstructure_08388.npy,3079856477.570794,0.18750225970122542
microstructure_09477.npy,2263828174.38941,0.20342199271619377
microstructure_00786.npy,1336775423.7677054,0.201278332208766
microstructure_04715.npy,1426289089.1408274,0.20065079978213227
microstructure_02529.npy,1357061513.8053432,0.19617986572403714
microstructure_01202.npy,1944522478.1828723,0.18780018962237505
microstructure_06025.npy,1485575679.4842465,0.2026932356588791
microstructure_04008.npy,4154230405.371972,0.16912141614858878
microstructure_07578.npy,4443907801.318997,0.18176579789059522
microstructure_06105.npy,1779914627.7184715,0.20734427302530628
microstructure_00830.npy,3116974722.309949,0.17390012932080587
microstructure_09240.npy,3563849105.800971,0.18118443703069997
microstructure_09633.npy,2898133538.5846615,0.1755294520201618
microstructure_03131.npy,3077994722.3122,0.18365475307117546
microstructure_04687.npy,3672715206.9344287,0.1755085766860861
microstructure_09597.npy,1974697871.5435894,0.17981299948540325
microstructure_01111.npy,3761297220.1739545,0.18034864066745696
microstructure_00768.npy,1213595532.346517,0.20019580906778167
microstructure_02134.npy,3643807910.312808,0.17543342597514536
microstructure_01706.npy,4515725102.939181,0.17720243295273871
microstructure_04284.npy,3684316361.13399,0.17866950991619232
microstructure_09936.npy,1239759471.7594452,0.19713620069030743
microstructure_08702.npy,2148653206.659839,0.19046298362698216
microstructure_06605.npy,3421341106.0764,0.1819169714214118
microstructure_02658.npy,1301246368.5685835,0.19412419129214714
microstructure_02410.npy,3679928756.398677,0.17450951392688305
microstructure_09850.npy,2627215914.576792,0.18916543333125146
microstructure_02288.npy,4291681208.2053647,0.18211693917438593
microstructure_09911.npy,1620970875.1930423,0.19793476430631435
microstructure_08632.npy,2335732465.144638,0.19271969195812894
microstructure_00387.npy,1884088992.8726254,0.19155630251300282
microstructure_07678.npy,3482860173.9386673,0.18088968902385752
microstructure_00041.npy,2294304907.487882,0.18779442503968974
microstructure_01201.npy,2923330637.4724693,0.17919976925443493
microstructure_04656.npy,1597221884.3285491,0.20168846751078784
microstructure_08060.npy,1561311220.942541,0.1763559849295194
microstructure_02172.npy,2378050571.904351,0.18948368414976652
microstructure_02976.npy,1398108356.639046,0.20029159586328382
microstructure_03742.npy,3597950459.085994,0.17469119604400088
microstructure_08908.npy,3015007825.92872,0.16764465513217078
microstructure_06974.npy,1444672952.7229443,0.1981673974414984
microstructure_07401.npy,5004872390.346607,0.1782508639525309
microstructure_05238.npy,2317584470.199242,0.1910291190791932
microstructure_06986.npy,1748399593.0388072,0.16954479366252004
microstructure_05912.npy,2284731774.1501403,0.19348044003374779
microstructure_01304.npy,1405399060.80846,0.2057525481742578
microstructure_03219.npy,2292826658.728622,0.18517157549534446
microstructure_00171.npy,1501604505.4485006,0.19735444786122344
microstructure_05309.npy,3180555627.5681643,0.16718217511787994
microstructure_05371.npy,2558531743.5322657,0.17212684870790132
microstructure_04585.npy,2505164283.6244826,0.2009760035216186
microstructure_07167.npy,2929896944.0661106,0.185527008379354
microstructure_04492.npy,3103212931.7156477,0.18193491893853583
microstructure_09534.npy,1486174353.5795932,0.2001487685755728
microstructure_06052.npy,3949552890.4745617,0.18173421665527392
microstructure_08891.npy,1663046683.310997,0.1841862885266297
microstructure_03534.npy,2644620475.5521507,0.18180569536526625
microstructure_03763.npy,4924512888.021889,0.17040086815365799
microstructure_00475.npy,3450570468.505864,0.18025549361318863
microstructure_06306.npy,2325148168.6421885,0.18512844047090374
microstructure_06949.npy,4128849290.926378,0.18668895994064758
microstructure_03560.npy,1971329004.101034,0.19808227533492972
microstructure_03554.npy,1399372270.0172622,0.18650584639521442
microstructure_08906.npy,3642195060.632209,0.18271813321591762
microstructure_05516.npy,1640520004.2549167,0.1957391531415674
microstructure_01193.npy,4113310968.2576594,0.18098765400088718
microstructure_03247.npy,2787401456.6316023,0.18042965571874303
microstructure_02702.npy,4677369061.851622,0.16873489865056532
microstructure_04380.npy,3361035731.759295,0.1831285106995793
microstructure_04486.npy,3849275663.810582,0.1914334394941611
microstructure_08071.npy,4351889815.762387,0.18434087730393617
microstructure_02091.npy,3487357210.565758,0.18022402421917524
microstructure_05870.npy,2013973418.4721081,0.18973661909254855
microstructure_09423.npy,3288563505.6896653,0.17135394313516172
microstructure_02187.npy,4263392308.9845204,0.173850116615487
microstructure_01008.npy,1336052954.3461807,0.20816950227507397
microstructure_07966.npy,1453879954.164229,0.1968522660941472
microstructure_01872.npy,1253851797.3934293,0.19693831212228538
microstructure_00628.npy,2401802757.2566066,0.19130846629492798
microstructure_00204.npy,1445832581.886878,0.19948589805331152
microstructure_04805.npy,3075873037.5780554,0.17264297827297523
microstructure_06051.npy,2184219141.9181523,0.18438487445024507
microstructure_03119.npy,3518109790.7314415,0.1708849158365263
microstructure_00657.npy,2779899071.1230087,0.1803125086446659
microstructure_04459.npy,3765504242.8274713,0.18385095054661593
microstructure_02896.npy,3813762056.781946,0.1751575444756099
microstructure_05132.npy,2007849872.7216501,0.20187028838373144
microstructure_09757.npy,1315267283.757396,0.1939241014798986
microstructure_05258.npy,1277925423.3673277,0.19306178135676252
microstructure_00727.npy,2546229329.4982023,0.19357687028941575
microstructure_08723.npy,3245093790.7142677,0.17596035171093366
microstructure_09235.npy,2094338960.934104,0.19972125701146345
microstructure_08356.npy,1484459926.23515,0.20095161233731113
microstructure_00471.npy,1596192096.490434,0.2015668025273694
microstructure_04110.npy,2592491066.0961723,0.18261220789556912
microstructure_03663.npy,3138712345.9390407,0.16953359374972846
microstructure_06669.npy,1223885080.8622959,0.20140255342501442
microstructure_04269.npy,1619407853.1804807,0.1804823278569363
microstructure_07458.npy,2890942757.6060357,0.1919789913261342
microstructure_03802.npy,2326513560.4458847,0.1951136041059755
microstructure_07739.npy,3553387668.022796,0.18431998957378898
microstructure_07700.npy,1524841142.7929618,0.18767172628099318
microstructure_02903.npy,1659827352.4289007,0.19003038915631573
microstructure_04681.npy,2490814860.575939,0.18606024069740237
microstructure_02389.npy,2316876907.733987,0.19446778525202996
microstructure_03743.npy,4129675011.0347905,0.18157340192606292
microstructure_02344.npy,3361185623.903328,0.18257052442342156
microstructure_02816.npy,3604903362.230877,0.18242878646408428
microstructure_03750.npy,4860850169.738211,0.19297788521412135
microstructure_09635.npy,1795059779.4196568,0.1972606719055287
microstructure_05922.npy,3518715517.0188236,0.18517051044643085
microstructure_05080.npy,2263245717.058753,0.20107981755703028
microstructure_05598.npy,1920432758.439296,0.1729009263150332
microstructure_06057.npy,4630396348.701448,0.18416490841723843
microstructure_00883.npy,1984887766.1384492,0.19507431703761674
microstructure_00928.npy,4005996480.277285,0.18090441094943074
microstructure_02727.npy,1786810412.7420936,0.17911683315198723
microstructure_03602.npy,1990184623.6100962,0.18880395280780687
microstructure_08599.npy,4101031072.1444607,0.1812272204520784
microstructure_03185.npy,2528252154.637745,0.1875386495181499
microstructure_02124.npy,1638128186.402134,0.18319097230887837
microstructure_03974.npy,4200588161.7763624,0.1739540182338098
microstructure_04155.npy,2679503046.184577,0.19278833425332703
microstructure_01017.npy,2681120721.4826202,0.16917232820075676
microstructure_04576.npy,1541633808.7881186,0.2053003622519851
microstructure_05748.npy,1435884267.041004,0.18845585577913604
microstructure_02229.npy,2620749854.2969947,0.17742383276795526
microstructure_08066.npy,4105803376.708551,0.181700602098961
microstructure_01504.npy,2993305768.070114,0.17343204972344664
microstructure_04441.npy,3357523721.183584,0.1827781962261902
microstructure_07398.npy,4074157606.3863945,0.17814579390177798
microstructure_01663.npy,4164714632.9550276,0.18009450162890617
microstructure_05746.npy,2743634271.2676196,0.17196992073955808
microstructure_05795.npy,3657978383.392312,0.17944069296126633
microstructure_06034.npy,1830409657.1226304,0.2012358254173984
microstructure_05958.npy,2837707609.5598736,0.18078865055330012
microstructure_03877.npy,2417985935.8161583,0.18267527424739952
microstructure_04742.npy,2345002382.319853,0.1928392542341789
microstructure_06095.npy,3525280046.2697144,0.18849241541131845
microstructure_03018.npy,2897837483.713748,0.17469904812149203
microstructure_06428.npy,2233374655.4860196,0.1913061037209737
microstructure_07772.npy,1797492371.3009694,0.19635872625311626
microstructure_04589.npy,2498515379.947236,0.18680776799376725
microstructure_07971.npy,1848273866.567484,0.19822754524984643
microstructure_02790.npy,3824454034.0541,0.18007636863876797
microstructure_00724.npy,1446114782.2226202,0.1973774501627644
microstructure_07071.npy,4385177837.3086605,0.1859814716205691
microstructure_06929.npy,1908519091.08304,0.19267515624677983
microstructure_00415.npy,1693488691.1712606,0.17510947283961537
microstructure_00994.npy,3157072684.0380373,0.19154552852546833
microstructure_07919.npy,3064305068.653562,0.1691857820677269
microstructure_01793.npy,3802157860.49196,0.18091155265538586
microstructure_02850.npy,2066495207.7442327,0.19038813307464447
microstructure_00969.npy,4431846826.063028,0.17760432830362857
microstructure_04978.npy,1831348497.9942513,0.19531909973271794
microstructure_05515.npy,4546135260.769258,0.17693580659596084
microstructure_02381.npy,1349943567.0527675,0.19548342421878334
microstructure_08472.npy,2902408195.184546,0.1698113182492908
microstructure_08725.npy,1593613148.7761602,0.19217937789261377
microstructure_00169.npy,1922424836.9372716,0.18839235109588356
microstructure_08048.npy,1966107906.7862873,0.19313566584842387
microstructure_04854.npy,1258139967.441053,0.196876088043753
microstructure_09495.npy,2911070693.4129405,0.18843853369940564
microstructure_05798.npy,1474290515.025219,0.19529736209523985
microstructure_05414.npy,3640628787.8989954,0.1779148402403007
microstructure_05389.npy,4461059573.762214,0.180227491293069
microstructure_03825.npy,1550459734.2863948,0.1924186581117448
microstructure_00689.npy,1404303368.0907311,0.18489671368506388
microstructure_09696.npy,3116451485.750878,0.1788046871528166
microstructure_05840.npy,2920675250.5632396,0.1930732818731442
microstructure_04064.npy,4949084214.36639,0.16748406555498416
microstructure_01855.npy,3386863340.647041,0.16991966166437078
microstructure_04989.npy,1268016633.046054,0.20310842416758873
microstructure_04714.npy,1354972547.0319464,0.1961098335635133
microstructure_06271.npy,1526508190.8135695,0.18464712387274693
microstructure_05420.npy,2551734487.1117015,0.18881816306404695
microstructure_01981.npy,2314213775.391387,0.1805841610468778
microstructure_05047.npy,1819137106.1064065,0.1965804746617777
microstructure_02253.npy,1257600924.013598,0.20094547982169178
microstructure_06725.npy,1727329776.0648303,0.20211550846073179
microstructure_02004.npy,2587813183.5378366,0.18409023986478118
microstructure_09609.npy,3507408295.9065824,0.19255823182152815
microstructure_03558.npy,2240949243.815604,0.19133488677001387
microstructure_06768.npy,3487268162.65164,0.17812905824768843
microstructure_09223.npy,2095957382.8898458,0.19048396363660428
microstructure_02789.npy,3718969757.8733544,0.19643170313516664
microstructure_01877.npy,1771171954.3821044,0.20960866266326358
microstructure_01247.npy,4370702799.339397,0.17890632088730718
microstructure_04902.npy,3650340735.069677,0.18980925303370905
microstructure_06846.npy,4296475593.012091,0.17761208910088327
microstructure_08945.npy,2510318595.892371,0.1838201237802444
microstructure_08615.npy,1301263067.2957628,0.19880510148848518
microstructure_03854.npy,3000965858.8710294,0.18012414882788005
microstructure_03732.npy,1305217923.2245164,0.19932061934228226
microstructure_09092.npy,1376379968.9956927,0.19836774740405472
microstructure_08417.npy,3609837031.656766,0.17363140075866051
microstructure_06131.npy,2111184966.3598204,0.1691361164614818
microstructure_06443.npy,3736247888.855396,0.19042463723593034
microstructure_07191.npy,3637299202.965627,0.18168346768528906
microstructure_07372.npy,2331625734.640688,0.16908781778777038
microstructure_02742.npy,4643417713.8230095,0.17951350881317857
microstructure_06247.npy,2579285091.42431,0.17908394131867336
microstructure_01414.npy,1681578046.7292118,0.20087595562367794
microstructure_03680.npy,3325846124.4327345,0.18100852672319806
microstructure_08106.npy,1536318771.3409302,0.17420774827405008
microstructure_09350.npy,2416102725.6012993,0.18829705846985595
microstructure_05951.npy,1665250760.3532598,0.19090718365079773
microstructure_07600.npy,1418320952.1140676,0.20044454158886843
microstructure_00975.npy,1787254946.9804158,0.19707927698879146
microstructure_08825.npy,1414900286.7769945,0.19831551509248777
microstructure_09180.npy,3048662272.7284465,0.1805422948439568
microstructure_08887.npy,1751870414.9753182,0.19477404040508298
microstructure_01150.npy,3209675914.4234195,0.1963724249181096
microstructure_07257.npy,4157699088.7830386,0.17603100868603483
microstructure_05484.npy,2036566957.9623644,0.18299940451753788
microstructure_04894.npy,1295863454.216247,0.19888918696205823
microstructure_04841.npy,1865103270.5105278,0.20077665013871374
microstructure_02411.npy,4516824158.223839,0.18888982353574027
microstructure_01717.npy,1768716970.906021,0.1824528444791184
microstructure_00996.npy,2041379709.6629362,0.18211906502402098
microstructure_00053.npy,2179347109.5685,0.18577795043352754
microstructure_08366.npy,4145427773.470194,0.18423460801921418
microstructure_05408.npy,2026845120.2435045,0.2040171108985027
microstructure_09327.npy,1203313287.1830637,0.20013715968086024
microstructure_03972.npy,3746862490.859726,0.17742437735567576
microstructure_00348.npy,4175960034.5329595,0.1902537864805806
microstructure_03700.npy,1974260197.8763282,0.1853034216926508
microstructure_04693.npy,1487651726.608701,0.19293499015205615
microstructure_00182.npy,2269137705.1789927,0.18400897775625263
microstructure_09650.npy,3353687909.5297914,0.18114393296926956
microstructure_04214.npy,2128431422.8813624,0.18681793777680067
microstructure_02373.npy,1523291894.6108308,0.20235211193633945
microstructure_06607.npy,3801344861.864574,0.17173468430435815
microstructure_00903.npy,3806932435.4243503,0.16803029800714336
microstructure_08768.npy,2997638351.8748064,0.18700257845127882
microstructure_00693.npy,2312548513.4985833,0.19710551199928253
microstructure_01491.npy,3633727940.8362327,0.18326994990171952
microstructure_04525.npy,1513376838.279724,0.19765638676015548
microstructure_08558.npy,1740817819.7711916,0.1852268617021429
microstructure_09509.npy,2261810706.083868,0.19791340089317017
microstructure_02644.npy,3560941871.1378813,0.19853873089739765
microstructure_07184.npy,2282417045.1150947,0.19401806658709356
microstructure_07489.npy,1904882260.4676483,0.18885514048757027
microstructure_06864.npy,3738390446.7484646,0.17360507443964035
microstructure_00034.npy,3721698517.9021716,0.18403195855711824
microstructure_03133.npy,3167475475.589608,0.17708828655702905
microstructure_00774.npy,3456114965.095549,0.1790271340061301
microstructure_00478.npy,3156847177.713109,0.1875437597156576
microstructure_08549.npy,1810607363.2386284,0.1804351182541177
microstructure_04447.npy,2005970088.4470687,0.20902152581694655
microstructure_05579.npy,1234469831.4924445,0.19476858609022646
microstructure_04295.npy,1481332332.2574766,0.2075726566579886
microstructure_08496.npy,1238287158.9253128,0.19872436956986814
microstructure_06454.npy,2701494276.7838483,0.1966603377405061
microstructure_00123.npy,1535861776.7301698,0.19272205793361946
microstructure_05298.npy,3976884690.2500668,0.18835030827117674
microstructure_00049.npy,4483726460.78918,0.1822914138613583
microstructure_04955.npy,2228980187.704558,0.19413769075128817
microstructure_00896.npy,3779462789.7662325,0.18053117947663472
microstructure_08746.npy,2196824126.486609,0.1960852026687149
microstructure_08323.npy,1357562609.5892181,0.18999632130943797
microstructure_02925.npy,2311644230.200671,0.18627739332220633
microstructure_08793.npy,3798188175.021996,0.1803404167872899
microstructure_01335.npy,3637379328.3174977,0.18185105456328976
microstructure_05206.npy,3586273533.586038,0.17209213991835015
microstructure_01339.npy,1556681420.617718,0.19531604027687813
microstructure_08311.npy,2415207972.484952,0.18013261623875837
microstructure_06660.npy,3684005941.45296,0.1792028753123671
microstructure_04736.npy,4328880629.463538,0.18433811832895766
microstructure_00943.npy,3143113310.256193,0.1736318115809409
microstructure_09458.npy,3633731005.899409,0.18062410662658676
microstructure_03282.npy,1572954003.8294418,0.20074584769658413
microstructure_03779.npy,3910756453.101956,0.1787440054643383
microstructure_04161.npy,2745300998.9812884,0.1772364446239605
microstructure_03205.npy,1331411308.7286332,0.20107742613545465
microstructure_05488.npy,1328192552.7515488,0.1943297704237992
microstructure_05092.npy,4489593705.150849,0.1766772795537664
microstructure_01194.npy,1891070325.1055496,0.17571429297251884
microstructure_09277.npy,2825365583.367924,0.18426218891150484
microstructure_05987.npy,1332046065.0654628,0.19586471004345382
microstructure_05735.npy,2030853158.7974842,0.18672788498849935
microstructure_04233.npy,1996942175.0939407,0.18702426634131755
microstructure_08103.npy,1949074010.5860865,0.1813720365941406
microstructure_02699.npy,1418272549.4293325,0.20465960852468318
microstructure_00298.npy,4608376278.387929,0.1757308858459511
microstructure_09558.npy,2415144139.1517997,0.1745051332113084
microstructure_00620.npy,4570735000.5876665,0.16571297168025442
microstructure_00947.npy,2367708575.7309933,0.19120616106133256
microstructure_03831.npy,1835968535.398004,0.1991933708936575
microstructure_09940.npy,3920738801.209928,0.18057974613607222
microstructure_05321.npy,3883582929.462041,0.17997347195221564
microstructure_02673.npy,3490764397.9146066,0.14658136285869294
microstructure_01234.npy,2220980883.437256,0.1852283596247912
microstructure_04651.npy,4755081960.158584,0.18317302224577292
microstructure_08753.npy,1369376648.3274276,0.185028711176658
microstructure_03363.npy,4116417654.525364,0.17775457638069392
microstructure_04534.npy,1378236877.4573648,0.20277844607832993
microstructure_09827.npy,2788313356.3856325,0.18870427665159895
microstructure_08589.npy,1373493343.9415443,0.19092986083471858
microstructure_02936.npy,4208472557.024707,0.1703029794665505
microstructure_01803.npy,3521650478.578092,0.17604686928022434
microstructure_01747.npy,3591050427.1751637,0.17227831712231698
microstructure_02710.npy,2394620880.093893,0.18238500756168236
microstructure_07641.npy,2186379630.0696726,0.1899468851542343
microstructure_07059.npy,4311721385.17312,0.18110696343555943
microstructure_06343.npy,4265759108.018997,0.19163808589461032
microstructure_06364.npy,3985375304.9676313,0.17607503449519718
microstructure_09731.npy,1550235834.068826,0.19463284463835467
microstructure_06970.npy,1597119968.2544346,0.1854843144968772
microstructure_07836.npy,1489006161.3569682,0.19506981839509538
microstructure_04337.npy,1890940146.4889872,0.17214580776322105
microstructure_08532.npy,4540746524.157758,0.1735734428152899
microstructure_09552.npy,1898498646.54415,0.1909820966778631
microstructure_03990.npy,2508876612.4605737,0.19772348929893438
microstructure_00516.npy,3919426970.0723157,0.18634129769535313
microstructure_01800.npy,1475439413.863574,0.1924810524076094
microstructure_07064.npy,3653218594.290584,0.17473516719204094
microstructure_07681.npy,3965794876.062655,0.17634979483203503
microstructure_01169.npy,1684661038.325649,0.19194928055966978
microstructure_03357.npy,3910667780.553309,0.18146510221898593
microstructure_04652.npy,3966777617.0848665,0.18426265515932938
microstructure_06470.npy,1349736416.6331487,0.20163559400310535
microstructure_06547.npy,4017321864.1255302,0.17818424768117955
microstructure_01433.npy,4770954351.257387,0.1845137616062459
microstructure_03353.npy,2980265757.2389784,0.18366211434248012
microstructure_05046.npy,4089791815.3954353,0.18016100554061437
microstructure_03216.npy,3200552343.0158267,0.17681771057940288
microstructure_03697.npy,1294919283.810181,0.20272454820094088
microstructure_04520.npy,4053915573.061772,0.17036335824584822
microstructure_04473.npy,1601277273.2593365,0.2022985319918301
microstructure_08171.npy,1737036578.514131,0.19576223346361699
microstructure_04857.npy,2056586047.0327911,0.18864746354169348
microstructure_00574.npy,1949218692.3429632,0.2076394569892328
microstructure_00216.npy,1802612196.3591413,0.19303034134854916
microstructure_06542.npy,1691963286.4638352,0.19351349133595946
microstructure_05502.npy,4530715942.3175955,0.1802711853825128
microstructure_05828.npy,3941737266.225155,0.18181140437604043
microstructure_05591.npy,2494302456.186779,0.17762805598850673
microstructure_09078.npy,2670873378.437796,0.18607504710947675
microstructure_09800.npy,1445667369.0132725,0.19662843786842008
microstructure_04111.npy,1786514364.0831423,0.18341539405297688
microstructure_05593.npy,3240639304.7307515,0.1858580139063723
microstructure_02423.npy,2675144481.8905745,0.18579409144066256
microstructure_00094.npy,1534954155.0686178,0.20605100219309572
microstructure_00039.npy,2664981560.9865937,0.1920527929065291
microstructure_03641.npy,1780203261.0306067,0.1841723834726902
microstructure_08853.npy,1908346698.0514657,0.19395227969607182
microstructure_01744.npy,4781781640.732215,0.17145047356794418
microstructure_08600.npy,3926345840.910419,0.16849240059619833
microstructure_08379.npy,4786351648.138746,0.1923675376336201
microstructure_07825.npy,3880615469.417409,0.18105790632716895
microstructure_09082.npy,2801924787.0796466,0.16793825866485698
microstructure_00631.npy,1444496720.5243776,0.194166293898704
microstructure_08443.npy,2055798716.5656936,0.18608465479460642
microstructure_05233.npy,1875427345.8887546,0.18667920231559476
microstructure_02935.npy,1518787643.0319567,0.1869711797897021
microstructure_06692.npy,3623421229.2831535,0.17672830441460124
microstructure_06266.npy,3831387360.5657606,0.18523881560200225
microstructure_04746.npy,1975260123.1495082,0.17705721915231787
microstructure_08442.npy,1244386750.430981,0.20688795391867593
microstructure_05347.npy,1330537062.0727503,0.19071334941276064
microstructure_06979.npy,2027740188.4621506,0.18988865761435847
microstructure_02157.npy,3406311721.2231092,0.1825684979623569
microstructure_02338.npy,1472607408.388048,0.18962271287000287
microstructure_02390.npy,2482926147.881823,0.19258183335934378
microstructure_02351.npy,1415827383.1425083,0.20305010855373623
microstructure_01979.npy,3582590944.221849,0.19973636310788936
microstructure_05875.npy,3741847861.25604,0.1692280924859697
microstructure_01958.npy,1709117086.3307314,0.19226136503643076
microstructure_06943.npy,1443349584.9753468,0.19671147030163622
microstructure_02178.npy,1382093811.8043833,0.2044034952813413
microstructure_06203.npy,4445420938.698473,0.17420222051085302
microstructure_06124.npy,2054332915.9842129,0.18566835925655972
microstructure_04698.npy,3142055165.7919016,0.17976426135899184
microstructure_06361.npy,4586079494.35369,0.15919950164072927
microstructure_03498.npy,2863433517.3734403,0.1783303965065565
microstructure_04261.npy,2501752752.868285,0.18493758232525892
microstructure_01220.npy,3554607460.4451547,0.18442832121784
microstructure_00020.npy,2518819313.003557,0.18210982922680746
microstructure_03285.npy,1629995830.0701718,0.19087892134784154
microstructure_08377.npy,1856087436.3594713,0.17934363484195068
microstructure_05933.npy,3044086072.855871,0.17657131684393443
microstructure_02509.npy,2379605530.575782,0.1869691814286774
microstructure_08355.npy,2231970555.396802,0.1923247027807895
microstructure_03060.npy,1903853845.5098085,0.18543606178910832
microstructure_05997.npy,2352426670.3549676,0.19501048227021012
microstructure_01928.npy,3049894296.0814424,0.18759038491902996
microstructure_08525.npy,3242033103.428822,0.17912075994779952
microstructure_06368.npy,1809713019.9220145,0.1732561917879947
microstructure_03012.npy,4123288772.263942,0.17376192921658834
microstructure_02751.npy,1395572893.0498352,0.19933715926607712
microstructure_01931.npy,1645536276.7411132,0.18845448942448054
microstructure_01146.npy,4516404853.285141,0.1801109341300764
microstructure_01302.npy,3765980832.615509,0.1780354200168431
microstructure_09422.npy,3306780543.100414,0.19352490795530944
microstructure_06414.npy,2260094991.263199,0.18433982135986246
microstructure_03252.npy,3940697558.927683,0.17493481218967608
microstructure_01820.npy,3009942537.705213,0.18356863493649733
microstructure_01439.npy,2422774075.6924257,0.2013568995697768
microstructure_01065.npy,1648231088.4722946,0.17211124289942212
microstructure_05180.npy,4733307094.818692,0.1796646390753909
microstructure_03913.npy,1882587798.3059576,0.18856496105033946
microstructure_07303.npy,2333654157.228543,0.18493607429988565
microstructure_07406.npy,2116427437.5328727,0.20465128645402328
microstructure_09524.npy,4474663426.506005,0.18514388522588496
microstructure_00970.npy,4259521461.3250036,0.16657463391222227
microstructure_01151.npy,2453237300.6085463,0.19175207817522594
microstructure_01192.npy,2512073941.481643,0.18959093746604183
microstructure_01075.npy,2141770746.0787494,0.18966971783811928
microstructure_08938.npy,4113482781.116472,0.17925533962574375
microstructure_09399.npy,1304536551.4605532,0.19054215273310177
microstructure_00068.npy,1314060407.914191,0.19212923442991922
microstructure_08497.npy,1797162650.691874,0.195309106014297
microstructure_05742.npy,1673576460.276432,0.19911012494683586
microstructure_08192.npy,1200051954.2837915,0.19839341322885823
microstructure_04040.npy,3503302768.697404,0.1697373708767535
microstructure_00126.npy,3589536088.99956,0.18001969907336945
microstructure_05646.npy,3838745808.4259872,0.18607565798221853
microstructure_00573.npy,4400734861.971621,0.18827832484826112
microstructure_02796.npy,2797794166.5338817,0.18079785242654237
microstructure_04421.npy,4674574382.386924,0.16366977041593955
microstructure_02026.npy,1283052038.824769,0.19985044366355306
microstructure_01147.npy,1261958631.505949,0.1980256339089795
microstructure_06799.npy,1941150206.2466679,0.18424560470811466
microstructure_09027.npy,1364875619.2541034,0.1983314556420179
microstructure_03025.npy,2686398589.1025777,0.17237047296820288
microstructure_02415.npy,4062092596.8737154,0.17512726600756606
microstructure_00626.npy,3148985105.1867795,0.1922039204782283
microstructure_02814.npy,1354459728.5178525,0.2013344047187783
microstructure_01910.npy,2686728156.6514874,0.18558715901545753
microstructure_04778.npy,2466194074.1691227,0.184169067716854
microstructure_04213.npy,3762935032.911361,0.18312112150380813
microstructure_02558.npy,2060760683.6398823,0.19563908716856943
microstructure_08188.npy,1582060258.9116597,0.1952209937707917
microstructure_01409.npy,1751462676.359641,0.19711003240869623
microstructure_07320.npy,1947617932.297967,0.185547754230637
microstructure_07639.npy,1340641317.4599688,0.1991175266105204
microstructure_03683.npy,3319541923.5443263,0.19419167697567125
microstructure_06720.npy,1895656962.2034733,0.2042601700036424
microstructure_09159.npy,3024543880.533898,0.18579005743962845
microstructure_00817.npy,3429896067.87976,0.1833213431549311
microstructure_03787.npy,1260658934.7824724,0.1967791845477097
microstructure_01904.npy,3764581088.8280196,0.17257630396604778
microstructure_05296.npy,3825102018.915615,0.19298585795480927
microstructure_05222.npy,4476993060.915775,0.17383919999133207
microstructure_03045.npy,2492567306.9343343,0.18550030137455395
microstructure_01936.npy,2212253080.5762844,0.19328611788693176
microstructure_07364.npy,3087294417.535248,0.184768986883797
microstructure_01084.npy,4777382990.501473,0.18000032411731207
microstructure_09383.npy,2863822347.4826827,0.182176897047081
microstructure_07782.npy,2445177849.538497,0.19068321704649505
microstructure_00513.npy,4026591274.2773457,0.1647198866132655
microstructure_00945.npy,1569226522.552732,0.18803941938572896
microstructure_07998.npy,1525856690.1130922,0.21390768839771754
microstructure_08045.npy,4052627030.090136,0.17324141192163195
microstructure_06629.npy,1481697848.6431084,0.19476167811487982
microstructure_07262.npy,1425257634.5576737,0.2026860875122818
microstructure_05998.npy,1641909351.1697497,0.1753764507014594
microstructure_02212.npy,1610780861.8474813,0.19827169315386603
microstructure_09482.npy,1252711509.9778275,0.1961960406684357
microstructure_09258.npy,1594930108.871966,0.1875910081234582
microstructure_05093.npy,3317014777.3753867,0.18986787297360805
microstructure_02642.npy,1395124424.492488,0.1981678773180623
microstructure_03236.npy,1502677902.9478436,0.19586980091536513
microstructure_09244.npy,5072550894.516947,0.1789604384003136
microstructure_05006.npy,1949453312.5473816,0.18937118598303315
microstructure_07012.npy,5155222413.755556,0.17111796957663114
microstructure_01996.npy,1619227410.567517,0.19798325044862644
microstructure_03063.npy,1339125090.1064355,0.19113181398597315
microstructure_00648.npy,3616633614.391312,0.17915547319568909
microstructure_01621.npy,2020511000.5460346,0.19118707794740125
microstructure_02561.npy,2721211010.976928,0.18333524517036406
microstructure_06467.npy,2179006821.4930463,0.18767075189466123
microstructure_04227.npy,1206433240.652254,0.2013192510251957
microstructure_01788.npy,1445230229.7638118,0.19905024468028915
microstructure_06609.npy,2921115574.8402686,0.1831554607733281
microstructure_02430.npy,2412673307.6181746,0.17811611858564705
microstructure_07409.npy,4242982805.8206778,0.17753961100936277
microstructure_00467.npy,2073033129.6538084,0.1990299531976245
microstructure_05257.npy,3656658155.790136,0.17118231056915229
microstructure_06586.npy,1958437808.9618788,0.20689501979430341
microstructure_06845.npy,2164565220.7992005,0.19093390384112643
microstructure_09903.npy,4031550528.9025354,0.1831507427035771
microstructure_02062.npy,2728256743.1188626,0.19106972355551105
microstructure_06925.npy,1827800714.6291306,0.20413159781854093
microstructure_05573.npy,3769855470.760254,0.18348915251387532
microstructure_06303.npy,2081422634.36647,0.19574072071502868
microstructure_02180.npy,2127378272.931878,0.1975869180478941
microstructure_01776.npy,3184658350.1797566,0.18064314893011055
microstructure_07043.npy,4552754273.62734,0.18551339477839637
microstructure_00627.npy,1479708689.7792206,0.193485307727152
microstructure_02391.npy,2023711543.103145,0.1703960761801156
microstructure_05835.npy,3720060632.7914534,0.1770198088878478
microstructure_07226.npy,4617697057.003523,0.18961705913905624
microstructure_06721.npy,3663998701.648758,0.183367032597095
microstructure_00263.npy,4031504494.3119917,0.1818414079341476
microstructure_01314.npy,3958176826.4356146,0.1805040366341177
microstructure_01197.npy,2580158174.2100844,0.18056990029458342
microstructure_00863.npy,1720752550.1684394,0.18498035576048585
microstructure_06465.npy,1340486620.5146327,0.19616569195597558
microstructure_03251.npy,2523038087.035698,0.1895586021547007
microstructure_04548.npy,2459554732.6353936,0.18728662437437238
microstructure_05303.npy,4255598530.3686647,0.17550526683361878
microstructure_06496.npy,1623377515.6334121,0.1930851152528204
microstructure_06107.npy,4536752541.529544,0.1736474092804521
microstructure_01600.npy,1991679656.96397,0.1883015106995704
microstructure_07192.npy,1636419395.5326355,0.1953082098048962
microstructure_04694.npy,3826926910.0633597,0.18852691812925995
microstructure_08897.npy,2445167352.63881,0.18627720641625967
microstructure_05668.npy,1998136077.015176,0.19406876615020982
microstructure_05179.npy,3629259944.9413886,0.17088486707298534
microstructure_04306.npy,2665276332.5416555,0.19632010806432004
microstructure_06211.npy,1300643778.9296932,0.20060934253414214
microstructure_07804.npy,3835960292.141486,0.17389045996980787
microstructure_04180.npy,3666693584.9225273,0.18592283626170955
microstructure_07846.npy,3174099127.6581025,0.16746835268569382
microstructure_03138.npy,1582548897.7757602,0.19417430226244606
microstructure_05332.npy,1405839772.688114,0.18826854573050283
microstructure_05568.npy,2174233368.677311,0.1924916723369812
microstructure_05968.npy,2356122440.334349,0.19002400652573015
microstructure_00149.npy,4036364913.1022964,0.18290588447615386
microstructure_07212.npy,3811699013.0479727,0.16868296670455848
microstructure_01577.npy,1352597818.7634642,0.1951264162371841
microstructure_04312.npy,4039873442.3470907,0.18167299342321053
microstructure_02470.npy,1403514214.2080042,0.20606551458982772
microstructure_05033.npy,4526641467.486881,0.17895643908227696
microstructure_02570.npy,3474314133.037861,0.17909257534898357
microstructure_07881.npy,3074228682.38584,0.18898799465595786
microstructure_06877.npy,4257515935.8431764,0.18839822157073302
microstructure_06521.npy,1213222337.4004855,0.20000565845425267
microstructure_07243.npy,3136754812.9561067,0.19024573252833152
microstructure_05062.npy,3488789922.306914,0.1816702728066342
microstructure_09349.npy,4132635425.316561,0.19122381988233025
microstructure_09430.npy,3685831782.208846,0.18178620470373488
microstructure_02348.npy,3274187289.365882,0.18194275686954162
microstructure_07521.npy,4347496996.149751,0.16756286045299348
microstructure_03910.npy,4222365373.3088293,0.1724422052149001
microstructure_05847.npy,1360512003.8563468,0.19712757816065937
microstructure_04836.npy,4252567236.0149593,0.1798063600453442
microstructure_04423.npy,2812168585.8923974,0.18190994737031044
microstructure_01080.npy,1623974858.1723664,0.18591991037063765
microstructure_01211.npy,1281474018.0768282,0.19343683989015528
microstructure_08070.npy,3713266153.928059,0.18565382459471472
microstructure_06059.npy,1744628220.5860062,0.19374463826510968
microstructure_00915.npy,1809274501.991878,0.19427454264871175
microstructure_00044.npy,2257447788.703476,0.1940690491857726
microstructure_01745.npy,3045934133.236575,0.19902205355828329
microstructure_05904.npy,3443055691.1466208,0.1743315276685115
microstructure_04722.npy,4230958586.4597206,0.1597934555340292
microstructure_03306.npy,2956728611.208035,0.19232908887501576
microstructure_09842.npy,3079037695.263488,0.19488692322012582
microstructure_05217.npy,3582673443.776997,0.183496554239783
microstructure_00434.npy,4328683610.2647915,0.17482560088102914
microstructure_07954.npy,4351273881.545393,0.1798357672481678
microstructure_03064.npy,3166361265.785456,0.18475885485545473
microstructure_05954.npy,1867603871.522101,0.19473973593046354
microstructure_00671.npy,4118568398.600521,0.17358102802090153
microstructure_06338.npy,1314147143.9239037,0.2050830775355335
microstructure_04994.npy,1959839722.4104135,0.18672095493798388
microstructure_03857.npy,1932381140.3444417,0.1924563554462786
microstructure_09599.npy,1201313068.3044713,0.20070728086700695
microstructure_03288.npy,3665169384.295171,0.16205571448641537
microstructure_07015.npy,2849875810.15613,0.17905298415428206
microstructure_02492.npy,4516336630.295532,0.16663788510941538
microstructure_09578.npy,2079390421.997179,0.18012928756373572
microstructure_05110.npy,4724907159.107522,0.1834049193682883
microstructure_00275.npy,1413824255.961668,0.20471586710368728
microstructure_07289.npy,1515025924.947727,0.21141941451267635
microstructure_09335.npy,4180735809.25859,0.173727952279582
microstructure_09149.npy,2461930660.756852,0.18576642262863569
microstructure_03940.npy,4087124988.0480676,0.18194099069046668
microstructure_03564.npy,3731288274.2189717,0.18206675512507667
microstructure_03227.npy,2002167733.0738409,0.21183532331974958
microstructure_05733.npy,2058911451.8747044,0.1995280564787063
microstructure_05719.npy,4234518167.8380504,0.18013547590257473
microstructure_03629.npy,2238654297.8236423,0.18415003344053346
microstructure_08640.npy,1896329963.7835147,0.17666596794902992
microstructure_06491.npy,1356750164.0776947,0.19900549379878915
microstructure_04981.npy,4336185213.697744,0.16682380495439528
microstructure_01432.npy,4283220427.478838,0.1799358024682408
microstructure_03593.npy,2018617668.5212202,0.19219314090281142
microstructure_09145.npy,2225568043.7367196,0.1878349254321389
microstructure_08193.npy,4163053778.5858192,0.1795970021627788
microstructure_04350.npy,4206201951.1400785,0.17462767184422254
microstructure_02280.npy,2019365702.7297146,0.18654092623591823
microstructure_01379.npy,3302599976.143496,0.17623140012191946
microstructure_08019.npy,3287761108.1176167,0.1860644335747336
microstructure_01874.npy,2679779910.431597,0.18161974284190752
microstructure_01258.npy,1394961710.1378698,0.19634960085518785
microstructure_03566.npy,1294200814.247559,0.19702599622594183
microstructure_08074.npy,1338714560.505335,0.19463313268275445
microstructure_03799.npy,1362876342.5204587,0.18792083551338792
microstructure_04702.npy,1921193562.3388197,0.18851264691029287
microstructure_02583.npy,4815345672.459199,0.16619293426630688
microstructure_06684.npy,4338979457.232359,0.17850652500092298
microstructure_01644.npy,3911334034.7366858,0.17926313740901548
microstructure_05394.npy,4142707361.304393,0.17461550875045098
microstructure_04897.npy,4003100059.6807055,0.16783954243577073
microstructure_02865.npy,2457190798.5959153,0.17289506250959072
microstructure_02179.npy,1480533608.521288,0.183434060043772
microstructure_05289.npy,3952424618.29321,0.18265204955208536
microstructure_06682.npy,3826319348.0651116,0.17228618253934447
microstructure_03258.npy,1943092732.5858245,0.20226032123576237
microstructure_05577.npy,1916714275.814635,0.1868764612245987
microstructure_06930.npy,1616579897.9503376,0.18263668581865708
microstructure_07670.npy,2821628800.325003,0.1834193323114121
microstructure_04036.npy,1481666963.624339,0.19340091345114135
microstructure_08542.npy,1409899621.1913106,0.1907410224923775
microstructure_05415.npy,4335688518.069953,0.17454605250672023
microstructure_09340.npy,4480615818.984508,0.1791852275629125
microstructure_08271.npy,4680678071.767686,0.17771444553488552
microstructure_09906.npy,1378133285.6685681,0.19862624724844824
microstructure_04820.npy,1499414754.9553022,0.1890952313657678
microstructure_03624.npy,2118410807.2592418,0.19129139593380742
microstructure_07190.npy,3253206486.437525,0.17488466901026758
microstructure_00099.npy,3037066228.897984,0.18978360134941205
microstructure_06537.npy,1609153271.445806,0.20616843501961918
microstructure_07219.npy,2027181516.7091174,0.19804963304630513
microstructure_07938.npy,3560638659.6261206,0.17988122510416454
microstructure_02147.npy,3102263250.797018,0.18961836683954014
microstructure_06779.npy,4712105513.418756,0.19426430208229306
microstructure_04770.npy,3674261257.657591,0.18099795590449025
microstructure_00252.npy,1789279001.4978466,0.19686540653813034
microstructure_04572.npy,1640644268.4243822,0.19364837995238476
microstructure_07136.npy,3078931006.19427,0.17381946256765626
microstructure_06796.npy,2345026820.7845592,0.17982037626273553
microstructure_07435.npy,1934889067.0971794,0.17660536782751476
microstructure_09969.npy,4509829900.298506,0.1856375638182359
microstructure_08448.npy,1971633560.854218,0.18447979588360314
microstructure_01225.npy,3956149512.721987,0.17469184706578547
microstructure_09981.npy,1926921771.4710212,0.16464174952528346
microstructure_02066.npy,2205553377.96275,0.18805516770980168
microstructure_07995.npy,3982591259.8268156,0.18782950674364976
microstructure_06230.npy,2783732229.9608326,0.18023563224576927
microstructure_07439.npy,3719189556.6974883,0.18409619488132123
microstructure_03103.npy,1292016156.3509111,0.2018837200785763
microstructure_05895.npy,4375799606.375354,0.1941373753474077
microstructure_08390.npy,3756310079.3100586,0.1772385190658971
microstructure_03151.npy,1915746187.2278874,0.1977548964893306
microstructure_08149.npy,3926010265.3286543,0.18672999091307016
microstructure_06299.npy,1411444731.6290088,0.20455014696592133
microstructure_04296.npy,3858843572.0175595,0.17283871420048794
microstructure_06901.npy,3679226072.536259,0.16871140092032766
microstructure_08523.npy,3235678051.5936913,0.18832896835697863
microstructure_07119.npy,2541214370.9241147,0.1841069885267231
microstructure_03865.npy,2002465301.917895,0.1924978444275402
microstructure_04412.npy,3418642738.7418356,0.17267394076654777
microstructure_02425.npy,3230303448.3606644,0.17101248251671508
microstructure_08832.npy,4235401158.902255,0.1876306271677321
microstructure_06544.npy,1507532760.9258165,0.19572859423239256
microstructure_02978.npy,2361108069.6849513,0.1847036809780956
microstructure_05749.npy,3269435616.27169,0.1759626110038806
microstructure_02123.npy,2463277537.0709453,0.19202701227645072
microstructure_00278.npy,3959966669.3010025,0.1824048257638462
microstructure_05744.npy,1709155514.4200118,0.19609314346370652
microstructure_08836.npy,4171765810.2940054,0.16552213972608396
microstructure_09164.npy,4133535254.5018787,0.18959658679363997
microstructure_05915.npy,3641009147.6897244,0.18635325141780731
microstructure_04226.npy,1333314963.6603434,0.2036097612256093
microstructure_02403.npy,4208373571.3817186,0.18183163770417488
microstructure_02046.npy,1630220363.007985,0.19798171030425765
microstructure_00295.npy,2043895652.305277,0.18281903075311828
microstructure_05261.npy,3716166877.2354827,0.17532322748056253
microstructure_06345.npy,3427642129.1026835,0.1792736099214004
microstructure_05605.npy,1428876439.4145875,0.19764701193909964
microstructure_04334.npy,3329949662.79341,0.18391037511620176
microstructure_03765.npy,2113285306.6523747,0.1902758825919288
microstructure_01789.npy,1822926442.7324219,0.18922039518802453
microstructure_01561.npy,2287053258.951688,0.18991510805171913
microstructure_09087.npy,2151782580.4438167,0.18017294159167296
microstructure_09118.npy,2141850715.2896175,0.18953091913602194
microstructure_09749.npy,1783344953.7374337,0.19472232698415748
microstructure_03694.npy,3472196431.262294,0.1698618026008112
microstructure_00762.npy,1967576119.9128814,0.18082512305866666
microstructure_00744.npy,3724965266.2927613,0.1715304306881619
microstructure_02986.npy,1592742058.7869613,0.19212963968602076
microstructure_05043.npy,3393560495.343098,0.1833025361894618
microstructure_01338.npy,3184272069.360136,0.18296851304006173
microstructure_01460.npy,1310764917.464924,0.1986817213975757
microstructure_02111.npy,4216514212.054416,0.17426249648584757
microstructure_09846.npy,2669391923.5307627,0.18812322841751836
microstructure_03496.npy,1805127895.3749459,0.19816167120946335
microstructure_01883.npy,2095735008.0024738,0.1951463200003293
microstructure_06419.npy,3911007317.638043,0.17945426675499937
microstructure_04985.npy,2353053854.3201437,0.19263481302940963
microstructure_01359.npy,2249323316.63228,0.20330061563251114
microstructure_05094.npy,1778366888.6946158,0.18947213280451722
microstructure_03571.npy,3907872820.623774,0.1822464178784277
microstructure_00175.npy,2614094059.025926,0.19104501623865583
microstructure_05253.npy,1516231783.2614968,0.20262403662564568
microstructure_06400.npy,4434889708.268182,0.18277503150263633
microstructure_09670.npy,3033140237.7867126,0.18122123586393915
microstructure_06968.npy,2080810312.020865,0.18672281402303118
microstructure_04573.npy,3546948051.0614247,0.1818284328888455
microstructure_05212.npy,1993496090.5240502,0.18819356465245962
microstructure_07329.npy,1866566157.2257946,0.17803575297749344
microstructure_09592.npy,2860718963.531284,0.17765100915211163
microstructure_09750.npy,3594228882.3894596,0.18017654182159057
microstructure_08315.npy,1885424322.4456582,0.19314576766212335
microstructure_05696.npy,2450228028.4335713,0.20526803221464912
microstructure_09287.npy,1640152125.7192051,0.19794076543226294
microstructure_07331.npy,1611872508.9128387,0.2005459478779613
microstructure_02370.npy,3617766559.1216865,0.19185605133520134
microstructure_07539.npy,1472988769.0039144,0.20141590978370988
microstructure_05641.npy,2691015602.6998177,0.17630150718359355
microstructure_07717.npy,3929910581.3930526,0.18453306345105108
microstructure_04362.npy,1458963311.3914225,0.197170442062025
microstructure_07247.npy,4278984647.110327,0.18040083980209182
microstructure_04321.npy,1693223408.7142239,0.19030668418665606
microstructure_01827.npy,1790159087.024009,0.19237427058407952
microstructure_09987.npy,2352425095.9630995,0.1657043181407549
microstructure_02720.npy,1253904713.5222096,0.19940881633134958
microstructure_00859.npy,2573143074.0656567,0.18942654596042938
microstructure_05644.npy,3574141258.654608,0.1880734583203754
microstructure_03242.npy,2966526094.9507256,0.18761529045673297
microstructure_04505.npy,2235438413.5060697,0.18132224945582892
microstructure_08253.npy,3507901477.239684,0.1871756275609761
microstructure_00468.npy,2812158507.9910545,0.1701602880600487
microstructure_04188.npy,1288376989.2960129,0.19625934701754272
microstructure_03105.npy,1300591604.3855548,0.20074461248032727
microstructure_04049.npy,1665037109.1990297,0.20473190671693073
microstructure_07495.npy,2160801495.4660177,0.19448025115614104
microstructure_07105.npy,1430958642.662751,0.18934984889014403
microstructure_01828.npy,4089674657.8798265,0.18833484208701826
microstructure_02279.npy,1588191633.9040582,0.20287903665358012
microstructure_07379.npy,2211077921.9441133,0.17495697163514493
microstructure_07041.npy,1293230143.3409078,0.2025491679057027
microstructure_04859.npy,2247764621.387263,0.1892788738209808
microstructure_09286.npy,1534903324.282572,0.1831199931448435
microstructure_03303.npy,2091198260.4559212,0.17895274494838295
microstructure_07896.npy,1958678890.0795488,0.19806560354063868
microstructure_05223.npy,2946412687.7443933,0.19956021204627997
microstructure_02368.npy,3800556437.3010216,0.18387598931802454
microstructure_08090.npy,1196744994.1485908,0.19712398602517672
microstructure_01652.npy,2312877822.506825,0.187885470225921
microstructure_07953.npy,1627090369.5793614,0.20211000587297348
microstructure_06583.npy,2282948527.8828034,0.19299188495791203
microstructure_03084.npy,1951371565.9632633,0.19076649808465349
microstructure_03596.npy,4450311445.368014,0.16745443812472563
microstructure_03334.npy,2651895745.889205,0.1921574780667754
microstructure_01697.npy,3504851152.244163,0.17433964008608524
microstructure_04915.npy,1524851349.9572506,0.18914609575837446
microstructure_02219.npy,2574916840.184948,0.18419562942800988
microstructure_06532.npy,3833841100.6635375,0.17813818296600825
microstructure_00217.npy,1530771112.8957677,0.202014318094952
microstructure_00102.npy,1332670962.9818337,0.20109836754209964
microstructure_01710.npy,1405505275.5495682,0.1883712001708034
microstructure_08460.npy,4124222885.7953563,0.16419469628800223
microstructure_02427.npy,1392625840.2072246,0.1948027637383957
microstructure_01039.npy,2066820904.5633192,0.17344185170590468
microstructure_07731.npy,1255798915.610828,0.2034652972943921
microstructure_07209.npy,1543949632.2814057,0.19879090753828754
microstructure_04903.npy,3276284459.0374928,0.1840890726288102
microstructure_01113.npy,3844435678.972925,0.18181297925484616
microstructure_07228.npy,2551151130.191546,0.17931440170069718
microstructure_02152.npy,1570585896.8704977,0.18062378605704377
microstructure_02575.npy,1377623466.2143118,0.19054535386448315
microstructure_00825.npy,4634403024.827603,0.18323122126121463
microstructure_06681.npy,2158172385.9199305,0.18852798261248255
microstructure_02353.npy,1869411380.8886893,0.18932054101976603
microstructure_07245.npy,4744922719.575515,0.1662724857911919
microstructure_02220.npy,2174119265.3995543,0.1860022642647998
microstructure_02676.npy,4580402697.653188,0.16950574434314458
microstructure_05821.npy,2448980819.9896398,0.19037418724600297
microstructure_01831.npy,1704695942.1636503,0.201685315283283
microstructure_04300.npy,2579627356.136652,0.20117437944725966
microstructure_05532.npy,1331898076.4744608,0.1940897904536342
microstructure_02678.npy,3555743130.5417066,0.17694173579134614
microstructure_04852.npy,3500730075.827187,0.18339681121508417
microstructure_03568.npy,1552628360.610197,0.20399350811464487
microstructure_07621.npy,3830338703.9464226,0.16861718367296155
microstructure_07664.npy,3813685511.838455,0.17837926398888837
microstructure_09127.npy,1262348490.7765515,0.20086866854426702
microstructure_00065.npy,4630434740.621176,0.18156461540932406
microstructure_07166.npy,2792330559.586969,0.18140622794137265
microstructure_07238.npy,1707828966.509029,0.19989195517151018
microstructure_03380.npy,4071371277.6109843,0.17853825388519864
microstructure_04956.npy,1201104597.3305895,0.20356941268792925
microstructure_06748.npy,1456232295.374884,0.19867939962736364
microstructure_08131.npy,3604258056.9653907,0.18673637649596264
microstructure_05731.npy,2083163769.2154415,0.17055703760709737
microstructure_06826.npy,2349914122.502349,0.18815421414976685
microstructure_09217.npy,3452027511.5347967,0.18056742762026878
microstructure_08402.npy,4007882073.3879323,0.1738681643471791
microstructure_03211.npy,1498536070.1291666,0.20943650512248818
microstructure_01431.npy,1576923474.0995357,0.19135959937729854
microstructure_01421.npy,2162601836.2010765,0.18369282659042757
microstructure_04901.npy,2490382085.148436,0.19747563231836876
microstructure_06934.npy,1987666667.9993534,0.19213562474013804
microstructure_03359.npy,3680862808.482883,0.17723488859023365
microstructure_09848.npy,3482648019.4971633,0.1768603232827523
microstructure_04050.npy,4221867878.6911774,0.18043033271853587
microstructure_00977.npy,2288812503.364471,0.1909830875002811
microstructure_00769.npy,2557747690.9642243,0.18524306354941017
microstructure_05192.npy,4561360091.670443,0.18327392295384928
microstructure_00389.npy,1774134549.3502412,0.1945368137481458
microstructure_06488.npy,4245503703.9229803,0.1774512904114884
microstructure_01449.npy,3497125200.8294063,0.194579050299758
microstructure_00170.npy,1363294433.9196484,0.19369083050159464
microstructure_04061.npy,1259599641.9786246,0.19950703538035647
microstructure_03384.npy,1464902638.2687173,0.1942656146729461
microstructure_08230.npy,1554261527.7701714,0.20015227897496995
microstructure_02085.npy,4129557444.8294845,0.1693958303953917
microstructure_07200.npy,1969562379.0420215,0.18374845023409014
microstructure_06572.npy,2208994734.881536,0.18191027835776205
microstructure_03050.npy,4182691734.6000667,0.1852990691137951
microstructure_07733.npy,2342995976.145241,0.2064919479103017
microstructure_06329.npy,4557125729.75958,0.17637095463720387
microstructure_03715.npy,1885284119.641491,0.1985568458962995
microstructure_09465.npy,2748530461.7615643,0.17407292212898873
microstructure_04802.npy,1348737040.3920777,0.20161260013545423
microstructure_05868.npy,1983814985.8778992,0.1901187716992591
microstructure_09891.npy,3337922301.9106755,0.17991165946372895
microstructure_02948.npy,1374196746.0866528,0.19528097497536467
microstructure_09471.npy,4214005353.5621734,0.18762032962104114
microstructure_00074.npy,1871632317.2511795,0.1879590555862807
microstructure_04075.npy,1293156338.4190567,0.20098585049359607
microstructure_06760.npy,3478237723.1439924,0.17926910245761932
microstructure_02824.npy,3103297275.625009,0.17815463061412978
microstructure_02050.npy,4200094250.238454,0.16482443213924236
microstructure_03603.npy,1446005936.2941067,0.20319834942539544
microstructure_02115.npy,2824986909.4620776,0.1794535299469597
microstructure_09770.npy,1503438912.9644134,0.20031433517056352
microstructure_01505.npy,3960056029.208833,0.16987860723739392
microstructure_02035.npy,1309252685.910507,0.19234470088665287
microstructure_06923.npy,1771951419.5048683,0.1851037516511894
microstructure_08022.npy,1397388618.5116348,0.19875983280604367
microstructure_09596.npy,1692632867.636138,0.19540317733989984
microstructure_03415.npy,4031964568.57928,0.1871224055470717
microstructure_04102.npy,1732984035.2460628,0.1973474979389436
microstructure_06638.npy,1369279511.3006365,0.19565528073240995
microstructure_02928.npy,1846786117.4155717,0.20052686419052174
microstructure_06241.npy,1657658905.1276884,0.1701814453430433
microstructure_05553.npy,3303974766.216948,0.18973232415790173
microstructure_01091.npy,2672352423.0139427,0.18665131297739834
microstructure_09745.npy,3199463811.4037685,0.1838868406999761
microstructure_05947.npy,1434782288.4007537,0.18882433272167154
microstructure_03658.npy,2354818816.1008844,0.1864673235734781
microstructure_07045.npy,1537822824.4286137,0.19845850674930454
microstructure_08579.npy,2784239978.232504,0.17940866652219126
microstructure_03964.npy,3647524988.8807974,0.1803653205396348
microstructure_00723.npy,2163183378.623772,0.20026010707887346
microstructure_07632.npy,2858681299.9800863,0.1813736788952106
microstructure_06153.npy,4117166908.4997473,0.17284386325170248
microstructure_08173.npy,3892189113.097007,0.18260337602964666
microstructure_03264.npy,1209062917.7704914,0.19610388975582668
microstructure_01949.npy,3702974510.1579905,0.18056945243282987
microstructure_07565.npy,4125451451.7013793,0.18790842516747655
microstructure_04194.npy,3848783475.251332,0.18335033906899362
microstructure_09100.npy,3583192534.6520815,0.19013612866144125
microstructure_00982.npy,3706562798.9606733,0.16302927502747316
microstructure_05128.npy,2488027070.371622,0.17955736779484527
microstructure_08939.npy,4008415657.0722995,0.17869703954542734
microstructure_02332.npy,3082895394.388282,0.18649546000048015
microstructure_05219.npy,4539361741.012324,0.19232342421071508
microstructure_03860.npy,1516954316.6931767,0.20305603635831843
microstructure_01003.npy,2272540587.0490866,0.18619416113521128
microstructure_03656.npy,4237384202.430879,0.1721634863833062
microstructure_04035.npy,3988867583.8204308,0.1809320371464815
microstructure_08955.npy,1848449176.2061596,0.18518967010198736
microstructure_04828.npy,1441931464.3895907,0.1955224780780008
microstructure_02247.npy,4319480684.663655,0.1783523038382817
microstructure_06435.npy,2106147995.4391625,0.1705493364577029
microstructure_00839.npy,1302186038.366252,0.1931484165960805
microstructure_01429.npy,1658227535.437499,0.20488227297710224
microstructure_06525.npy,1550737348.8794599,0.19774221188511593
microstructure_09843.npy,1301889134.5849624,0.20310321483201965
microstructure_03886.npy,1701002742.04492,0.1970453563420931
microstructure_03695.npy,3695070096.13861,0.17023919102376653
microstructure_03480.npy,3989608376.6269565,0.167600261043025
microstructure_04858.npy,4027202202.423834,0.16559597442379134
microstructure_02189.npy,1429958911.1560113,0.20391054195325337
microstructure_07463.npy,3046699126.6259656,0.18629454291055694
microstructure_00775.npy,2185648039.064608,0.20000226920306594
microstructure_07698.npy,3677305481.8089886,0.18529401467847953
microstructure_05506.npy,1165539605.9285796,0.2032751557486318
microstructure_04344.npy,1448461658.6241364,0.2045413817197279
microstructure_01575.npy,3187228229.1574454,0.17987998019645415
microstructure_05988.npy,2028158711.659652,0.20737716015721977
microstructure_05239.npy,2145828632.699688,0.19734390204399757
microstructure_03126.npy,1889462315.7192092,0.1898820968839087
microstructure_03917.npy,1267165806.4549253,0.19862769604182792
microstructure_07662.npy,1373663525.691622,0.19860315005400492
microstructure_03845.npy,3352863930.918944,0.18477801135275473
microstructure_08248.npy,1573963240.7945745,0.21408878079800708
microstructure_08340.npy,4402376819.660542,0.195090768708498
microstructure_06538.npy,2853238343.7781606,0.18243351766772462
microstructure_02112.npy,2006193820.5234265,0.1867168629525984
microstructure_03086.npy,3750046705.279632,0.17869027611726357
microstructure_00128.npy,2101780590.2363296,0.1725680920040637
microstructure_01093.npy,3031888438.933797,0.19183374098757913
microstructure_07948.npy,2454651779.232595,0.18669895068964185
microstructure_08951.npy,2175259776.877893,0.1969178318663368
microstructure_03293.npy,1417565735.263227,0.20179901148680116
microstructure_04272.npy,1756432183.0374742,0.19159365019637123
microstructure_00853.npy,4160235730.1955385,0.18152348905863325
microstructure_09044.npy,1615145398.188593,0.18624404052612195
microstructure_06816.npy,2837829100.748683,0.1841761005372146
microstructure_05757.npy,4006296113.4228816,0.18152760711314841
microstructure_01741.npy,3930457309.1237717,0.1881298851366783
microstructure_07444.npy,3830120564.328075,0.1681844722939313
microstructure_07456.npy,2979241478.5408773,0.1860378824490676
microstructure_09189.npy,2630762908.7349744,0.1880184805110107
microstructure_00697.npy,2035444494.9184875,0.20282000862804173
microstructure_01786.npy,2068423971.154871,0.19655735102765687
microstructure_05026.npy,2904716453.4923325,0.1816752240430143
microstructure_01805.npy,2459582618.3406157,0.18565014358523596
microstructure_00474.npy,1158416409.5384123,0.20165437190973962
microstructure_01834.npy,4251443194.6488028,0.17987936317903425
microstructure_00324.npy,4094264481.6767325,0.1770917144000814
microstructure_02230.npy,1510893780.9629982,0.18459090157084818
microstructure_01835.npy,1990423162.802714,0.19588145278376637
microstructure_08405.npy,2134232848.5691829,0.19886267189193027
microstructure_07886.npy,2115358526.660843,0.1711931740322624
microstructure_04774.npy,1956318079.6502683,0.19276395978821104
microstructure_05999.npy,1692361018.5588183,0.19804358218592816
microstructure_05275.npy,4373181278.485281,0.18583888305044494
microstructure_08850.npy,2044686916.8646197,0.19318120102290764
microstructure_08986.npy,2361518638.9093122,0.18996092170265072
microstructure_00346.npy,4142109347.9999366,0.1820884194740717
microstructure_04482.npy,1754616511.2402549,0.19463030542268064
microstructure_02755.npy,3354711439.896732,0.17282532747093227
microstructure_05445.npy,1482592245.8074136,0.19928559593278442
microstructure_09977.npy,1579183802.1806269,0.17401810727250652
microstructure_02354.npy,3588422830.162731,0.18146026046400585
microstructure_07557.npy,1364000663.0339086,0.19411584536151338
microstructure_02001.npy,1429762749.215065,0.2010572661895117
microstructure_05630.npy,1983838409.1069293,0.19494960395459995
microstructure_03688.npy,1282742735.871531,0.19729857013041818
microstructure_07687.npy,2745679389.826151,0.17464250173561052
microstructure_02386.npy,1785963999.0164924,0.20304174740504408
microstructure_03841.npy,3742305628.95845,0.18034304988895386
microstructure_04804.npy,2790640627.807284,0.186429171157416
microstructure_03885.npy,1418238142.900588,0.20036779634304816
microstructure_02231.npy,2017506605.2945511,0.19519618831353563
microstructure_06363.npy,3564557623.771067,0.19509220652867318
microstructure_09429.npy,3549531007.0255747,0.17892385102556144
microstructure_00291.npy,1864198768.1284292,0.18779397681560459
microstructure_04454.npy,2451683318.460839,0.18710798269517032
microstructure_03324.npy,3700643918.381703,0.17885668491298193
microstructure_01004.npy,1645950880.8604228,0.2006167095290349
microstructure_04099.npy,3967047220.0543327,0.1792478959113442
microstructure_09659.npy,3671750944.239449,0.18784308720449996
microstructure_08252.npy,1321194134.548338,0.2047060490974833
microstructure_02912.npy,2543963038.1398883,0.1805109823177018
microstructure_08560.npy,3738165192.6935678,0.17711035487151466
microstructure_07152.npy,1752141611.1265972,0.1943294601167877
microstructure_08519.npy,2916885791.0755677,0.18092196610028471
microstructure_01022.npy,1695151971.7235405,0.1943132547521086
microstructure_06726.npy,2335575430.1249285,0.1809294633895611
microstructure_09882.npy,2435849101.6718707,0.18575778787729205
microstructure_04357.npy,1444984899.9284618,0.2015045708658155
microstructure_07164.npy,1549585622.4046981,0.20348053181317602
microstructure_02408.npy,1730235278.2396708,0.1779619945769148
microstructure_01500.npy,1703930922.5916653,0.19837142315553305
microstructure_08817.npy,2138295686.0562851,0.18735530732109362
microstructure_02822.npy,3622449316.1714625,0.18433796103002073
microstructure_02021.npy,4390903468.839906,0.17421969770241647
microstructure_01764.npy,2266449697.595227,0.17856413482874822
microstructure_05064.npy,3216894571.094045,0.17386893133677814
microstructure_01371.npy,2021877378.7349253,0.19598338861916337
microstructure_02096.npy,1477859807.0051696,0.19605171810575261
microstructure_05780.npy,1502868759.3269005,0.17965150283284012
microstructure_04376.npy,2179935640.3647947,0.1779279979205625
microstructure_07576.npy,1929939602.674282,0.20441753416721284
microstructure_00374.npy,1798058059.3268812,0.20378991811885783
microstructure_06819.npy,1944876923.8722522,0.18383199937157266
microstructure_04265.npy,2769737694.317566,0.18107201806965437
microstructure_07834.npy,1227452126.1443505,0.20115933525980076
microstructure_00134.npy,2682287332.613066,0.17401678409178564
microstructure_01868.npy,3909993881.271314,0.1807411165330665
microstructure_09306.npy,1810322423.877938,0.19665236107851108
microstructure_03128.npy,3046590399.7000594,0.179590412094611
microstructure_02038.npy,3836737232.5915875,0.17799041433991447
microstructure_00909.npy,1533986735.736382,0.19851867513689792
microstructure_05790.npy,4059146593.6539154,0.17149799937223742
microstructure_00785.npy,1244648175.6280427,0.20635920681026226
microstructure_09181.npy,2837295676.1849318,0.18549254207699634
microstructure_02646.npy,1879365233.4632266,0.1955479691676305
microstructure_08501.npy,2228314276.4401884,0.1912873310701812
microstructure_00056.npy,1284696942.8574703,0.19803177047491127
microstructure_07693.npy,1761503238.3159597,0.200285561677447
microstructure_04351.npy,2040164057.602749,0.18849450521302988
microstructure_00760.npy,1797008094.6816218,0.19708262402501067
microstructure_01541.npy,1386344591.6269772,0.18944387604597893
microstructure_07833.npy,1384643302.929946,0.1953420905472037
microstructure_05160.npy,4144841100.8812466,0.1734424752609923
microstructure_02942.npy,3581315679.191164,0.1713293318405598
microstructure_08299.npy,1503209222.5785491,0.21245738308657874
microstructure_09598.npy,2815562333.335044,0.16226368028182803
microstructure_04158.npy,2072984180.86168,0.1830240174280033
microstructure_07749.npy,2106940204.751301,0.18328156994094855
microstructure_05638.npy,1719951622.929012,0.20389629513913382
microstructure_05612.npy,3107810085.485905,0.18539082516621824
microstructure_07437.npy,3679307103.0117583,0.1824690554563542
microstructure_05339.npy,2579700819.779538,0.18069581119253947
microstructure_08096.npy,1530214026.814982,0.2121625851766961
microstructure_00213.npy,1545052099.6252146,0.20096932143909438
microstructure_02151.npy,2719653482.990661,0.20160513745289782
microstructure_09707.npy,3435610890.377383,0.18159826040709282
microstructure_01619.npy,1431310450.5083168,0.1795581838337943
microstructure_08031.npy,2351632207.7125597,0.18518329780408346
microstructure_07997.npy,3331687565.8263464,0.18548352521025488
microstructure_02366.npy,2766494992.224027,0.1780537079425965
microstructure_06179.npy,1548739360.314737,0.19934773852654736
microstructure_05035.npy,1234579003.650661,0.19269062910463883
microstructure_07807.npy,2029923530.5846674,0.19817697934741757
microstructure_00246.npy,2134697985.1317725,0.18759490951960694
microstructure_06613.npy,2688716867.9671082,0.1924866264882098
microstructure_04546.npy,4237684664.4827547,0.1782268551952041
microstructure_01959.npy,1352729775.4977899,0.20132759255171856
microstructure_09128.npy,1347566291.661298,0.18665017043189946
microstructure_06005.npy,2035651729.3799963,0.17842350762036993
microstructure_05317.npy,1735161277.9036524,0.1899107632600682
microstructure_07017.npy,1976936880.9815216,0.1838784427368253
microstructure_01451.npy,1371123972.2982965,0.18981445406641373
microstructure_09453.npy,1540525008.3766859,0.1990226365062532
microstructure_06990.npy,1518382294.7206998,0.19494113707794392
microstructure_07417.npy,1814386864.8813329,0.18964194191408312
microstructure_05178.npy,1621484737.260567,0.19801637470031624
microstructure_08503.npy,2216708416.796843,0.1888293242197235
microstructure_00046.npy,1492169270.1298983,0.1991462938379678
microstructure_02633.npy,1496744856.7569418,0.20754055986240785
microstructure_08973.npy,3207308948.039475,0.1876804192611423
microstructure_00713.npy,2698287143.658637,0.18719559445476375
microstructure_00709.npy,1537596675.2896097,0.1935275954613855
microstructure_01227.npy,2171455103.2010803,0.19053053172724022
microstructure_02843.npy,1980843603.3226209,0.1884252372876203
microstructure_06771.npy,1573635251.6357532,0.20604350768681687
microstructure_01455.npy,1503710764.768395,0.19019645050192435
microstructure_07984.npy,1435498966.0250118,0.19222887749036408
microstructure_00980.npy,4009479803.014475,0.1713144540849101
microstructure_04685.npy,4217458896.348831,0.17292220788761348
microstructure_00435.npy,1290941880.121003,0.19918942536618164
microstructure_07442.npy,3277725415.360902,0.18653350244908115
microstructure_00438.npy,1970029094.9692988,0.17616665527504477
microstructure_08065.npy,2503402837.608713,0.17417468120395843
microstructure_08033.npy,3737219445.947687,0.17222329338264405
microstructure_04202.npy,1981448051.3131711,0.18877965474724032
microstructure_04478.npy,3923121659.085176,0.18112009844087437
microstructure_02957.npy,1457634241.122992,0.21013940197932468
microstructure_02192.npy,1313173659.9587097,0.20423650744274718
microstructure_09133.npy,2893717552.2759185,0.19444473294685252
microstructure_02736.npy,4001085181.290669,0.17875843000261218
microstructure_01957.npy,3510736434.15462,0.17793788192575086
microstructure_01420.npy,3423653042.176375,0.1896843619168774
microstructure_02170.npy,2252083686.0853868,0.19335314691978683
microstructure_03544.npy,1379471876.7394311,0.19770330334844693
microstructure_05154.npy,2477189885.035373,0.1863639170303074
microstructure_01452.npy,3141711569.6515517,0.19535139203729107
microstructure_06794.npy,2151178467.3778424,0.19864466550685914
microstructure_02065.npy,3915240546.904055,0.176263422238091
microstructure_00010.npy,2515870863.6961765,0.19026515627267307
microstructure_09583.npy,3079701114.3197494,0.18585387312678756
microstructure_06868.npy,3798388989.653698,0.1900524408807698
microstructure_02488.npy,4470531117.93515,0.1791609482291507
microstructure_07210.npy,4051254688.741319,0.19304372663065528
microstructure_09375.npy,1366753783.2727165,0.19299648672536562
microstructure_00024.npy,2163684656.593813,0.19162560122822678
microstructure_09694.npy,2587729153.629042,0.1989454810578699
microstructure_04769.npy,4325625257.201091,0.17002547144138386
microstructure_00789.npy,2433309973.031401,0.18498101339381895
microstructure_03827.npy,2396257382.072521,0.18752999349755264
microstructure_05676.npy,1209062917.7704911,0.19610388975582685
microstructure_06397.npy,4024737508.7167234,0.1869319159728027
microstructure_05989.npy,3479726924.1972218,0.1723387594042501
microstructure_06137.npy,2307353198.6282063,0.17402442750164432
microstructure_01099.npy,1304432356.5420878,0.19128113316827136
microstructure_03111.npy,1427673181.3945103,0.19899714237564906
microstructure_06283.npy,2740305513.2212567,0.1935841797621157
microstructure_04001.npy,1295424767.1193717,0.19025349794639118
microstructure_03290.npy,3224702976.288918,0.1636195845686698
microstructure_02502.npy,4153755328.002637,0.1788626117629196
microstructure_08669.npy,1339125090.1064355,0.19113181398597315
microstructure_02008.npy,4340514378.453675,0.1817859415418575
microstructure_02350.npy,1285922321.0460823,0.1975705138114451
microstructure_00940.npy,1334957531.466243,0.20071880046168422
microstructure_00150.npy,2146086782.2540638,0.19098028792962976
microstructure_02435.npy,1711315010.1641605,0.1991032946377612
microstructure_05367.npy,3311314712.8633776,0.18197205268631708
microstructure_09661.npy,2900624710.5369906,0.18813985798574107
microstructure_08670.npy,1759158511.72436,0.1856773524301975
microstructure_01917.npy,3499847420.1595726,0.17917275825857643
microstructure_07129.npy,2827286904.944227,0.18441074571435234
microstructure_06064.npy,1638516127.7265017,0.20298850844290758
microstructure_04232.npy,4350826805.079686,0.17048824877827495
microstructure_01179.npy,1292030560.7676413,0.18966514708043225
microstructure_05082.npy,3983461793.2928147,0.16700714502394495
microstructure_00176.npy,1888945018.5976584,0.1852630799352752
microstructure_04783.npy,4176088956.644262,0.1805102065867577
microstructure_02307.npy,2364704310.647723,0.1954217395947649
microstructure_09494.npy,2645581661.703863,0.1865207334330215
microstructure_08309.npy,4403881882.122639,0.18395570987373688
microstructure_03065.npy,3466400068.713365,0.17389128701612355
microstructure_09021.npy,1682141082.9513366,0.20325491335435045
microstructure_08486.npy,3798052297.2886972,0.17824385322580008
microstructure_09233.npy,1734015448.980353,0.19890567079830684
microstructure_01472.npy,1164880714.338535,0.20031808370967102
microstructure_06415.npy,2127077736.6901863,0.18830446577416654
microstructure_00174.npy,1369342204.864352,0.2044716729475944
microstructure_03376.npy,2992566042.9515157,0.17693992397334174
microstructure_06900.npy,1665777439.6411335,0.18896965696181797
microstructure_07543.npy,3592534832.422589,0.176749850437356
microstructure_01229.npy,3230047090.736063,0.18498690099719467
microstructure_05524.npy,1956930422.7791846,0.19508664291882863
microstructure_01939.npy,2024674120.6668406,0.1877806418626083
microstructure_05377.npy,1695179222.3424156,0.19551872727405953
microstructure_06264.npy,2843037246.1119184,0.19340429369150816
microstructure_02490.npy,1642012992.7533095,0.19669592533689711
microstructure_01375.npy,1848010628.4981418,0.1915433955785498
microstructure_07319.npy,4269346416.4110055,0.18901647837485516
microstructure_06158.npy,3168062709.7747564,0.18273202623258006
microstructure_03875.npy,1483363675.6973681,0.21654796397325013
microstructure_06931.npy,2593714677.610576,0.19131472482770462
microstructure_04634.npy,3144779920.5105166,0.1533054852261826
microstructure_05131.npy,2385207432.948286,0.18927727959030477
microstructure_09431.npy,2001104257.581781,0.19395334168531203
microstructure_09119.npy,1856841513.6092541,0.18988005459442428
microstructure_07180.npy,2464403682.53601,0.19326569210423983
microstructure_03987.npy,1227651341.2508345,0.20124695131786596
microstructure_08819.npy,1512228122.0411916,0.2027473006067378
microstructure_03147.npy,3465992241.8125167,0.18587859009106633
microstructure_06280.npy,1727777399.1625047,0.21099962834093708
microstructure_02545.npy,1792199568.0779853,0.1973257662216809
microstructure_01510.npy,3433087496.058816,0.17894792495536274
microstructure_08420.npy,3331887400.553993,0.17476908960826876
microstructure_02572.npy,1834024385.8791094,0.1873231129785742
microstructure_08748.npy,3599800276.1995435,0.18121173153488937
microstructure_04984.npy,2043037294.5698678,0.19464646504936844
microstructure_05500.npy,2424649992.21998,0.18717329522681886
microstructure_02400.npy,4277526106.452052,0.18133262436108993
microstructure_04416.npy,1428913557.5033166,0.20194429727423366
microstructure_06257.npy,2351788428.017604,0.20054424768019585
microstructure_01760.npy,3087063370.000119,0.16466856869099258
microstructure_02068.npy,3852912583.1083226,0.1788209984104927
microstructure_03550.npy,1405130045.1986299,0.19806278385729442
microstructure_07472.npy,2235620859.381556,0.1815827254858213
microstructure_05881.npy,3918151439.4371886,0.17420087267249218
microstructure_00441.npy,3656554508.6149163,0.18231570076613898
microstructure_07653.npy,4156905723.149373,0.17508823688786077
microstructure_07182.npy,1549055435.2276073,0.19319343922655965
microstructure_05004.npy,1816785217.1921294,0.1992251467156486
microstructure_00510.npy,1869535824.559844,0.20146343876192663
microstructure_04274.npy,4167737277.0742,0.18696306135967672
microstructure_06207.npy,1168910667.7918093,0.1974057611874091
microstructure_06703.npy,3334261454.2968917,0.17972054790921765
microstructure_08092.npy,1874610147.6602068,0.19532274523434226
microstructure_05615.npy,2934024356.608506,0.1684834005142993
microstructure_04540.npy,2055807109.122149,0.1930076849177699
microstructure_00406.npy,3067241445.2166777,0.19218359563184534
microstructure_03722.npy,1383640629.363182,0.1946554180430962
microstructure_05034.npy,2081636033.1740983,0.1899181925428902
microstructure_00507.npy,2731149088.2012463,0.18802140314551413
microstructure_08684.npy,1477159516.0506752,0.19763650932321541
microstructure_03707.npy,1208714315.674842,0.2008460550514713
microstructure_08401.npy,1882609504.2768457,0.16231841444509199
microstructure_05095.npy,3255660551.5810328,0.18174714974518896
microstructure_08658.npy,3054161994.945539,0.19173647286312615
microstructure_03919.npy,1240580728.5912116,0.19507270084009734
microstructure_05814.npy,1439114694.5055146,0.1976973987950585
microstructure_06019.npy,1336960601.6729228,0.18754956977895146
microstructure_01357.npy,1781260986.6376793,0.2014046343388682
microstructure_08447.npy,3493569800.0225587,0.18947385844067147
microstructure_09199.npy,2989953340.0796747,0.18620226432211726
microstructure_08964.npy,3742075934.467884,0.1742526310165586
microstructure_03379.npy,3780649400.9022403,0.17156614757209163
microstructure_07756.npy,1433095352.3430507,0.19577094156147512
microstructure_07608.npy,3430533658.016005,0.17652203425375015
microstructure_08784.npy,2548570829.001261,0.18502792307163116
microstructure_06559.npy,3684667068.3772287,0.1868496596799976
microstructure_05794.npy,1358799615.1603813,0.19342771588581115
microstructure_03616.npy,1216937959.7712734,0.20252468286762274
microstructure_04246.npy,4587872044.970905,0.18266111373876637
microstructure_06657.npy,1888141055.633789,0.19640954538074806
microstructure_06895.npy,4431441100.069154,0.18068849676790322
microstructure_02779.npy,2039008853.201425,0.19894189076998664
microstructure_07213.npy,3068063908.5504365,0.18148406544247644
microstructure_02697.npy,2008755028.08567,0.1855571365309181
microstructure_03421.npy,3891391018.65504,0.176714623529609
microstructure_07655.npy,3846908876.536633,0.18365623177190557
microstructure_07175.npy,1296735346.3214874,0.20264536752402798
microstructure_07988.npy,4315422674.391723,0.1752951621564984
microstructure_03175.npy,1309252685.9105077,0.1923447008866529
microstructure_04388.npy,1692936463.0806684,0.19403402836830888
microstructure_02296.npy,1542955479.9860344,0.18800300561015965
microstructure_06222.npy,4286613285.5796947,0.17901105697659797
microstructure_05600.npy,1255560544.207694,0.19443059417144024
microstructure_07529.npy,3870666748.8607016,0.17867216822494247
microstructure_03889.npy,1676316515.2734883,0.199604638925692
microstructure_02709.npy,2327447296.980393,0.19321954506710265
microstructure_02329.npy,2127500981.5831735,0.19355681873859787
microstructure_07230.npy,3390742738.923982,0.1798514662214982
microstructure_02956.npy,2468817362.427877,0.19257879635667838
microstructure_05016.npy,3572460987.501547,0.17195368717119686
microstructure_00599.npy,2195534954.5149956,0.19040733605507962
microstructure_06429.npy,4416889335.338513,0.17315606278666243
microstructure_08895.npy,1740757947.9965415,0.19487931773157174
microstructure_02396.npy,3737801408.2526774,0.17626659808081596
microstructure_07354.npy,3456659283.902317,0.16813486555387233
microstructure_07434.npy,1261359378.3602417,0.19813472713804345
microstructure_05396.npy,1735232927.1462445,0.19595554224516415
microstructure_02955.npy,1421052003.1231506,0.19753642504156374
microstructure_01661.npy,2652606176.4151917,0.19190052251328213
microstructure_05702.npy,2150353499.6727533,0.18685840602770792
microstructure_05973.npy,2747093238.581333,0.18546730477777734
microstructure_06654.npy,1293342927.075878,0.1976849862155687
microstructure_05507.npy,3599379473.710335,0.17953747848786786
microstructure_04234.npy,3643152421.787019,0.17935901238646407
microstructure_09102.npy,4147564452.5004377,0.18586845046642958
microstructure_09554.npy,3919020058.3594418,0.18247342905029093
microstructure_03046.npy,2769054712.2560763,0.18335337863191653
microstructure_06274.npy,1672093533.8409133,0.20086222803679962
microstructure_03287.npy,1484708807.0553868,0.19977547621041825
microstructure_03469.npy,2676890352.326988,0.1841257297294357
microstructure_05804.npy,1388276848.850371,0.1995818035014632
microstructure_07573.npy,1861505244.2555163,0.18963273692783372
microstructure_01037.npy,3538802909.990584,0.18930880113430232
microstructure_02286.npy,2257753092.0239334,0.18587090325763916
microstructure_04152.npy,3664668870.1568475,0.1582141628938781
microstructure_02671.npy,1616006412.7183814,0.18457463731101806
microstructure_03104.npy,3920332248.001698,0.18450293386700176
microstructure_03141.npy,4258898638.1949797,0.18355644080498545
microstructure_00782.npy,2519080312.9306145,0.19277332045153378
microstructure_05042.npy,3227717577.552946,0.1740363187145084
microstructure_03805.npy,3529624411.4495096,0.18193139146397092
microstructure_00062.npy,3638585422.212835,0.1720099431904588
microstructure_06885.npy,1610166943.9145558,0.20636465730234096
microstructure_06356.npy,4556450724.43259,0.17789779306297565
microstructure_02207.npy,3920892445.264487,0.1818143399099037
microstructure_04578.npy,3732959471.687713,0.18714933632427463
microstructure_08981.npy,2652895628.693055,0.18041355504130338
microstructure_03429.npy,2182471914.239326,0.18837860691782307
microstructure_03485.npy,2509152654.6804504,0.18157093122102652
microstructure_03975.npy,1408101717.7905414,0.18591880328453228
microstructure_03548.npy,1370590394.7908695,0.200587206682137
microstructure_08828.npy,2827902438.609242,0.19583952724460182
microstructure_05400.npy,1273046066.1225772,0.19405106481633597
microstructure_05649.npy,4626770524.8057995,0.18699959816015901
microstructure_07000.npy,2358148627.688325,0.17067818447622632
microstructure_02999.npy,3145463505.2778616,0.18816726187666463
microstructure_00349.npy,2714176708.484887,0.18166799575387213
microstructure_07134.npy,4241520006.7948136,0.17580915193658117
microstructure_07355.npy,2207948067.071779,0.19071645578697577
microstructure_09417.npy,2488581583.830331,0.1943342917080625
microstructure_09404.npy,2130930992.479553,0.1851532179656728
microstructure_08080.npy,1382260904.6536832,0.1971132838302999
microstructure_05522.npy,1388883895.2481115,0.1912442021061775
microstructure_09042.npy,1234012452.0530713,0.20159752927324998
microstructure_09761.npy,1463557598.4104745,0.19277668289607913
microstructure_07974.npy,4332059057.513276,0.18561472993594408
microstructure_06108.npy,1608253962.2527773,0.19214083151114938
microstructure_09561.npy,3265423644.305034,0.1759526050438612
microstructure_05346.npy,1947340356.609109,0.19748080131148218
microstructure_09405.npy,4432090978.454191,0.1834119899282945
microstructure_01334.npy,2084243188.339265,0.20941476270655443
microstructure_01069.npy,1347350852.9713817,0.19597019411155348
microstructure_00986.npy,2975134861.7087126,0.17883136367583985
microstructure_09502.npy,1671695512.202298,0.20638713894538516
microstructure_05763.npy,1725431900.9036238,0.20683111686755684
microstructure_09382.npy,1296065890.6495569,0.19028157841986967
microstructure_02058.npy,1605760941.34571,0.19862707608175334
microstructure_01200.npy,3439454722.0728836,0.18430198397499029
microstructure_02724.npy,1655651812.7906098,0.18696776551034158
microstructure_01191.npy,2689783953.0271525,0.18909904580303777
microstructure_05635.npy,3118219365.3720217,0.1854109023329459
microstructure_08570.npy,3167378346.9901,0.17592063340083355
microstructure_07420.npy,4129034844.066808,0.17293508050471704
microstructure_05259.npy,2658462845.3852525,0.1928640764629552
microstructure_07787.npy,2263991992.631123,0.19393613574479243
microstructure_07965.npy,2365134198.140148,0.19013910502215242
microstructure_06688.npy,2981139676.2058992,0.1834963275007474
microstructure_04766.npy,3429163829.7589827,0.18605687890129488
microstructure_07403.npy,2110370967.7670386,0.1810139958038834
microstructure_07009.npy,1451768367.9883192,0.20398991042094117
microstructure_03276.npy,4659059719.051982,0.18151735783499443
microstructure_07263.npy,3889961783.4169974,0.17896608904591507
microstructure_00733.npy,3407268675.5109377,0.17989388046333743
microstructure_04680.npy,4559677425.048675,0.17304163553847415
microstructure_07272.npy,1359395139.0850124,0.20088040772252666
microstructure_00882.npy,3828071596.0976567,0.17929048379353613
microstructure_04826.npy,2625865954.020641,0.1929760730427032
microstructure_08233.npy,4478933235.76567,0.17065301204001154
microstructure_00168.npy,2128707747.17305,0.1936642188830388
microstructure_08007.npy,3615400330.4112887,0.18008225226906682
microstructure_04318.npy,3608464900.0176854,0.16346166560800024
microstructure_06314.npy,1570443430.2027903,0.200958268636927
microstructure_00190.npy,4520873241.510683,0.17853106063951354
microstructure_04021.npy,3297471080.666128,0.1679922472806033
microstructure_02069.npy,3700187846.4024615,0.17925172042735737
microstructure_06956.npy,3544592309.989694,0.1863019660576989
microstructure_02260.npy,3599029926.2626295,0.1743176308221559
microstructure_05381.npy,2626859081.4072585,0.12998842353677276
microstructure_04253.npy,2241577545.9142113,0.19495038186766436
microstructure_06600.npy,3396535424.0442367,0.18224247992238732
microstructure_02194.npy,4108917777.4555345,0.1897642655489955
microstructure_03759.npy,2814049797.575543,0.18350955227523896
microstructure_08942.npy,1211873277.2037265,0.1972260690654707
microstructure_02629.npy,5042312636.779753,0.18031202783231146
microstructure_03337.npy,2719442543.060892,0.18978199828953543
microstructure_01636.npy,3361580080.3482213,0.18001363011850993
microstructure_08679.npy,4619230052.964683,0.16772364070930043
microstructure_00868.npy,1405581478.7768917,0.19982313869097168
microstructure_05136.npy,3490731842.8916836,0.17128049544883003
microstructure_08029.npy,4223898665.5628514,0.17010531954115068
microstructure_09228.npy,1417853676.868941,0.19823878622230307
microstructure_07814.npy,4834047963.567707,0.18820007769981836
microstructure_08394.npy,2172113177.9110785,0.19265264238906188
microstructure_00178.npy,1943006875.9080286,0.20085168823622584
microstructure_03083.npy,2434128232.7031813,0.16720558997084856
microstructure_00674.npy,1317087988.6669033,0.19950348902193532
microstructure_04359.npy,3460163096.697301,0.18250922708125908
microstructure_00847.npy,1958694417.374367,0.1852408875141187
microstructure_00481.npy,3698885365.254908,0.1778685701380384
microstructure_05316.npy,1437609237.3280697,0.20027877353022938
microstructure_00862.npy,4194942599.9734783,0.1742943818043676
microstructure_06642.npy,3385452120.8789263,0.1845269967015541
microstructure_09032.npy,1901154743.6778774,0.17901857850820224
microstructure_08150.npy,1714212922.80975,0.19774453104059192
microstructure_05337.npy,3424316277.504233,0.16422280003871334
microstructure_05583.npy,3459331328.363788,0.18386174717454576
microstructure_00016.npy,3305015957.831814,0.17996375716613047
microstructure_01036.npy,2107119038.1574273,0.18321921729107135
microstructure_07956.npy,3801937627.4117618,0.16890309578808263
microstructure_02197.npy,1372532261.389933,0.19165135994657911
microstructure_08017.npy,4548557779.619462,0.17119082374790495
microstructure_07667.npy,4144665733.099038,0.18141821712091882
microstructure_04450.npy,4951210744.024254,0.18810906290102514
microstructure_03262.npy,1876848866.6955028,0.2096540509121192
microstructure_00832.npy,3739721516.0159826,0.17382470928109126
microstructure_04874.npy,3442614478.9839897,0.18683611240802298
microstructure_02074.npy,3714999643.1471677,0.17897146480552084
microstructure_06612.npy,2521355537.2328672,0.18943951266375125
microstructure_04066.npy,3448056163.032799,0.18104573571964
microstructure_00991.npy,1466735335.814631,0.2071839267869244
microstructure_05053.npy,1840429047.3665812,0.19368051240773443
microstructure_04510.npy,2314601924.4326158,0.19290969584881182
microstructure_06509.npy,2321269856.462636,0.16315790479052655
microstructure_03213.npy,1936892808.160501,0.19320616173757457
microstructure_01533.npy,4295702804.205517,0.18892661303931996
microstructure_03513.npy,1345507899.9024293,0.188856132912416
microstructure_01269.npy,3747088742.8208337,0.18070393666629492
microstructure_09483.npy,1504784836.299416,0.19666175751996434
microstructure_03080.npy,1214326401.3237324,0.19988050021384218
microstructure_03612.npy,2228930440.768918,0.1885992980569785
microstructure_02825.npy,1321056386.9954412,0.19326432698938215
microstructure_06385.npy,2136089353.910495,0.19349213295821552
microstructure_08461.npy,3226773134.8354473,0.18989870726711225
microstructure_01174.npy,4559026592.29448,0.18303500538241047
microstructure_08865.npy,2800665596.543009,0.1868170693467045
microstructure_06007.npy,2753711218.7923727,0.18427582985528262
microstructure_00253.npy,2282587758.622353,0.18524403247926538
microstructure_08257.npy,2312688198.132066,0.19094857379807312
microstructure_01576.npy,1498133931.7991054,0.20070464665930193
microstructure_06777.npy,3524898685.333874,0.18397493257483982
microstructure_02481.npy,3516163124.628442,0.1698603125358235
microstructure_00038.npy,1514985253.5785735,0.20236002960431082
microstructure_01813.npy,1656538420.4764583,0.18888245113110735
microstructure_07959.npy,2312489037.6362286,0.1904962276104581
microstructure_01437.npy,3671576414.491582,0.17939602742642866
microstructure_00166.npy,2116494648.321307,0.1872279667846981
microstructure_01779.npy,1821404153.36609,0.19093126861903906
microstructure_00155.npy,2204760838.32286,0.18594567224958725
microstructure_02908.npy,1495413523.3177366,0.1975404032023205
microstructure_09540.npy,2329781537.532169,0.1810978973784946
microstructure_00022.npy,3476853083.393172,0.17624771927611516
microstructure_09853.npy,1445002432.6213167,0.19741995308822868
microstructure_05664.npy,4003393072.3708134,0.18857639379479366
microstructure_03291.npy,1569424772.1553047,0.19973155243293814
microstructure_01232.npy,3610151111.0325165,0.18510288984392123
microstructure_02836.npy,2123649155.3098161,0.1739648246353408
microstructure_08561.npy,3765952232.464755,0.17449297914924428
microstructure_00874.npy,1266200813.1640372,0.19767538903217094
microstructure_02266.npy,4316052818.786816,0.1824599254029942
microstructure_01521.npy,2025190069.732132,0.17611784614063392
microstructure_04559.npy,1255450396.788893,0.20249602430783584
microstructure_07597.npy,1819008301.7779288,0.19294457599846643
microstructure_00342.npy,4237979253.1357346,0.18141992526837308
microstructure_04138.npy,2566846480.532336,0.18395332315583432
microstructure_05019.npy,1371123972.2982965,0.18981445406641365
microstructure_00322.npy,1788368234.443516,0.182300570319311
microstructure_09616.npy,4483943221.376264,0.1791675308797461
microstructure_00630.npy,1286367758.1344397,0.20118505470146997
microstructure_03714.npy,4427478374.741017,0.1849661065133735
microstructure_07333.npy,4347794354.103378,0.18682867240000942
microstructure_03978.npy,3762124472.6022873,0.17521923385224916
microstructure_00881.npy,3198683725.689022,0.17347103245098483
microstructure_04495.npy,1468561572.894293,0.18487207594648
microstructure_07108.npy,1303295054.7108407,0.20065188459956648
microstructure_08687.npy,4492516736.737812,0.18422690705984887
microstructure_03819.npy,3974985273.7059474,0.175520056225853
microstructure_07339.npy,1955203378.7933438,0.1881852485628936
microstructure_00382.npy,4815040342.568389,0.18852363234019262
microstructure_07160.npy,1728078209.814367,0.1810231632434843
microstructure_02938.npy,1904201963.857371,0.19971440437745935
microstructure_06731.npy,2215359040.741114,0.17696508752859877
microstructure_08134.npy,4023842178.102171,0.17061499666246258
microstructure_01126.npy,2336376689.8354836,0.18089242196166624
microstructure_06150.npy,1273829124.7645783,0.1946631679351418
microstructure_00077.npy,1626831903.0785396,0.20157215606707773
microstructure_03951.npy,2072460266.9751563,0.19157435121604055
microstructure_00051.npy,1658663869.198976,0.19680209728690848
microstructure_06185.npy,2622748414.466848,0.19672576081232498
microstructure_05227.npy,1952805180.634003,0.17093490552966653
microstructure_00407.npy,1364100056.8230298,0.19233059983224998
microstructure_07866.npy,4286974625.0375767,0.16479295096962815
microstructure_08126.npy,2947232381.2514124,0.18127050305198755
microstructure_04509.npy,1348896082.9514053,0.2033054148966882
microstructure_00867.npy,1612873832.5498192,0.20746528570296335
microstructure_08010.npy,2536687198.51168,0.1882801825099806
microstructure_07855.npy,1339576045.186685,0.19781294881442307
microstructure_05356.npy,1521082938.1876025,0.1969699058989301
microstructure_03160.npy,1378358080.8090072,0.19194330344850777
microstructure_08334.npy,1500443758.666906,0.1808267321683745
microstructure_00624.npy,4474618522.177175,0.1804236500619316
microstructure_05126.npy,3763606424.8239703,0.18397028248839808
microstructure_05694.npy,3988724311.292814,0.17091009998357673
microstructure_08237.npy,1576254604.770416,0.19644034298939314
microstructure_05946.npy,3558737991.75876,0.18389177968374443
microstructure_08783.npy,2740243722.2459173,0.1867768362833989
microstructure_01236.npy,4334882252.722599,0.1895012297588303
microstructure_03228.npy,2686340847.858945,0.18279594092637014
microstructure_02672.npy,1391511432.8895555,0.196506352454004
microstructure_06822.npy,1164912339.2550697,0.1996716593993071
microstructure_09784.npy,1857389817.6238408,0.1963487846883401
microstructure_08376.npy,2287768991.1655326,0.19013139629496686
microstructure_09824.npy,1339125090.1064355,0.1911318139859731
microstructure_03738.npy,3372989496.647645,0.18945282687297654
microstructure_07194.npy,2124701507.9007683,0.19324033835168
microstructure_06258.npy,1679087431.080749,0.1962242318136451
microstructure_00962.npy,2832138535.133898,0.1813210462594665
microstructure_03808.npy,2394092801.2430515,0.18534416785699326
microstructure_02193.npy,1628807935.3897376,0.18727619838457993
microstructure_08553.npy,1514931657.367655,0.21598561353495757
microstructure_04521.npy,1446812190.4151332,0.20280010528996517
microstructure_06378.npy,3463184150.724759,0.18372758710811807
microstructure_09821.npy,3782718495.815615,0.17234011664062224
microstructure_00186.npy,3660656215.107532,0.18505284571358013
microstructure_09959.npy,1279625552.6898322,0.19148118133124178
microstructure_05976.npy,4373408740.89091,0.17826390393290475
microstructure_03024.npy,3811295454.4705176,0.18166787505075235
microstructure_09956.npy,1835360786.3416815,0.17659432609854123
microstructure_02419.npy,2075038179.9477751,0.18965105551298547
microstructure_06113.npy,1446153721.7107472,0.19505585000445455
microstructure_07841.npy,1700034437.498245,0.20426952106081242
microstructure_09572.npy,3839016961.011669,0.18056880254025356
microstructure_00082.npy,2481440899.0587583,0.18516628271585384
microstructure_03645.npy,1183204589.8101494,0.19763299324280692
microstructure_05566.npy,3507496979.2679067,0.18006335961189415
microstructure_09588.npy,1334405372.1362276,0.20005504618635803
microstructure_03583.npy,3125636071.9517517,0.19162227745087085
microstructure_06253.npy,3605009642.1938243,0.17288062225464657
microstructure_01923.npy,1271896558.6063623,0.2007477423447446
microstructure_02507.npy,4371629040.704011,0.17954086517887055
microstructure_03477.npy,3458748956.275063,0.18646060112479754
microstructure_06504.npy,4046279356.6420593,0.1896701585257155
microstructure_00240.npy,3747318685.717138,0.17576013915670585
microstructure_08247.npy,3548879972.0954394,0.17472067311328207
microstructure_06716.npy,3691510787.7767634,0.1796874753487742
microstructure_00230.npy,1308070084.7541099,0.20066471236883365
microstructure_08263.npy,1468637951.9568412,0.18406644415402987
microstructure_08528.npy,2575102938.108717,0.1857365297090452
microstructure_03168.npy,1727593370.9942074,0.19478476578979093
microstructure_01133.npy,4515113403.730258,0.1817228808423572
microstructure_08714.npy,3668548195.6446795,0.18054769791633501
microstructure_04340.npy,2529392739.724742,0.17988393701152738
microstructure_09856.npy,1811950325.8286266,0.18908960210357298
microstructure_09581.npy,3463761540.151348,0.18715500686415493
microstructure_09037.npy,4008168568.4681787,0.17458741063880848
microstructure_03402.npy,2867771593.0981283,0.17578247055725033
microstructure_05938.npy,1267532526.574628,0.19556591458760192
microstructure_04448.npy,1202415336.7510412,0.20081298505482367
microstructure_03648.npy,4294486017.478049,0.19026955199511794
microstructure_03266.npy,3010100540.6987524,0.18292806692548078
microstructure_04488.npy,2530923112.263607,0.1802752206820707
microstructure_09580.npy,3185154573.313022,0.179476916894508
microstructure_01313.npy,1506769637.2119918,0.18692277898945528
microstructure_03426.npy,1192733559.6546974,0.19995716151329915
microstructure_03549.npy,1253500315.3429103,0.1958562836232027
microstructure_02559.npy,1309252685.9105077,0.1923447008866529
microstructure_03686.npy,4638839371.719205,0.18286023250201994
microstructure_08470.npy,2763989070.5611506,0.1885000793432202
microstructure_06425.npy,4013158061.4198856,0.1817247992990934
microstructure_07502.npy,2560211054.1903415,0.19077960184340675
microstructure_08952.npy,1279753568.4359076,0.20247078893786635
microstructure_01135.npy,1563067241.4142797,0.19558888483818432
microstructure_08456.npy,1509739477.0047364,0.19754491479925892
microstructure_07762.npy,4506983415.948205,0.17745499157615585
microstructure_06202.npy,3737025971.6362147,0.18286058403137803
microstructure_09109.npy,1703777464.0835319,0.1918141466626036
microstructure_03959.npy,1575873701.2116146,0.18667080223768054
microstructure_07513.npy,4347068812.5528965,0.18604879002615082
microstructure_00601.npy,1502368371.6844184,0.2006495180042715
microstructure_08414.npy,1268951784.6514306,0.19756156886039966
microstructure_02109.npy,3289279535.717809,0.1885791205746531
microstructure_09150.npy,4015671951.5857706,0.17653566439188623
microstructure_03746.npy,1678816562.505391,0.1973330743194573
microstructure_08463.npy,2539695086.7164974,0.19479509475582085
microstructure_03923.npy,2731966833.4813643,0.18776483221726048
microstructure_06493.npy,3757968741.3155885,0.17163154006018183
microstructure_03999.npy,3173959588.378423,0.1854001661497043
microstructure_07328.npy,4196181517.6633153,0.17858859080287517
microstructure_08994.npy,4229000136.4785695,0.17093421595264732
microstructure_00067.npy,2880697819.8956976,0.19879174357175924
microstructure_04811.npy,2779072409.653004,0.1936002729237717
microstructure_09003.npy,4518465281.220193,0.18042991787535417
microstructure_07240.npy,3709217498.4404526,0.19138477479976218
microstructure_00172.npy,1217200511.8479314,0.2008655136947853
microstructure_09426.npy,2290845708.489599,0.19392606445126404
microstructure_09206.npy,2265685081.784675,0.194856982257028
microstructure_07721.npy,4520462098.734353,0.1805198805970678
microstructure_00098.npy,2269552323.766938,0.18751040598452015
microstructure_03627.npy,2962551573.620226,0.18600371204610266
microstructure_06196.npy,3267877708.6902246,0.1735653804458555
microstructure_04500.npy,1478509199.5609517,0.20456473530620584
microstructure_05070.npy,1650738216.3209891,0.20616399346516856
microstructure_04415.npy,1481912488.2808886,0.19906714818687035
microstructure_04591.npy,1359648832.620738,0.19649540025648551
microstructure_07392.npy,4130128474.7477264,0.1832319290702473
microstructure_09946.npy,1371380630.1721082,0.2018247117519975
microstructure_00001.npy,2091816686.1383464,0.2010844775028049
microstructure_04782.npy,4173363162.4867964,0.18467659346816664
microstructure_05833.npy,3964296254.905319,0.18291864689209425
microstructure_08153.npy,1334044733.7782874,0.19571461606169394
microstructure_03459.npy,3564963439.298566,0.18838831522750857
microstructure_05442.npy,1758712128.6014,0.19369233475435557
microstructure_09040.npy,1230769201.4862454,0.2013003376958758
microstructure_06671.npy,2226368287.9768214,0.18895537255555533
microstructure_09385.npy,2700871258.202802,0.17552145869659677
microstructure_06936.npy,2975430879.0064335,0.18171175321351457
microstructure_00218.npy,3500930621.2254786,0.18547055345895327
microstructure_00395.npy,2325539573.92736,0.18691535492803507
microstructure_08609.npy,1634929063.763892,0.19689981687887034
microstructure_01838.npy,3989176804.2779756,0.17931965278802062
microstructure_00750.npy,1322242636.945791,0.198428731484948
microstructure_07536.npy,3919898860.653501,0.18010083102124283
microstructure_03122.npy,1400833223.0993788,0.1906334008589745
microstructure_03644.npy,1576711963.0770504,0.18635625155492355
microstructure_08663.npy,3907348320.637309,0.18810224413020316
microstructure_06751.npy,3354271230.4383187,0.1830530365896754
microstructure_07992.npy,1249400254.0457926,0.20065004134978537
microstructure_02118.npy,3538167479.15112,0.1853803604411503
microstructure_06008.npy,2990014775.394925,0.18558154274306007
microstructure_01298.npy,1572294054.8737457,0.206507523015146
microstructure_03655.npy,3594199690.3933606,0.17556756462354328
microstructure_04364.npy,2818583646.4804826,0.18728617177492604
microstructure_06395.npy,2219300480.7450976,0.1692338805690807
microstructure_05285.npy,4175344313.1128955,0.1771660432391701
microstructure_09815.npy,2750091069.327136,0.18015833409673315
microstructure_07449.npy,3540976200.7981634,0.17727581637831846
microstructure_08259.npy,1415034521.5191233,0.19226692977677573
microstructure_08347.npy,1365864738.9239793,0.1892321577451073
microstructure_00829.npy,4041180545.268018,0.17006922316794065
microstructure_08093.npy,1406093771.0473223,0.19543773131312056
microstructure_07994.npy,3122324490.8703547,0.1798910740466107
microstructure_04562.npy,2357760290.9089108,0.18276982178232393
microstructure_04499.npy,3907490152.902965,0.18603181379504596
microstructure_08054.npy,1615719069.6284668,0.20152240062115404
microstructure_01845.npy,1616023896.7898908,0.1962167836593329
microstructure_09514.npy,3963395561.224727,0.17583438983168928
microstructure_00955.npy,1451267131.45039,0.20400541665827843
microstructure_05996.npy,2431178836.799309,0.1956000642014751
microstructure_09319.npy,4382837391.5223675,0.17513889048202497
microstructure_03372.npy,2890772295.8042827,0.18861094055160524
microstructure_01756.npy,2600473250.3693805,0.19453278293667026
microstructure_08015.npy,1818040491.9552236,0.1903291225043719
microstructure_04311.npy,1832084607.4692512,0.1795280641412368
microstructure_05924.npy,1591820012.0931265,0.20362978278485414
microstructure_08580.npy,3840037173.4826255,0.18144256635817918
microstructure_01351.npy,4284940221.023965,0.1832367416005961
microstructure_08424.npy,3853424498.3340063,0.1782108619108921
microstructure_04101.npy,1343235078.0864239,0.1912978003198611
microstructure_04425.npy,4347608029.362912,0.17572258353394782
microstructure_08028.npy,4273397175.8589926,0.17890005853445304
microstructure_04871.npy,4208764156.1962657,0.18520194384627436
microstructure_08446.npy,1820324867.1531842,0.1954143211806484
microstructure_03446.npy,2826031449.4549623,0.17160126809083126
microstructure_07440.npy,1679904923.1831071,0.19933768295705376
microstructure_06054.npy,4031298070.991422,0.1845369372418689
microstructure_07725.npy,3915360484.1467714,0.1838538071533882
microstructure_05665.npy,1557347124.224409,0.18829370103849366
microstructure_04476.npy,1928596889.6445622,0.19735292087165465
microstructure_00530.npy,3003975883.524093,0.18836627907699718
microstructure_03815.npy,1235963786.5906093,0.19918425336771967
microstructure_04290.npy,1260342742.4293988,0.19886684652171838
microstructure_08593.npy,4134710521.4816275,0.18425555000650462
microstructure_07002.npy,4134528473.8920946,0.1772500823259273
microstructure_02494.npy,2693026169.2800756,0.16264174404490275
microstructure_01289.npy,1587798337.186453,0.17561286959989203
microstructure_09452.npy,1367453341.8502507,0.19314019437621524
microstructure_02703.npy,1853684556.3645995,0.18281191650689727
microstructure_07727.npy,3963683156.5268903,0.17952289406752833
microstructure_02735.npy,2426317476.997518,0.18930653500398859
microstructure_02196.npy,1363223558.7057786,0.20003275608812213
microstructure_02412.npy,1407990920.4153006,0.19864176821495821
microstructure_07145.npy,2356588975.7000976,0.18767997159393587
microstructure_07714.npy,1388893619.9692187,0.19772907008069537
microstructure_06695.npy,4343199241.275362,0.17648834592144166
microstructure_09380.npy,1917446782.7685964,0.18779785879553915
microstructure_04759.npy,1499206173.8185563,0.18554004410986874
microstructure_02339.npy,1517905130.9944532,0.19623560682494842
microstructure_09855.npy,1716671976.411277,0.2048935890326909
